ISO-10303-21;
HEADER;
FILE_DESCRIPTION(('Open CASCADE Model'),'2;1');
FILE_NAME('Open CASCADE Shape Model','2026-08-29T10:53:21',('Author'),(
    'Open CASCADE'),'Open CASCADE STEP processor 7.9','Open CASCADE 7.9'
  ,'Unknown');
FILE_SCHEMA(('AUTOMOTIVE_DESIGN { 1 0 10303 214 1 1 1 1 }'));
ENDSEC;
DATA;
#1 = APPLICATION_PROTOCOL_DEFINITION('international standard',
  'automotive_design',2000,#2);
#2 = APPLICATION_CONTEXT(
  'core data for automotive mechanical design processes');
#3 = SHAPE_DEFINITION_REPRESENTATION(#4,#10);
#4 = PRODUCT_DEFINITION_SHAPE('','',#5);
#5 = PRODUCT_DEFINITION('design','',#6,#9);
#6 = PRODUCT_DEFINITION_FORMATION('','',#7);
#7 = PRODUCT('Open CASCADE STEP translator 7.9 1',
  'Open CASCADE STEP translator 7.9 1','',(#8));
#8 = PRODUCT_CONTEXT('',#2,'mechanical');
#9 = PRODUCT_DEFINITION_CONTEXT('part definition',#2,'design');
#10 = SHAPE_REPRESENTATION('',(#11,#15,#19,#23,#27,#31,#35,#39,#43,#47,
    #51,#55,#59,#63,#67,#71,#75,#79,#83,#87,#91,#95,#99,#103,#107,#111,
    #115,#119,#123,#127,#131,#135,#139,#143,#147,#151,#155,#159,#163,
    #167,#171,#175,#179,#183,#187,#191,#195,#199,#203,#207,#211,#215,
    #219,#223,#227,#231,#235,#239),#243);
#11 = AXIS2_PLACEMENT_3D('',#12,#13,#14);
#12 = CARTESIAN_POINT('',(0.,0.,0.));
#13 = DIRECTION('',(0.,0.,1.));
#14 = DIRECTION('',(1.,0.,-0.));
#15 = AXIS2_PLACEMENT_3D('',#16,#17,#18);
#16 = CARTESIAN_POINT('',(0.,0.,0.));
#17 = DIRECTION('',(0.,0.,1.));
#18 = DIRECTION('',(1.,0.,-0.));
#19 = AXIS2_PLACEMENT_3D('',#20,#21,#22);
#20 = CARTESIAN_POINT('',(0.,0.,0.));
#21 = DIRECTION('',(0.,0.,1.));
#22 = DIRECTION('',(1.,0.,-0.));
#23 = AXIS2_PLACEMENT_3D('',#24,#25,#26);
#24 = CARTESIAN_POINT('',(0.,0.,0.));
#25 = DIRECTION('',(0.,0.,1.));
#26 = DIRECTION('',(1.,0.,-0.));
#27 = AXIS2_PLACEMENT_3D('',#28,#29,#30);
#28 = CARTESIAN_POINT('',(0.,0.,0.));
#29 = DIRECTION('',(0.,0.,1.));
#30 = DIRECTION('',(1.,0.,-0.));
#31 = AXIS2_PLACEMENT_3D('',#32,#33,#34);
#32 = CARTESIAN_POINT('',(0.,0.,0.));
#33 = DIRECTION('',(0.,0.,1.));
#34 = DIRECTION('',(1.,0.,-0.));
#35 = AXIS2_PLACEMENT_3D('',#36,#37,#38);
#36 = CARTESIAN_POINT('',(0.,0.,0.));
#37 = DIRECTION('',(0.,0.,1.));
#38 = DIRECTION('',(1.,0.,-0.));
#39 = AXIS2_PLACEMENT_3D('',#40,#41,#42);
#40 = CARTESIAN_POINT('',(0.,0.,0.));
#41 = DIRECTION('',(0.,0.,1.));
#42 = DIRECTION('',(1.,0.,-0.));
#43 = AXIS2_PLACEMENT_3D('',#44,#45,#46);
#44 = CARTESIAN_POINT('',(0.,0.,0.));
#45 = DIRECTION('',(0.,0.,1.));
#46 = DIRECTION('',(1.,0.,-0.));
#47 = AXIS2_PLACEMENT_3D('',#48,#49,#50);
#48 = CARTESIAN_POINT('',(0.,0.,0.));
#49 = DIRECTION('',(0.,0.,1.));
#50 = DIRECTION('',(1.,0.,-0.));
#51 = AXIS2_PLACEMENT_3D('',#52,#53,#54);
#52 = CARTESIAN_POINT('',(0.,0.,0.));
#53 = DIRECTION('',(0.,0.,1.));
#54 = DIRECTION('',(1.,0.,-0.));
#55 = AXIS2_PLACEMENT_3D('',#56,#57,#58);
#56 = CARTESIAN_POINT('',(0.,0.,0.));
#57 = DIRECTION('',(0.,0.,1.));
#58 = DIRECTION('',(1.,0.,-0.));
#59 = AXIS2_PLACEMENT_3D('',#60,#61,#62);
#60 = CARTESIAN_POINT('',(0.,0.,0.));
#61 = DIRECTION('',(0.,0.,1.));
#62 = DIRECTION('',(1.,0.,-0.));
#63 = AXIS2_PLACEMENT_3D('',#64,#65,#66);
#64 = CARTESIAN_POINT('',(0.,0.,0.));
#65 = DIRECTION('',(0.,0.,1.));
#66 = DIRECTION('',(1.,0.,-0.));
#67 = AXIS2_PLACEMENT_3D('',#68,#69,#70);
#68 = CARTESIAN_POINT('',(0.,0.,0.));
#69 = DIRECTION('',(0.,0.,1.));
#70 = DIRECTION('',(1.,0.,-0.));
#71 = AXIS2_PLACEMENT_3D('',#72,#73,#74);
#72 = CARTESIAN_POINT('',(0.,0.,0.));
#73 = DIRECTION('',(0.,0.,1.));
#74 = DIRECTION('',(1.,0.,-0.));
#75 = AXIS2_PLACEMENT_3D('',#76,#77,#78);
#76 = CARTESIAN_POINT('',(0.,0.,0.));
#77 = DIRECTION('',(0.,0.,1.));
#78 = DIRECTION('',(1.,0.,-0.));
#79 = AXIS2_PLACEMENT_3D('',#80,#81,#82);
#80 = CARTESIAN_POINT('',(0.,0.,0.));
#81 = DIRECTION('',(0.,0.,1.));
#82 = DIRECTION('',(1.,0.,-0.));
#83 = AXIS2_PLACEMENT_3D('',#84,#85,#86);
#84 = CARTESIAN_POINT('',(0.,0.,0.));
#85 = DIRECTION('',(0.,0.,1.));
#86 = DIRECTION('',(1.,0.,-0.));
#87 = AXIS2_PLACEMENT_3D('',#88,#89,#90);
#88 = CARTESIAN_POINT('',(0.,0.,0.));
#89 = DIRECTION('',(0.,0.,1.));
#90 = DIRECTION('',(1.,0.,-0.));
#91 = AXIS2_PLACEMENT_3D('',#92,#93,#94);
#92 = CARTESIAN_POINT('',(0.,0.,0.));
#93 = DIRECTION('',(0.,0.,1.));
#94 = DIRECTION('',(1.,0.,-0.));
#95 = AXIS2_PLACEMENT_3D('',#96,#97,#98);
#96 = CARTESIAN_POINT('',(0.,0.,0.));
#97 = DIRECTION('',(0.,0.,1.));
#98 = DIRECTION('',(1.,0.,-0.));
#99 = AXIS2_PLACEMENT_3D('',#100,#101,#102);
#100 = CARTESIAN_POINT('',(0.,0.,0.));
#101 = DIRECTION('',(0.,0.,1.));
#102 = DIRECTION('',(1.,0.,-0.));
#103 = AXIS2_PLACEMENT_3D('',#104,#105,#106);
#104 = CARTESIAN_POINT('',(0.,0.,0.));
#105 = DIRECTION('',(0.,0.,1.));
#106 = DIRECTION('',(1.,0.,-0.));
#107 = AXIS2_PLACEMENT_3D('',#108,#109,#110);
#108 = CARTESIAN_POINT('',(0.,0.,0.));
#109 = DIRECTION('',(0.,0.,1.));
#110 = DIRECTION('',(1.,0.,-0.));
#111 = AXIS2_PLACEMENT_3D('',#112,#113,#114);
#112 = CARTESIAN_POINT('',(0.,0.,0.));
#113 = DIRECTION('',(0.,0.,1.));
#114 = DIRECTION('',(1.,0.,-0.));
#115 = AXIS2_PLACEMENT_3D('',#116,#117,#118);
#116 = CARTESIAN_POINT('',(0.,0.,0.));
#117 = DIRECTION('',(0.,0.,1.));
#118 = DIRECTION('',(1.,0.,-0.));
#119 = AXIS2_PLACEMENT_3D('',#120,#121,#122);
#120 = CARTESIAN_POINT('',(0.,0.,0.));
#121 = DIRECTION('',(0.,0.,1.));
#122 = DIRECTION('',(1.,0.,-0.));
#123 = AXIS2_PLACEMENT_3D('',#124,#125,#126);
#124 = CARTESIAN_POINT('',(0.,0.,0.));
#125 = DIRECTION('',(0.,0.,1.));
#126 = DIRECTION('',(1.,0.,-0.));
#127 = AXIS2_PLACEMENT_3D('',#128,#129,#130);
#128 = CARTESIAN_POINT('',(0.,0.,0.));
#129 = DIRECTION('',(0.,0.,1.));
#130 = DIRECTION('',(1.,0.,-0.));
#131 = AXIS2_PLACEMENT_3D('',#132,#133,#134);
#132 = CARTESIAN_POINT('',(0.,0.,0.));
#133 = DIRECTION('',(0.,0.,1.));
#134 = DIRECTION('',(1.,0.,-0.));
#135 = AXIS2_PLACEMENT_3D('',#136,#137,#138);
#136 = CARTESIAN_POINT('',(0.,0.,0.));
#137 = DIRECTION('',(0.,0.,1.));
#138 = DIRECTION('',(1.,0.,-0.));
#139 = AXIS2_PLACEMENT_3D('',#140,#141,#142);
#140 = CARTESIAN_POINT('',(0.,0.,0.));
#141 = DIRECTION('',(0.,0.,1.));
#142 = DIRECTION('',(1.,0.,-0.));
#143 = AXIS2_PLACEMENT_3D('',#144,#145,#146);
#144 = CARTESIAN_POINT('',(0.,0.,0.));
#145 = DIRECTION('',(0.,0.,1.));
#146 = DIRECTION('',(1.,0.,-0.));
#147 = AXIS2_PLACEMENT_3D('',#148,#149,#150);
#148 = CARTESIAN_POINT('',(0.,0.,0.));
#149 = DIRECTION('',(0.,0.,1.));
#150 = DIRECTION('',(1.,0.,-0.));
#151 = AXIS2_PLACEMENT_3D('',#152,#153,#154);
#152 = CARTESIAN_POINT('',(0.,0.,0.));
#153 = DIRECTION('',(0.,0.,1.));
#154 = DIRECTION('',(1.,0.,-0.));
#155 = AXIS2_PLACEMENT_3D('',#156,#157,#158);
#156 = CARTESIAN_POINT('',(0.,0.,0.));
#157 = DIRECTION('',(0.,0.,1.));
#158 = DIRECTION('',(1.,0.,-0.));
#159 = AXIS2_PLACEMENT_3D('',#160,#161,#162);
#160 = CARTESIAN_POINT('',(0.,0.,0.));
#161 = DIRECTION('',(0.,0.,1.));
#162 = DIRECTION('',(1.,0.,-0.));
#163 = AXIS2_PLACEMENT_3D('',#164,#165,#166);
#164 = CARTESIAN_POINT('',(0.,0.,0.));
#165 = DIRECTION('',(0.,0.,1.));
#166 = DIRECTION('',(1.,0.,-0.));
#167 = AXIS2_PLACEMENT_3D('',#168,#169,#170);
#168 = CARTESIAN_POINT('',(0.,0.,0.));
#169 = DIRECTION('',(0.,0.,1.));
#170 = DIRECTION('',(1.,0.,-0.));
#171 = AXIS2_PLACEMENT_3D('',#172,#173,#174);
#172 = CARTESIAN_POINT('',(0.,0.,0.));
#173 = DIRECTION('',(0.,0.,1.));
#174 = DIRECTION('',(1.,0.,-0.));
#175 = AXIS2_PLACEMENT_3D('',#176,#177,#178);
#176 = CARTESIAN_POINT('',(0.,0.,0.));
#177 = DIRECTION('',(0.,0.,1.));
#178 = DIRECTION('',(1.,0.,-0.));
#179 = AXIS2_PLACEMENT_3D('',#180,#181,#182);
#180 = CARTESIAN_POINT('',(0.,0.,0.));
#181 = DIRECTION('',(0.,0.,1.));
#182 = DIRECTION('',(1.,0.,-0.));
#183 = AXIS2_PLACEMENT_3D('',#184,#185,#186);
#184 = CARTESIAN_POINT('',(0.,0.,0.));
#185 = DIRECTION('',(0.,0.,1.));
#186 = DIRECTION('',(1.,0.,-0.));
#187 = AXIS2_PLACEMENT_3D('',#188,#189,#190);
#188 = CARTESIAN_POINT('',(0.,0.,0.));
#189 = DIRECTION('',(0.,0.,1.));
#190 = DIRECTION('',(1.,0.,-0.));
#191 = AXIS2_PLACEMENT_3D('',#192,#193,#194);
#192 = CARTESIAN_POINT('',(0.,0.,0.));
#193 = DIRECTION('',(0.,0.,1.));
#194 = DIRECTION('',(1.,0.,-0.));
#195 = AXIS2_PLACEMENT_3D('',#196,#197,#198);
#196 = CARTESIAN_POINT('',(0.,0.,0.));
#197 = DIRECTION('',(0.,0.,1.));
#198 = DIRECTION('',(1.,0.,-0.));
#199 = AXIS2_PLACEMENT_3D('',#200,#201,#202);
#200 = CARTESIAN_POINT('',(0.,0.,0.));
#201 = DIRECTION('',(0.,0.,1.));
#202 = DIRECTION('',(1.,0.,-0.));
#203 = AXIS2_PLACEMENT_3D('',#204,#205,#206);
#204 = CARTESIAN_POINT('',(0.,0.,0.));
#205 = DIRECTION('',(0.,0.,1.));
#206 = DIRECTION('',(1.,0.,-0.));
#207 = AXIS2_PLACEMENT_3D('',#208,#209,#210);
#208 = CARTESIAN_POINT('',(0.,0.,0.));
#209 = DIRECTION('',(0.,0.,1.));
#210 = DIRECTION('',(1.,0.,-0.));
#211 = AXIS2_PLACEMENT_3D('',#212,#213,#214);
#212 = CARTESIAN_POINT('',(0.,0.,0.));
#213 = DIRECTION('',(0.,0.,1.));
#214 = DIRECTION('',(1.,0.,-0.));
#215 = AXIS2_PLACEMENT_3D('',#216,#217,#218);
#216 = CARTESIAN_POINT('',(0.,0.,0.));
#217 = DIRECTION('',(0.,0.,1.));
#218 = DIRECTION('',(1.,0.,-0.));
#219 = AXIS2_PLACEMENT_3D('',#220,#221,#222);
#220 = CARTESIAN_POINT('',(0.,0.,0.));
#221 = DIRECTION('',(0.,0.,1.));
#222 = DIRECTION('',(1.,0.,-0.));
#223 = AXIS2_PLACEMENT_3D('',#224,#225,#226);
#224 = CARTESIAN_POINT('',(0.,0.,0.));
#225 = DIRECTION('',(0.,0.,1.));
#226 = DIRECTION('',(1.,0.,-0.));
#227 = AXIS2_PLACEMENT_3D('',#228,#229,#230);
#228 = CARTESIAN_POINT('',(0.,0.,0.));
#229 = DIRECTION('',(0.,0.,1.));
#230 = DIRECTION('',(1.,0.,-0.));
#231 = AXIS2_PLACEMENT_3D('',#232,#233,#234);
#232 = CARTESIAN_POINT('',(0.,0.,0.));
#233 = DIRECTION('',(0.,0.,1.));
#234 = DIRECTION('',(1.,0.,-0.));
#235 = AXIS2_PLACEMENT_3D('',#236,#237,#238);
#236 = CARTESIAN_POINT('',(0.,0.,0.));
#237 = DIRECTION('',(0.,0.,1.));
#238 = DIRECTION('',(1.,0.,-0.));
#239 = AXIS2_PLACEMENT_3D('',#240,#241,#242);
#240 = CARTESIAN_POINT('',(0.,0.,0.));
#241 = DIRECTION('',(0.,0.,1.));
#242 = DIRECTION('',(1.,0.,-0.));
#243 = ( GEOMETRIC_REPRESENTATION_CONTEXT(3)
GLOBAL_UNCERTAINTY_ASSIGNED_CONTEXT((#247)) GLOBAL_UNIT_ASSIGNED_CONTEXT
((#244,#245,#246)) REPRESENTATION_CONTEXT('Context #1',
  '3D Context with UNIT and UNCERTAINTY') );
#244 = ( LENGTH_UNIT() NAMED_UNIT(*) SI_UNIT(.MILLI.,.METRE.) );
#245 = ( NAMED_UNIT(*) PLANE_ANGLE_UNIT() SI_UNIT($,.RADIAN.) );
#246 = ( NAMED_UNIT(*) SI_UNIT($,.STERADIAN.) SOLID_ANGLE_UNIT() );
#247 = UNCERTAINTY_MEASURE_WITH_UNIT(LENGTH_MEASURE(2.E-07),#244,
  'distance_accuracy_value','confusion accuracy');
#248 = PRODUCT_RELATED_PRODUCT_CATEGORY('part',$,(#7));
#249 = SHAPE_DEFINITION_REPRESENTATION(#250,#256);
#250 = PRODUCT_DEFINITION_SHAPE('','',#251);
#251 = PRODUCT_DEFINITION('design','',#252,#255);
#252 = PRODUCT_DEFINITION_FORMATION('','',#253);
#253 = PRODUCT('Open CASCADE STEP translator 7.9 1.1',
  'Open CASCADE STEP translator 7.9 1.1','',(#254));
#254 = PRODUCT_CONTEXT('',#2,'mechanical');
#255 = PRODUCT_DEFINITION_CONTEXT('part definition',#2,'design');
#256 = ADVANCED_BREP_SHAPE_REPRESENTATION('',(#11,#257),#856);
#257 = MANIFOLD_SOLID_BREP('',#258);
#258 = CLOSED_SHELL('',(#259,#518,#616,#666,#820,#848));
#259 = ADVANCED_FACE('',(#260),#275,.T.);
#260 = FACE_BOUND('',#261,.T.);
#261 = EDGE_LOOP('',(#262,#298,#327,#467,#496));
#262 = ORIENTED_EDGE('',*,*,#263,.F.);
#263 = EDGE_CURVE('',#264,#266,#268,.T.);
#264 = VERTEX_POINT('',#265);
#265 = CARTESIAN_POINT('',(0.,-28.56571371417,28.));
#266 = VERTEX_POINT('',#267);
#267 = CARTESIAN_POINT('',(2.449293598295E-15,-5.999039130647E-31,-40.)
  );
#268 = SURFACE_CURVE('',#269,(#274,#286),.PCURVE_S1.);
#269 = CIRCLE('',#270,40.);
#270 = AXIS2_PLACEMENT_3D('',#271,#272,#273);
#271 = CARTESIAN_POINT('',(0.,0.,0.));
#272 = DIRECTION('',(1.,0.,-0.));
#273 = DIRECTION('',(0.,0.,1.));
#274 = PCURVE('',#275,#280);
#275 = SPHERICAL_SURFACE('',#276,40.);
#276 = AXIS2_PLACEMENT_3D('',#277,#278,#279);
#277 = CARTESIAN_POINT('',(0.,0.,0.));
#278 = DIRECTION('',(0.,0.,1.));
#279 = DIRECTION('',(1.,0.,-0.));
#280 = DEFINITIONAL_REPRESENTATION('',(#281),#285);
#281 = LINE('',#282,#283);
#282 = CARTESIAN_POINT('',(4.712388980385,1.570796326795));
#283 = VECTOR('',#284,1.);
#284 = DIRECTION('',(0.,-1.));
#285 = ( GEOMETRIC_REPRESENTATION_CONTEXT(2)
PARAMETRIC_REPRESENTATION_CONTEXT() REPRESENTATION_CONTEXT('2D SPACE',''
  ) );
#286 = PCURVE('',#287,#292);
#287 = PLANE('',#288);
#288 = AXIS2_PLACEMENT_3D('',#289,#290,#291);
#289 = CARTESIAN_POINT('',(0.,-45.,-45.));
#290 = DIRECTION('',(1.,0.,-0.));
#291 = DIRECTION('',(0.,0.,1.));
#292 = DEFINITIONAL_REPRESENTATION('',(#293),#297);
#293 = CIRCLE('',#294,40.);
#294 = AXIS2_PLACEMENT_2D('',#295,#296);
#295 = CARTESIAN_POINT('',(45.,-45.));
#296 = DIRECTION('',(1.,0.));
#297 = ( GEOMETRIC_REPRESENTATION_CONTEXT(2)
PARAMETRIC_REPRESENTATION_CONTEXT() REPRESENTATION_CONTEXT('2D SPACE',''
  ) );
#298 = ORIENTED_EDGE('',*,*,#299,.F.);
#299 = EDGE_CURVE('',#300,#264,#302,.T.);
#300 = VERTEX_POINT('',#301);
#301 = CARTESIAN_POINT('',(-3.5,-28.35048500467,28.));
#302 = SURFACE_CURVE('',#303,(#308,#315),.PCURVE_S1.);
#303 = CIRCLE('',#304,28.565713714171);
#304 = AXIS2_PLACEMENT_3D('',#305,#306,#307);
#305 = CARTESIAN_POINT('',(0.,0.,28.));
#306 = DIRECTION('',(0.,0.,1.));
#307 = DIRECTION('',(1.,0.,-0.));
#308 = PCURVE('',#275,#309);
#309 = DEFINITIONAL_REPRESENTATION('',(#310),#314);
#310 = LINE('',#311,#312);
#311 = CARTESIAN_POINT('',(0.,0.775397496611));
#312 = VECTOR('',#313,1.);
#313 = DIRECTION('',(1.,0.));
#314 = ( GEOMETRIC_REPRESENTATION_CONTEXT(2)
PARAMETRIC_REPRESENTATION_CONTEXT() REPRESENTATION_CONTEXT('2D SPACE',''
  ) );
#315 = PCURVE('',#316,#321);
#316 = PLANE('',#317);
#317 = AXIS2_PLACEMENT_3D('',#318,#319,#320);
#318 = CARTESIAN_POINT('',(-3.5,-45.,28.));
#319 = DIRECTION('',(0.,0.,1.));
#320 = DIRECTION('',(1.,0.,-0.));
#321 = DEFINITIONAL_REPRESENTATION('',(#322),#326);
#322 = CIRCLE('',#323,28.565713714171);
#323 = AXIS2_PLACEMENT_2D('',#324,#325);
#324 = CARTESIAN_POINT('',(3.5,45.));
#325 = DIRECTION('',(1.,0.));
#326 = ( GEOMETRIC_REPRESENTATION_CONTEXT(2)
PARAMETRIC_REPRESENTATION_CONTEXT() REPRESENTATION_CONTEXT('2D SPACE',''
  ) );
#327 = ORIENTED_EDGE('',*,*,#328,.F.);
#328 = EDGE_CURVE('',#329,#300,#331,.T.);
#329 = VERTEX_POINT('',#330);
#330 = CARTESIAN_POINT('',(-3.5,28.35048500467,28.));
#331 = SURFACE_CURVE('',#332,(#337,#455),.PCURVE_S1.);
#332 = CIRCLE('',#333,39.846580781794);
#333 = AXIS2_PLACEMENT_3D('',#334,#335,#336);
#334 = CARTESIAN_POINT('',(-3.5,0.,0.));
#335 = DIRECTION('',(1.,0.,-0.));
#336 = DIRECTION('',(0.,0.,1.));
#337 = PCURVE('',#275,#338);
#338 = DEFINITIONAL_REPRESENTATION('',(#339),#454);
#339 = B_SPLINE_CURVE_WITH_KNOTS('',8,(#340,#341,#342,#343,#344,#345,
    #346,#347,#348,#349,#350,#351,#352,#353,#354,#355,#356,#357,#358,
    #359,#360,#361,#362,#363,#364,#365,#366,#367,#368,#369,#370,#371,
    #372,#373,#374,#375,#376,#377,#378,#379,#380,#381,#382,#383,#384,
    #385,#386,#387,#388,#389,#390,#391,#392,#393,#394,#395,#396,#397,
    #398,#399,#400,#401,#402,#403,#404,#405,#406,#407,#408,#409,#410,
    #411,#412,#413,#414,#415,#416,#417,#418,#419,#420,#421,#422,#423,
    #424,#425,#426,#427,#428,#429,#430,#431,#432,#433,#434,#435,#436,
    #437,#438,#439,#440,#441,#442,#443,#444,#445,#446,#447,#448,#449,
    #450,#451,#452,#453),.UNSPECIFIED.,.F.,.F.,(9,7,7,7,7,7,7,7,7,7,7,7,
    7,7,7,7,9),(5.491567490389,5.689471944587,5.86263834201,
    6.014158939755,6.080449201268,6.142596321437,6.200859246595,
    6.255480738931,6.281084563464,6.30588826848,6.353945446948,
    6.398999051762,6.483474560788,6.631306701583,6.74218080718,
    6.908491965575,7.07480312397),.UNSPECIFIED.);
#340 = CARTESIAN_POINT('',(1.693629485348,0.775397496611));
#341 = CARTESIAN_POINT('',(1.696600477461,0.799949164203));
#342 = CARTESIAN_POINT('',(1.699819936773,0.824490540443));
#343 = CARTESIAN_POINT('',(1.70331715017,0.84902028944));
#344 = CARTESIAN_POINT('',(1.70712712412,0.873536823301));
#345 = CARTESIAN_POINT('',(1.711292697096,0.898038206681));
#346 = CARTESIAN_POINT('',(1.715866740096,0.922522058519));
#347 = CARTESIAN_POINT('',(1.720916576982,0.946985352635));
#348 = CARTESIAN_POINT('',(1.731446913295,0.992807851842));
#349 = CARTESIAN_POINT('',(1.736794658366,1.014172829991));
#350 = CARTESIAN_POINT('',(1.74263682652,1.035516218051));
#351 = CARTESIAN_POINT('',(1.749047413506,1.056834691546));
#352 = CARTESIAN_POINT('',(1.756119899346,1.078124042589));
#353 = CARTESIAN_POINT('',(1.763972764824,1.099378934005));
#354 = CARTESIAN_POINT('',(1.77276287184,1.120592281622));
#355 = CARTESIAN_POINT('',(1.791423821788,1.160270212211));
#356 = CARTESIAN_POINT('',(1.801022263841,1.178746930084));
#357 = CARTESIAN_POINT('',(1.811661537175,1.197177140472));
#358 = CARTESIAN_POINT('',(1.823533683579,1.215552063522));
#359 = CARTESIAN_POINT('',(1.836885893143,1.2338603928));
#360 = CARTESIAN_POINT('',(1.852054627417,1.252086534063));
#361 = CARTESIAN_POINT('',(1.869501974392,1.270209057977));
#362 = CARTESIAN_POINT('',(1.898922876357,1.296060360188));
#363 = CARTESIAN_POINT('',(1.908455015848,1.303901538383));
#364 = CARTESIAN_POINT('',(1.918627044558,1.311713151466));
#365 = CARTESIAN_POINT('',(1.929511436623,1.319491705346));
#366 = CARTESIAN_POINT('',(1.941193165488,1.327233077458));
#367 = CARTESIAN_POINT('',(1.953773363161,1.334932312133));
#368 = CARTESIAN_POINT('',(1.967374676277,1.342583301405));
#369 = CARTESIAN_POINT('',(1.995998608988,1.357298710465));
#370 = CARTESIAN_POINT('',(2.010879297766,1.364369902414));
#371 = CARTESIAN_POINT('',(2.026915018711,1.371385577018));
#372 = CARTESIAN_POINT('',(2.04425296478,1.378338139309));
#373 = CARTESIAN_POINT('',(2.063067873378,1.385218370341));
#374 = CARTESIAN_POINT('',(2.083570221408,1.392014928593));
#375 = CARTESIAN_POINT('',(2.106016232746,1.398713537909));
#376 = CARTESIAN_POINT('',(2.153876488893,1.411466414983));
#377 = CARTESIAN_POINT('',(2.17901752486,1.417534787943));
#378 = CARTESIAN_POINT('',(2.206398768554,1.423485513747));
#379 = CARTESIAN_POINT('',(2.236320495258,1.429300050231));
#380 = CARTESIAN_POINT('',(2.269133282208,1.43495554531));
#381 = CARTESIAN_POINT('',(2.305240139149,1.440423715155));
#382 = CARTESIAN_POINT('',(2.345096396843,1.445668660325));
#383 = CARTESIAN_POINT('',(2.430416415562,1.455312330062));
#384 = CARTESIAN_POINT('',(2.475374051673,1.459743452448));
#385 = CARTESIAN_POINT('',(2.52435980821,1.463902901543));
#386 = CARTESIAN_POINT('',(2.577710759109,1.467747518991));
#387 = CARTESIAN_POINT('',(2.635682207056,1.471227563116));
#388 = CARTESIAN_POINT('',(2.698366575569,1.474285969128));
#389 = CARTESIAN_POINT('',(2.765423616284,1.47686543523));
#390 = CARTESIAN_POINT('',(2.869224086158,1.479881572262));
#391 = CARTESIAN_POINT('',(2.903146350389,1.480728608409));
#392 = CARTESIAN_POINT('',(2.937785050513,1.481455241104));
#393 = CARTESIAN_POINT('',(2.973042182735,1.482057116031));
#394 = CARTESIAN_POINT('',(3.008799518468,1.48253059087));
#395 = CARTESIAN_POINT('',(3.04492220836,1.482872965846));
#396 = CARTESIAN_POINT('',(3.081265121877,1.483082647151));
#397 = CARTESIAN_POINT('',(3.152958516041,1.483233299887));
#398 = CARTESIAN_POINT('',(3.188304509359,1.4831824637));
#399 = CARTESIAN_POINT('',(3.22358473328,1.48300623851));
#400 = CARTESIAN_POINT('',(3.258662847432,1.482705194862));
#401 = CARTESIAN_POINT('',(3.293406907151,1.482280930536));
#402 = CARTESIAN_POINT('',(3.327695870261,1.481735981503));
#403 = CARTESIAN_POINT('',(3.361424305076,1.481073657287));
#404 = CARTESIAN_POINT('',(3.458594937465,1.478794719799));
#405 = CARTESIAN_POINT('',(3.520249638766,1.47686558292));
#406 = CARTESIAN_POINT('',(3.578824334958,1.474538731074));
#407 = CARTESIAN_POINT('',(3.633913392299,1.471850731207));
#408 = CARTESIAN_POINT('',(3.68540279236,1.468841127917));
#409 = CARTESIAN_POINT('',(3.733353981263,1.465546910344));
#410 = CARTESIAN_POINT('',(3.777924785889,1.46200167053));
#411 = CARTESIAN_POINT('',(3.858132796145,1.454703808287));
#412 = CARTESIAN_POINT('',(3.894154228794,1.450977995845));
#413 = CARTESIAN_POINT('',(3.927557450556,1.447082020846));
#414 = CARTESIAN_POINT('',(3.958550853405,1.443037259366));
#415 = CARTESIAN_POINT('',(3.987345093221,1.438861897744));
#416 = CARTESIAN_POINT('',(4.014138491934,1.434571329058));
#417 = CARTESIAN_POINT('',(4.039113671674,1.430178701761));
#418 = CARTESIAN_POINT('',(4.106164809893,1.417288739319));
#419 = CARTESIAN_POINT('',(4.144082296495,1.408562892411));
#420 = CARTESIAN_POINT('',(4.177277955981,1.399591717258));
#421 = CARTESIAN_POINT('',(4.206625614421,1.390425659672));
#422 = CARTESIAN_POINT('',(4.232772899695,1.381100975405));
#423 = CARTESIAN_POINT('',(4.256234079525,1.371645020061));
#424 = CARTESIAN_POINT('',(4.277411282232,1.362078811426));
#425 = CARTESIAN_POINT('',(4.330260923022,1.335514147833));
#426 = CARTESIAN_POINT('',(4.357892501669,1.31832250383));
#427 = CARTESIAN_POINT('',(4.381262574698,1.300932790865));
#428 = CARTESIAN_POINT('',(4.401367037382,1.28339220041));
#429 = CARTESIAN_POINT('',(4.418899616923,1.265734151285));
#430 = CARTESIAN_POINT('',(4.434348513599,1.247981255383));
#431 = CARTESIAN_POINT('',(4.448080974236,1.230150696449));
#432 = CARTESIAN_POINT('',(4.469599056886,1.198833894809));
#433 = CARTESIAN_POINT('',(4.478013131953,1.185375985834));
#434 = CARTESIAN_POINT('',(4.485737472465,1.17188711493));
#435 = CARTESIAN_POINT('',(4.492863309468,1.158371462215));
#436 = CARTESIAN_POINT('',(4.499463961199,1.144832372073));
#437 = CARTESIAN_POINT('',(4.505599843936,1.13127259244));
#438 = CARTESIAN_POINT('',(4.511321268329,1.117694404488));
#439 = CARTESIAN_POINT('',(4.524695291897,1.083707739685));
#440 = CARTESIAN_POINT('',(4.531883125444,1.06327866548));
#441 = CARTESIAN_POINT('',(4.53837813743,1.042819022485));
#442 = CARTESIAN_POINT('',(4.544285132562,1.022333532115));
#443 = CARTESIAN_POINT('',(4.549685412117,1.001825850751));
#444 = CARTESIAN_POINT('',(4.55464429307,0.981298914809));
#445 = CARTESIAN_POINT('',(4.559214663749,0.960755100376));
#446 = CARTESIAN_POINT('',(4.567666424913,0.919637673577));
#447 = CARTESIAN_POINT('',(4.571547820151,0.899064061405));
#448 = CARTESIAN_POINT('',(4.575128617,0.878477523678));
#449 = CARTESIAN_POINT('',(4.578443808949,0.857879635269));
#450 = CARTESIAN_POINT('',(4.581521946611,0.837271683581));
#451 = CARTESIAN_POINT('',(4.584386926261,0.81665474933));
#452 = CARTESIAN_POINT('',(4.587059116329,0.796029757235));
#453 = CARTESIAN_POINT('',(4.589555821831,0.775397496611));
#454 = ( GEOMETRIC_REPRESENTATION_CONTEXT(2)
PARAMETRIC_REPRESENTATION_CONTEXT() REPRESENTATION_CONTEXT('2D SPACE',''
  ) );
#455 = PCURVE('',#456,#461);
#456 = PLANE('',#457);
#457 = AXIS2_PLACEMENT_3D('',#458,#459,#460);
#458 = CARTESIAN_POINT('',(-3.5,-45.,28.));
#459 = DIRECTION('',(1.,0.,-0.));
#460 = DIRECTION('',(0.,0.,1.));
#461 = DEFINITIONAL_REPRESENTATION('',(#462),#466);
#462 = CIRCLE('',#463,39.846580781794);
#463 = AXIS2_PLACEMENT_2D('',#464,#465);
#464 = CARTESIAN_POINT('',(-28.,-45.));
#465 = DIRECTION('',(1.,0.));
#466 = ( GEOMETRIC_REPRESENTATION_CONTEXT(2)
PARAMETRIC_REPRESENTATION_CONTEXT() REPRESENTATION_CONTEXT('2D SPACE',''
  ) );
#467 = ORIENTED_EDGE('',*,*,#468,.F.);
#468 = EDGE_CURVE('',#469,#329,#471,.T.);
#469 = VERTEX_POINT('',#470);
#470 = CARTESIAN_POINT('',(0.,28.565713714171,28.));
#471 = SURFACE_CURVE('',#472,(#477,#484),.PCURVE_S1.);
#472 = CIRCLE('',#473,28.565713714171);
#473 = AXIS2_PLACEMENT_3D('',#474,#475,#476);
#474 = CARTESIAN_POINT('',(0.,0.,28.));
#475 = DIRECTION('',(0.,0.,1.));
#476 = DIRECTION('',(1.,0.,-0.));
#477 = PCURVE('',#275,#478);
#478 = DEFINITIONAL_REPRESENTATION('',(#479),#483);
#479 = LINE('',#480,#481);
#480 = CARTESIAN_POINT('',(0.,0.775397496611));
#481 = VECTOR('',#482,1.);
#482 = DIRECTION('',(1.,0.));
#483 = ( GEOMETRIC_REPRESENTATION_CONTEXT(2)
PARAMETRIC_REPRESENTATION_CONTEXT() REPRESENTATION_CONTEXT('2D SPACE',''
  ) );
#484 = PCURVE('',#485,#490);
#485 = PLANE('',#486);
#486 = AXIS2_PLACEMENT_3D('',#487,#488,#489);
#487 = CARTESIAN_POINT('',(-3.5,-45.,28.));
#488 = DIRECTION('',(0.,0.,1.));
#489 = DIRECTION('',(1.,0.,-0.));
#490 = DEFINITIONAL_REPRESENTATION('',(#491),#495);
#491 = CIRCLE('',#492,28.565713714171);
#492 = AXIS2_PLACEMENT_2D('',#493,#494);
#493 = CARTESIAN_POINT('',(3.5,45.));
#494 = DIRECTION('',(1.,0.));
#495 = ( GEOMETRIC_REPRESENTATION_CONTEXT(2)
PARAMETRIC_REPRESENTATION_CONTEXT() REPRESENTATION_CONTEXT('2D SPACE',''
  ) );
#496 = ORIENTED_EDGE('',*,*,#497,.F.);
#497 = EDGE_CURVE('',#266,#469,#498,.T.);
#498 = SURFACE_CURVE('',#499,(#504,#511),.PCURVE_S1.);
#499 = CIRCLE('',#500,40.);
#500 = AXIS2_PLACEMENT_3D('',#501,#502,#503);
#501 = CARTESIAN_POINT('',(0.,0.,0.));
#502 = DIRECTION('',(1.,0.,-0.));
#503 = DIRECTION('',(0.,0.,1.));
#504 = PCURVE('',#275,#505);
#505 = DEFINITIONAL_REPRESENTATION('',(#506),#510);
#506 = LINE('',#507,#508);
#507 = CARTESIAN_POINT('',(1.570796326795,-4.712388980385));
#508 = VECTOR('',#509,1.);
#509 = DIRECTION('',(-0.,1.));
#510 = ( GEOMETRIC_REPRESENTATION_CONTEXT(2)
PARAMETRIC_REPRESENTATION_CONTEXT() REPRESENTATION_CONTEXT('2D SPACE',''
  ) );
#511 = PCURVE('',#287,#512);
#512 = DEFINITIONAL_REPRESENTATION('',(#513),#517);
#513 = CIRCLE('',#514,40.);
#514 = AXIS2_PLACEMENT_2D('',#515,#516);
#515 = CARTESIAN_POINT('',(45.,-45.));
#516 = DIRECTION('',(1.,0.));
#517 = ( GEOMETRIC_REPRESENTATION_CONTEXT(2)
PARAMETRIC_REPRESENTATION_CONTEXT() REPRESENTATION_CONTEXT('2D SPACE',''
  ) );
#518 = ADVANCED_FACE('',(#519),#287,.T.);
#519 = FACE_BOUND('',#520,.T.);
#520 = EDGE_LOOP('',(#521,#522,#523,#544,#573,#597));
#521 = ORIENTED_EDGE('',*,*,#263,.T.);
#522 = ORIENTED_EDGE('',*,*,#497,.T.);
#523 = ORIENTED_EDGE('',*,*,#524,.T.);
#524 = EDGE_CURVE('',#469,#525,#527,.T.);
#525 = VERTEX_POINT('',#526);
#526 = CARTESIAN_POINT('',(0.,27.003888608865,28.));
#527 = SURFACE_CURVE('',#528,(#532,#538),.PCURVE_S1.);
#528 = LINE('',#529,#530);
#529 = CARTESIAN_POINT('',(0.,-45.,28.));
#530 = VECTOR('',#531,1.);
#531 = DIRECTION('',(0.,-1.,0.));
#532 = PCURVE('',#287,#533);
#533 = DEFINITIONAL_REPRESENTATION('',(#534),#537);
#534 = B_SPLINE_CURVE_WITH_KNOTS('',1,(#535,#536),.UNSPECIFIED.,.F.,.F.,
  (2,2),(-85.,-5.),.PIECEWISE_BEZIER_KNOTS.);
#535 = CARTESIAN_POINT('',(73.,-85.));
#536 = CARTESIAN_POINT('',(73.,-5.));
#537 = ( GEOMETRIC_REPRESENTATION_CONTEXT(2)
PARAMETRIC_REPRESENTATION_CONTEXT() REPRESENTATION_CONTEXT('2D SPACE',''
  ) );
#538 = PCURVE('',#485,#539);
#539 = DEFINITIONAL_REPRESENTATION('',(#540),#543);
#540 = B_SPLINE_CURVE_WITH_KNOTS('',1,(#541,#542),.UNSPECIFIED.,.F.,.F.,
  (2,2),(-85.,-5.),.PIECEWISE_BEZIER_KNOTS.);
#541 = CARTESIAN_POINT('',(3.5,85.));
#542 = CARTESIAN_POINT('',(3.5,5.));
#543 = ( GEOMETRIC_REPRESENTATION_CONTEXT(2)
PARAMETRIC_REPRESENTATION_CONTEXT() REPRESENTATION_CONTEXT('2D SPACE',''
  ) );
#544 = ORIENTED_EDGE('',*,*,#545,.F.);
#545 = EDGE_CURVE('',#546,#525,#548,.T.);
#546 = VERTEX_POINT('',#547);
#547 = CARTESIAN_POINT('',(2.381938024342E-15,-5.834065554555E-31,-38.9)
  );
#548 = SURFACE_CURVE('',#549,(#554,#561),.PCURVE_S1.);
#549 = CIRCLE('',#550,38.9);
#550 = AXIS2_PLACEMENT_3D('',#551,#552,#553);
#551 = CARTESIAN_POINT('',(0.,0.,0.));
#552 = DIRECTION('',(1.,0.,-0.));
#553 = DIRECTION('',(0.,0.,1.));
#554 = PCURVE('',#287,#555);
#555 = DEFINITIONAL_REPRESENTATION('',(#556),#560);
#556 = CIRCLE('',#557,38.9);
#557 = AXIS2_PLACEMENT_2D('',#558,#559);
#558 = CARTESIAN_POINT('',(45.,-45.));
#559 = DIRECTION('',(1.,0.));
#560 = ( GEOMETRIC_REPRESENTATION_CONTEXT(2)
PARAMETRIC_REPRESENTATION_CONTEXT() REPRESENTATION_CONTEXT('2D SPACE',''
  ) );
#561 = PCURVE('',#562,#567);
#562 = SPHERICAL_SURFACE('',#563,38.9);
#563 = AXIS2_PLACEMENT_3D('',#564,#565,#566);
#564 = CARTESIAN_POINT('',(0.,0.,0.));
#565 = DIRECTION('',(0.,0.,1.));
#566 = DIRECTION('',(1.,0.,-0.));
#567 = DEFINITIONAL_REPRESENTATION('',(#568),#572);
#568 = LINE('',#569,#570);
#569 = CARTESIAN_POINT('',(1.570796326795,-4.712388980385));
#570 = VECTOR('',#571,1.);
#571 = DIRECTION('',(-0.,1.));
#572 = ( GEOMETRIC_REPRESENTATION_CONTEXT(2)
PARAMETRIC_REPRESENTATION_CONTEXT() REPRESENTATION_CONTEXT('2D SPACE',''
  ) );
#573 = ORIENTED_EDGE('',*,*,#574,.F.);
#574 = EDGE_CURVE('',#575,#546,#577,.T.);
#575 = VERTEX_POINT('',#576);
#576 = CARTESIAN_POINT('',(0.,-27.00388860886,28.));
#577 = SURFACE_CURVE('',#578,(#583,#590),.PCURVE_S1.);
#578 = CIRCLE('',#579,38.9);
#579 = AXIS2_PLACEMENT_3D('',#580,#581,#582);
#580 = CARTESIAN_POINT('',(0.,0.,0.));
#581 = DIRECTION('',(1.,0.,-0.));
#582 = DIRECTION('',(0.,0.,1.));
#583 = PCURVE('',#287,#584);
#584 = DEFINITIONAL_REPRESENTATION('',(#585),#589);
#585 = CIRCLE('',#586,38.9);
#586 = AXIS2_PLACEMENT_2D('',#587,#588);
#587 = CARTESIAN_POINT('',(45.,-45.));
#588 = DIRECTION('',(1.,0.));
#589 = ( GEOMETRIC_REPRESENTATION_CONTEXT(2)
PARAMETRIC_REPRESENTATION_CONTEXT() REPRESENTATION_CONTEXT('2D SPACE',''
  ) );
#590 = PCURVE('',#562,#591);
#591 = DEFINITIONAL_REPRESENTATION('',(#592),#596);
#592 = LINE('',#593,#594);
#593 = CARTESIAN_POINT('',(4.712388980385,1.570796326795));
#594 = VECTOR('',#595,1.);
#595 = DIRECTION('',(0.,-1.));
#596 = ( GEOMETRIC_REPRESENTATION_CONTEXT(2)
PARAMETRIC_REPRESENTATION_CONTEXT() REPRESENTATION_CONTEXT('2D SPACE',''
  ) );
#597 = ORIENTED_EDGE('',*,*,#598,.T.);
#598 = EDGE_CURVE('',#575,#264,#599,.T.);
#599 = SURFACE_CURVE('',#600,(#604,#610),.PCURVE_S1.);
#600 = LINE('',#601,#602);
#601 = CARTESIAN_POINT('',(0.,-45.,28.));
#602 = VECTOR('',#603,1.);
#603 = DIRECTION('',(0.,-1.,0.));
#604 = PCURVE('',#287,#605);
#605 = DEFINITIONAL_REPRESENTATION('',(#606),#609);
#606 = B_SPLINE_CURVE_WITH_KNOTS('',1,(#607,#608),.UNSPECIFIED.,.F.,.F.,
  (2,2),(-85.,-5.),.PIECEWISE_BEZIER_KNOTS.);
#607 = CARTESIAN_POINT('',(73.,-85.));
#608 = CARTESIAN_POINT('',(73.,-5.));
#609 = ( GEOMETRIC_REPRESENTATION_CONTEXT(2)
PARAMETRIC_REPRESENTATION_CONTEXT() REPRESENTATION_CONTEXT('2D SPACE',''
  ) );
#610 = PCURVE('',#316,#611);
#611 = DEFINITIONAL_REPRESENTATION('',(#612),#615);
#612 = B_SPLINE_CURVE_WITH_KNOTS('',1,(#613,#614),.UNSPECIFIED.,.F.,.F.,
  (2,2),(-85.,-5.),.PIECEWISE_BEZIER_KNOTS.);
#613 = CARTESIAN_POINT('',(3.5,85.));
#614 = CARTESIAN_POINT('',(3.5,5.));
#615 = ( GEOMETRIC_REPRESENTATION_CONTEXT(2)
PARAMETRIC_REPRESENTATION_CONTEXT() REPRESENTATION_CONTEXT('2D SPACE',''
  ) );
#616 = ADVANCED_FACE('',(#617),#485,.T.);
#617 = FACE_BOUND('',#618,.T.);
#618 = EDGE_LOOP('',(#619,#642,#664,#665));
#619 = ORIENTED_EDGE('',*,*,#620,.F.);
#620 = EDGE_CURVE('',#621,#329,#623,.T.);
#621 = VERTEX_POINT('',#622);
#622 = CARTESIAN_POINT('',(-3.5,26.776108753887,28.));
#623 = SURFACE_CURVE('',#624,(#628,#635),.PCURVE_S1.);
#624 = LINE('',#625,#626);
#625 = CARTESIAN_POINT('',(-3.5,-45.,28.));
#626 = VECTOR('',#627,1.);
#627 = DIRECTION('',(-0.,1.,0.));
#628 = PCURVE('',#485,#629);
#629 = DEFINITIONAL_REPRESENTATION('',(#630),#634);
#630 = LINE('',#631,#632);
#631 = CARTESIAN_POINT('',(0.,0.));
#632 = VECTOR('',#633,1.);
#633 = DIRECTION('',(0.,1.));
#634 = ( GEOMETRIC_REPRESENTATION_CONTEXT(2)
PARAMETRIC_REPRESENTATION_CONTEXT() REPRESENTATION_CONTEXT('2D SPACE',''
  ) );
#635 = PCURVE('',#456,#636);
#636 = DEFINITIONAL_REPRESENTATION('',(#637),#641);
#637 = LINE('',#638,#639);
#638 = CARTESIAN_POINT('',(0.,0.));
#639 = VECTOR('',#640,1.);
#640 = DIRECTION('',(0.,-1.));
#641 = ( GEOMETRIC_REPRESENTATION_CONTEXT(2)
PARAMETRIC_REPRESENTATION_CONTEXT() REPRESENTATION_CONTEXT('2D SPACE',''
  ) );
#642 = ORIENTED_EDGE('',*,*,#643,.F.);
#643 = EDGE_CURVE('',#525,#621,#644,.T.);
#644 = SURFACE_CURVE('',#645,(#650,#657),.PCURVE_S1.);
#645 = CIRCLE('',#646,27.003888608865);
#646 = AXIS2_PLACEMENT_3D('',#647,#648,#649);
#647 = CARTESIAN_POINT('',(0.,0.,28.));
#648 = DIRECTION('',(0.,0.,1.));
#649 = DIRECTION('',(1.,0.,-0.));
#650 = PCURVE('',#485,#651);
#651 = DEFINITIONAL_REPRESENTATION('',(#652),#656);
#652 = CIRCLE('',#653,27.003888608865);
#653 = AXIS2_PLACEMENT_2D('',#654,#655);
#654 = CARTESIAN_POINT('',(3.5,45.));
#655 = DIRECTION('',(1.,0.));
#656 = ( GEOMETRIC_REPRESENTATION_CONTEXT(2)
PARAMETRIC_REPRESENTATION_CONTEXT() REPRESENTATION_CONTEXT('2D SPACE',''
  ) );
#657 = PCURVE('',#562,#658);
#658 = DEFINITIONAL_REPRESENTATION('',(#659),#663);
#659 = LINE('',#660,#661);
#660 = CARTESIAN_POINT('',(0.,0.803506019784));
#661 = VECTOR('',#662,1.);
#662 = DIRECTION('',(1.,0.));
#663 = ( GEOMETRIC_REPRESENTATION_CONTEXT(2)
PARAMETRIC_REPRESENTATION_CONTEXT() REPRESENTATION_CONTEXT('2D SPACE',''
  ) );
#664 = ORIENTED_EDGE('',*,*,#524,.F.);
#665 = ORIENTED_EDGE('',*,*,#468,.T.);
#666 = ADVANCED_FACE('',(#667),#456,.T.);
#667 = FACE_BOUND('',#668,.T.);
#668 = EDGE_LOOP('',(#669,#670,#693,#819));
#669 = ORIENTED_EDGE('',*,*,#328,.T.);
#670 = ORIENTED_EDGE('',*,*,#671,.T.);
#671 = EDGE_CURVE('',#300,#672,#674,.T.);
#672 = VERTEX_POINT('',#673);
#673 = CARTESIAN_POINT('',(-3.5,-26.77610875388,28.));
#674 = SURFACE_CURVE('',#675,(#679,#686),.PCURVE_S1.);
#675 = LINE('',#676,#677);
#676 = CARTESIAN_POINT('',(-3.5,-45.,28.));
#677 = VECTOR('',#678,1.);
#678 = DIRECTION('',(-0.,1.,0.));
#679 = PCURVE('',#456,#680);
#680 = DEFINITIONAL_REPRESENTATION('',(#681),#685);
#681 = LINE('',#682,#683);
#682 = CARTESIAN_POINT('',(0.,0.));
#683 = VECTOR('',#684,1.);
#684 = DIRECTION('',(0.,-1.));
#685 = ( GEOMETRIC_REPRESENTATION_CONTEXT(2)
PARAMETRIC_REPRESENTATION_CONTEXT() REPRESENTATION_CONTEXT('2D SPACE',''
  ) );
#686 = PCURVE('',#316,#687);
#687 = DEFINITIONAL_REPRESENTATION('',(#688),#692);
#688 = LINE('',#689,#690);
#689 = CARTESIAN_POINT('',(0.,0.));
#690 = VECTOR('',#691,1.);
#691 = DIRECTION('',(0.,1.));
#692 = ( GEOMETRIC_REPRESENTATION_CONTEXT(2)
PARAMETRIC_REPRESENTATION_CONTEXT() REPRESENTATION_CONTEXT('2D SPACE',''
  ) );
#693 = ORIENTED_EDGE('',*,*,#694,.F.);
#694 = EDGE_CURVE('',#621,#672,#695,.T.);
#695 = SURFACE_CURVE('',#696,(#701,#708),.PCURVE_S1.);
#696 = CIRCLE('',#697,38.742225026449);
#697 = AXIS2_PLACEMENT_3D('',#698,#699,#700);
#698 = CARTESIAN_POINT('',(-3.5,0.,0.));
#699 = DIRECTION('',(1.,0.,-0.));
#700 = DIRECTION('',(0.,0.,1.));
#701 = PCURVE('',#456,#702);
#702 = DEFINITIONAL_REPRESENTATION('',(#703),#707);
#703 = CIRCLE('',#704,38.742225026449);
#704 = AXIS2_PLACEMENT_2D('',#705,#706);
#705 = CARTESIAN_POINT('',(-28.,-45.));
#706 = DIRECTION('',(1.,0.));
#707 = ( GEOMETRIC_REPRESENTATION_CONTEXT(2)
PARAMETRIC_REPRESENTATION_CONTEXT() REPRESENTATION_CONTEXT('2D SPACE',''
  ) );
#708 = PCURVE('',#562,#709);
#709 = DEFINITIONAL_REPRESENTATION('',(#710),#818);
#710 = B_SPLINE_CURVE_WITH_KNOTS('',8,(#711,#712,#713,#714,#715,#716,
    #717,#718,#719,#720,#721,#722,#723,#724,#725,#726,#727,#728,#729,
    #730,#731,#732,#733,#734,#735,#736,#737,#738,#739,#740,#741,#742,
    #743,#744,#745,#746,#747,#748,#749,#750,#751,#752,#753,#754,#755,
    #756,#757,#758,#759,#760,#761,#762,#763,#764,#765,#766,#767,#768,
    #769,#770,#771,#772,#773,#774,#775,#776,#777,#778,#779,#780,#781,
    #782,#783,#784,#785,#786,#787,#788,#789,#790,#791,#792,#793,#794,
    #795,#796,#797,#798,#799,#800,#801,#802,#803,#804,#805,#806,#807,
    #808,#809,#810,#811,#812,#813,#814,#815,#816,#817),.UNSPECIFIED.,.F.
  ,.F.,(9,7,7,7,7,7,7,7,7,7,7,7,7,7,7,9),(5.520126949693,5.710891539065,
    5.877810554765,6.023864693503,6.0877633792,6.147668397042,
    6.203829351268,6.256480245856,6.281160352694,6.328978059692,
    6.373807160003,6.415834441544,6.494635594434,6.632537611992,
    6.839390638329,7.046243664666),.UNSPECIFIED.);
#711 = CARTESIAN_POINT('',(1.70077294968,0.803506019784));
#712 = CARTESIAN_POINT('',(1.703977604334,0.827150454227));
#713 = CARTESIAN_POINT('',(1.707445352526,0.850783569532));
#714 = CARTESIAN_POINT('',(1.711207341693,0.874403909883));
#715 = CARTESIAN_POINT('',(1.715300768084,0.898009744341));
#716 = CARTESIAN_POINT('',(1.719771096911,0.921598963335));
#717 = CARTESIAN_POINT('',(1.724674388671,0.945168971632));
#718 = CARTESIAN_POINT('',(1.73008194339,0.968716472084));
#719 = CARTESIAN_POINT('',(1.741346064193,1.012817526553));
#720 = CARTESIAN_POINT('',(1.747061993174,1.033377395117));
#721 = CARTESIAN_POINT('',(1.753301556843,1.053913663241));
#722 = CARTESIAN_POINT('',(1.760142911935,1.074422713536));
#723 = CARTESIAN_POINT('',(1.76768461272,1.094899972855));
#724 = CARTESIAN_POINT('',(1.776051435124,1.115339644508));
#725 = CARTESIAN_POINT('',(1.785408254625,1.135734044478));
#726 = CARTESIAN_POINT('',(1.805250421794,1.173867895157));
#727 = CARTESIAN_POINT('',(1.815448536958,1.191620549902));
#728 = CARTESIAN_POINT('',(1.826742986941,1.209322645424));
#729 = CARTESIAN_POINT('',(1.839334228031,1.226964706538));
#730 = CARTESIAN_POINT('',(1.853480032126,1.244534537021));
#731 = CARTESIAN_POINT('',(1.869529088031,1.262015396357));
#732 = CARTESIAN_POINT('',(1.887959648611,1.279384293269));
#733 = CARTESIAN_POINT('',(1.918963476391,1.304137128556));
#734 = CARTESIAN_POINT('',(1.928999946299,1.31164197656));
#735 = CARTESIAN_POINT('',(1.939700161081,1.319115062165));
#736 = CARTESIAN_POINT('',(1.951137762009,1.326552687582));
#737 = CARTESIAN_POINT('',(1.963398805529,1.333950499751));
#738 = CARTESIAN_POINT('',(1.97658521789,1.341303283747));
#739 = CARTESIAN_POINT('',(1.990819707974,1.348604645859));
#740 = CARTESIAN_POINT('',(2.020720041754,1.36263590555));
#741 = CARTESIAN_POINT('',(2.036240848408,1.369372997004));
#742 = CARTESIAN_POINT('',(2.052938041034,1.376051260443));
#743 = CARTESIAN_POINT('',(2.070956521575,1.382662834352));
#744 = CARTESIAN_POINT('',(2.090466841431,1.389198235975));
#745 = CARTESIAN_POINT('',(2.111672436621,1.395645872559));
#746 = CARTESIAN_POINT('',(2.134817529729,1.401991285061));
#747 = CARTESIAN_POINT('',(2.183983201816,1.414051642113));
#748 = CARTESIAN_POINT('',(2.209733640763,1.419781204452));
#749 = CARTESIAN_POINT('',(2.237684569496,1.425389436115));
#750 = CARTESIAN_POINT('',(2.268111881256,1.430858003536));
#751 = CARTESIAN_POINT('',(2.301331095967,1.436164579202));
#752 = CARTESIAN_POINT('',(2.337696668069,1.44128188828));
#753 = CARTESIAN_POINT('',(2.377591821158,1.446176016014));
#754 = CARTESIAN_POINT('',(2.462385818991,1.455147039103));
#755 = CARTESIAN_POINT('',(2.506816098397,1.459255891914));
#756 = CARTESIAN_POINT('',(2.554927347273,1.463099232337));
#757 = CARTESIAN_POINT('',(2.606966713376,1.466638151576));
#758 = CARTESIAN_POINT('',(2.663094402644,1.469828695149));
#759 = CARTESIAN_POINT('',(2.723302765387,1.472621985028));
#760 = CARTESIAN_POINT('',(2.787232584848,1.474970535109));
#761 = CARTESIAN_POINT('',(2.88560007331,1.477710438629));
#762 = CARTESIAN_POINT('',(2.917662733005,1.478478727858));
#763 = CARTESIAN_POINT('',(2.950324429695,1.479136923541));
#764 = CARTESIAN_POINT('',(2.983499799496,1.479681499735));
#765 = CARTESIAN_POINT('',(3.017088701515,1.480109549043));
#766 = CARTESIAN_POINT('',(3.050978866001,1.480418931014));
#767 = CARTESIAN_POINT('',(3.085050347205,1.480608369931));
#768 = CARTESIAN_POINT('',(3.18531143374,1.48081144534));
#769 = CARTESIAN_POINT('',(3.251666018167,1.480493761179));
#770 = CARTESIAN_POINT('',(3.317362188165,1.479721788512));
#771 = CARTESIAN_POINT('',(3.381490214158,1.478505385961));
#772 = CARTESIAN_POINT('',(3.44326531765,1.476868036286));
#773 = CARTESIAN_POINT('',(3.502194721254,1.47484156255));
#774 = CARTESIAN_POINT('',(3.558005070019,1.47246033623));
#775 = CARTESIAN_POINT('',(3.659899402637,1.467225824017));
#776 = CARTESIAN_POINT('',(3.706373235488,1.464411341845));
#777 = CARTESIAN_POINT('',(3.749933735366,1.461343445862));
#778 = CARTESIAN_POINT('',(3.790629041665,1.458050256017));
#779 = CARTESIAN_POINT('',(3.828594418002,1.454557538608));
#780 = CARTESIAN_POINT('',(3.86399925465,1.450888061524));
#781 = CARTESIAN_POINT('',(3.897026917189,1.447061752882));
#782 = CARTESIAN_POINT('',(3.956765789421,1.439377991804));
#783 = CARTESIAN_POINT('',(3.983742765083,1.435537432268));
#784 = CARTESIAN_POINT('',(4.008941269648,1.431588543481));
#785 = CARTESIAN_POINT('',(4.032511240495,1.427543597118));
#786 = CARTESIAN_POINT('',(4.054592957965,1.423413079946));
#787 = CARTESIAN_POINT('',(4.075314354886,1.419205979387));
#788 = CARTESIAN_POINT('',(4.094791458822,1.414930057077));
#789 = CARTESIAN_POINT('',(4.147510897912,1.402458251183));
#790 = CARTESIAN_POINT('',(4.177885656645,1.394106155138));
#791 = CARTESIAN_POINT('',(4.204941404745,1.38558008984));
#792 = CARTESIAN_POINT('',(4.229223691866,1.376911641463));
#793 = CARTESIAN_POINT('',(4.251154500786,1.368124482175));
#794 = CARTESIAN_POINT('',(4.271072969061,1.359236951445));
#795 = CARTESIAN_POINT('',(4.289252188845,1.350263554829));
#796 = CARTESIAN_POINT('',(4.335079116498,1.325382747092));
#797 = CARTESIAN_POINT('',(4.359602355103,1.309322362784));
#798 = CARTESIAN_POINT('',(4.380688033632,1.293097488997));
#799 = CARTESIAN_POINT('',(4.399076482368,1.276744506351));
#800 = CARTESIAN_POINT('',(4.415294976088,1.260289422084));
#801 = CARTESIAN_POINT('',(4.429727344097,1.243750662528));
#802 = CARTESIAN_POINT('',(4.442667095198,1.227142344871));
#803 = CARTESIAN_POINT('',(4.47185563881,1.185474804284));
#804 = CARTESIAN_POINT('',(4.486524085297,1.160342215096));
#805 = CARTESIAN_POINT('',(4.499118344533,1.13511425081));
#806 = CARTESIAN_POINT('',(4.510084150021,1.109811703033));
#807 = CARTESIAN_POINT('',(4.519743745568,1.084449642324));
#808 = CARTESIAN_POINT('',(4.528325418598,1.05903864302));
#809 = CARTESIAN_POINT('',(4.536005449884,1.033586888151));
#810 = CARTESIAN_POINT('',(4.549834148857,0.982614453276));
#811 = CARTESIAN_POINT('',(4.555982861024,0.957093775695));
#812 = CARTESIAN_POINT('',(4.561502079202,0.931544942121));
#813 = CARTESIAN_POINT('',(4.566489410648,0.90597246484));
#814 = CARTESIAN_POINT('',(4.571019834522,0.880379813378));
#815 = CARTESIAN_POINT('',(4.575153171922,0.854769762463));
#816 = CARTESIAN_POINT('',(4.578937433167,0.829144545449));
#817 = CARTESIAN_POINT('',(4.582412357499,0.803506019784));
#818 = ( GEOMETRIC_REPRESENTATION_CONTEXT(2)
PARAMETRIC_REPRESENTATION_CONTEXT() REPRESENTATION_CONTEXT('2D SPACE',''
  ) );
#819 = ORIENTED_EDGE('',*,*,#620,.T.);
#820 = ADVANCED_FACE('',(#821),#316,.T.);
#821 = FACE_BOUND('',#822,.T.);
#822 = EDGE_LOOP('',(#823,#824,#825,#826));
#823 = ORIENTED_EDGE('',*,*,#671,.F.);
#824 = ORIENTED_EDGE('',*,*,#299,.T.);
#825 = ORIENTED_EDGE('',*,*,#598,.F.);
#826 = ORIENTED_EDGE('',*,*,#827,.F.);
#827 = EDGE_CURVE('',#672,#575,#828,.T.);
#828 = SURFACE_CURVE('',#829,(#834,#841),.PCURVE_S1.);
#829 = CIRCLE('',#830,27.003888608865);
#830 = AXIS2_PLACEMENT_3D('',#831,#832,#833);
#831 = CARTESIAN_POINT('',(0.,0.,28.));
#832 = DIRECTION('',(0.,0.,1.));
#833 = DIRECTION('',(1.,0.,-0.));
#834 = PCURVE('',#316,#835);
#835 = DEFINITIONAL_REPRESENTATION('',(#836),#840);
#836 = CIRCLE('',#837,27.003888608865);
#837 = AXIS2_PLACEMENT_2D('',#838,#839);
#838 = CARTESIAN_POINT('',(3.5,45.));
#839 = DIRECTION('',(1.,0.));
#840 = ( GEOMETRIC_REPRESENTATION_CONTEXT(2)
PARAMETRIC_REPRESENTATION_CONTEXT() REPRESENTATION_CONTEXT('2D SPACE',''
  ) );
#841 = PCURVE('',#562,#842);
#842 = DEFINITIONAL_REPRESENTATION('',(#843),#847);
#843 = LINE('',#844,#845);
#844 = CARTESIAN_POINT('',(0.,0.803506019784));
#845 = VECTOR('',#846,1.);
#846 = DIRECTION('',(1.,0.));
#847 = ( GEOMETRIC_REPRESENTATION_CONTEXT(2)
PARAMETRIC_REPRESENTATION_CONTEXT() REPRESENTATION_CONTEXT('2D SPACE',''
  ) );
#848 = ADVANCED_FACE('',(#849),#562,.F.);
#849 = FACE_BOUND('',#850,.F.);
#850 = EDGE_LOOP('',(#851,#852,#853,#854,#855));
#851 = ORIENTED_EDGE('',*,*,#574,.F.);
#852 = ORIENTED_EDGE('',*,*,#827,.F.);
#853 = ORIENTED_EDGE('',*,*,#694,.F.);
#854 = ORIENTED_EDGE('',*,*,#643,.F.);
#855 = ORIENTED_EDGE('',*,*,#545,.F.);
#856 = ( GEOMETRIC_REPRESENTATION_CONTEXT(3)
GLOBAL_UNCERTAINTY_ASSIGNED_CONTEXT((#860)) GLOBAL_UNIT_ASSIGNED_CONTEXT
((#857,#858,#859)) REPRESENTATION_CONTEXT('Context #1',
  '3D Context with UNIT and UNCERTAINTY') );
#857 = ( LENGTH_UNIT() NAMED_UNIT(*) SI_UNIT(.MILLI.,.METRE.) );
#858 = ( NAMED_UNIT(*) PLANE_ANGLE_UNIT() SI_UNIT($,.RADIAN.) );
#859 = ( NAMED_UNIT(*) SI_UNIT($,.STERADIAN.) SOLID_ANGLE_UNIT() );
#860 = UNCERTAINTY_MEASURE_WITH_UNIT(LENGTH_MEASURE(1.E-07),#857,
  'distance_accuracy_value','confusion accuracy');
#861 = CONTEXT_DEPENDENT_SHAPE_REPRESENTATION(#862,#864);
#862 = ( REPRESENTATION_RELATIONSHIP('','',#256,#10)
REPRESENTATION_RELATIONSHIP_WITH_TRANSFORMATION(#863)
SHAPE_REPRESENTATION_RELATIONSHIP() );
#863 = ITEM_DEFINED_TRANSFORMATION('','',#11,#15);
#864 = PRODUCT_DEFINITION_SHAPE('Placement','Placement of an item',#865
  );
#865 = NEXT_ASSEMBLY_USAGE_OCCURRENCE('1','','',#5,#251,$);
#866 = PRODUCT_RELATED_PRODUCT_CATEGORY('part',$,(#253));
#867 = SHAPE_DEFINITION_REPRESENTATION(#868,#874);
#868 = PRODUCT_DEFINITION_SHAPE('','',#869);
#869 = PRODUCT_DEFINITION('design','',#870,#873);
#870 = PRODUCT_DEFINITION_FORMATION('','',#871);
#871 = PRODUCT('Open CASCADE STEP translator 7.9 1.2',
  'Open CASCADE STEP translator 7.9 1.2','',(#872));
#872 = PRODUCT_CONTEXT('',#2,'mechanical');
#873 = PRODUCT_DEFINITION_CONTEXT('part definition',#2,'design');
#874 = ADVANCED_BREP_SHAPE_REPRESENTATION('',(#11,#875),#1591);
#875 = MANIFOLD_SOLID_BREP('',#876);
#876 = CLOSED_SHELL('',(#877,#1063,#1190,#1407,#1455,#1528,#1556,#1584)
  );
#877 = ADVANCED_FACE('',(#878),#893,.T.);
#878 = FACE_BOUND('',#879,.T.);
#879 = EDGE_LOOP('',(#880,#916,#945,#1036));
#880 = ORIENTED_EDGE('',*,*,#881,.T.);
#881 = EDGE_CURVE('',#882,#884,#886,.T.);
#882 = VERTEX_POINT('',#883);
#883 = CARTESIAN_POINT('',(2.449293598295E-15,-5.999039130647E-31,-40.)
  );
#884 = VERTEX_POINT('',#885);
#885 = CARTESIAN_POINT('',(0.,28.565713714171,28.));
#886 = SURFACE_CURVE('',#887,(#892,#904),.PCURVE_S1.);
#887 = CIRCLE('',#888,40.);
#888 = AXIS2_PLACEMENT_3D('',#889,#890,#891);
#889 = CARTESIAN_POINT('',(0.,0.,0.));
#890 = DIRECTION('',(1.,0.,-0.));
#891 = DIRECTION('',(0.,0.,1.));
#892 = PCURVE('',#893,#898);
#893 = SPHERICAL_SURFACE('',#894,40.);
#894 = AXIS2_PLACEMENT_3D('',#895,#896,#897);
#895 = CARTESIAN_POINT('',(0.,0.,0.));
#896 = DIRECTION('',(0.,0.,1.));
#897 = DIRECTION('',(1.,0.,-0.));
#898 = DEFINITIONAL_REPRESENTATION('',(#899),#903);
#899 = LINE('',#900,#901);
#900 = CARTESIAN_POINT('',(1.570796326795,-4.712388980385));
#901 = VECTOR('',#902,1.);
#902 = DIRECTION('',(-0.,1.));
#903 = ( GEOMETRIC_REPRESENTATION_CONTEXT(2)
PARAMETRIC_REPRESENTATION_CONTEXT() REPRESENTATION_CONTEXT('2D SPACE',''
  ) );
#904 = PCURVE('',#905,#910);
#905 = PLANE('',#906);
#906 = AXIS2_PLACEMENT_3D('',#907,#908,#909);
#907 = CARTESIAN_POINT('',(0.,-45.,-45.));
#908 = DIRECTION('',(1.,0.,-0.));
#909 = DIRECTION('',(0.,0.,1.));
#910 = DEFINITIONAL_REPRESENTATION('',(#911),#915);
#911 = CIRCLE('',#912,40.);
#912 = AXIS2_PLACEMENT_2D('',#913,#914);
#913 = CARTESIAN_POINT('',(45.,-45.));
#914 = DIRECTION('',(1.,0.));
#915 = ( GEOMETRIC_REPRESENTATION_CONTEXT(2)
PARAMETRIC_REPRESENTATION_CONTEXT() REPRESENTATION_CONTEXT('2D SPACE',''
  ) );
#916 = ORIENTED_EDGE('',*,*,#917,.F.);
#917 = EDGE_CURVE('',#918,#884,#920,.T.);
#918 = VERTEX_POINT('',#919);
#919 = CARTESIAN_POINT('',(3.5,28.35048500467,28.));
#920 = SURFACE_CURVE('',#921,(#926,#933),.PCURVE_S1.);
#921 = CIRCLE('',#922,28.565713714171);
#922 = AXIS2_PLACEMENT_3D('',#923,#924,#925);
#923 = CARTESIAN_POINT('',(0.,0.,28.));
#924 = DIRECTION('',(0.,0.,1.));
#925 = DIRECTION('',(1.,0.,-0.));
#926 = PCURVE('',#893,#927);
#927 = DEFINITIONAL_REPRESENTATION('',(#928),#932);
#928 = LINE('',#929,#930);
#929 = CARTESIAN_POINT('',(0.,0.775397496611));
#930 = VECTOR('',#931,1.);
#931 = DIRECTION('',(1.,0.));
#932 = ( GEOMETRIC_REPRESENTATION_CONTEXT(2)
PARAMETRIC_REPRESENTATION_CONTEXT() REPRESENTATION_CONTEXT('2D SPACE',''
  ) );
#933 = PCURVE('',#934,#939);
#934 = PLANE('',#935);
#935 = AXIS2_PLACEMENT_3D('',#936,#937,#938);
#936 = CARTESIAN_POINT('',(-3.5,-45.,28.));
#937 = DIRECTION('',(0.,0.,1.));
#938 = DIRECTION('',(1.,0.,-0.));
#939 = DEFINITIONAL_REPRESENTATION('',(#940),#944);
#940 = CIRCLE('',#941,28.565713714171);
#941 = AXIS2_PLACEMENT_2D('',#942,#943);
#942 = CARTESIAN_POINT('',(3.5,45.));
#943 = DIRECTION('',(1.,0.));
#944 = ( GEOMETRIC_REPRESENTATION_CONTEXT(2)
PARAMETRIC_REPRESENTATION_CONTEXT() REPRESENTATION_CONTEXT('2D SPACE',''
  ) );
#945 = ORIENTED_EDGE('',*,*,#946,.T.);
#946 = EDGE_CURVE('',#918,#947,#949,.T.);
#947 = VERTEX_POINT('',#948);
#948 = CARTESIAN_POINT('',(3.5,-8.572527594031E-16,39.846580781794));
#949 = SURFACE_CURVE('',#950,(#955,#1024),.PCURVE_S1.);
#950 = CIRCLE('',#951,39.846580781794);
#951 = AXIS2_PLACEMENT_3D('',#952,#953,#954);
#952 = CARTESIAN_POINT('',(3.5,0.,0.));
#953 = DIRECTION('',(1.,0.,-0.));
#954 = DIRECTION('',(0.,0.,1.));
#955 = PCURVE('',#893,#956);
#956 = DEFINITIONAL_REPRESENTATION('',(#957),#1023);
#957 = B_SPLINE_CURVE_WITH_KNOTS('',8,(#958,#959,#960,#961,#962,#963,
    #964,#965,#966,#967,#968,#969,#970,#971,#972,#973,#974,#975,#976,
    #977,#978,#979,#980,#981,#982,#983,#984,#985,#986,#987,#988,#989,
    #990,#991,#992,#993,#994,#995,#996,#997,#998,#999,#1000,#1001,#1002,
    #1003,#1004,#1005,#1006,#1007,#1008,#1009,#1010,#1011,#1012,#1013,
    #1014,#1015,#1016,#1017,#1018,#1019,#1020,#1021,#1022),
  .UNSPECIFIED.,.F.,.F.,(9,7,7,7,7,7,7,7,7,9),(5.491567490389,
    5.689471944587,5.837900285235,5.949221540721,6.032712482336,
    6.095330688547,6.142294343205,6.212739825192,6.247962566186,
    6.28318530718),.UNSPECIFIED.);
#958 = CARTESIAN_POINT('',(1.447963168242,0.775397496611));
#959 = CARTESIAN_POINT('',(1.444992176129,0.799949164203));
#960 = CARTESIAN_POINT('',(1.441772716816,0.824490540443));
#961 = CARTESIAN_POINT('',(1.43827550342,0.84902028944));
#962 = CARTESIAN_POINT('',(1.43446552947,0.873536823301));
#963 = CARTESIAN_POINT('',(1.430299956494,0.898038206681));
#964 = CARTESIAN_POINT('',(1.425725913494,0.922522058519));
#965 = CARTESIAN_POINT('',(1.420676076608,0.946985352635));
#966 = CARTESIAN_POINT('',(1.410847762716,0.989753018562));
#967 = CARTESIAN_POINT('',(1.406317062576,1.008068165175));
#968 = CARTESIAN_POINT('',(1.401429543991,1.02636773907));
#969 = CARTESIAN_POINT('',(1.396139685226,1.044649694325));
#970 = CARTESIAN_POINT('',(1.390392107797,1.062911539483));
#971 = CARTESIAN_POINT('',(1.384118793415,1.081150211746));
#972 = CARTESIAN_POINT('',(1.377233679217,1.099361827794));
#973 = CARTESIAN_POINT('',(1.363913598989,1.131175719369));
#974 = CARTESIAN_POINT('',(1.357796416893,1.144792104118));
#975 = CARTESIAN_POINT('',(1.351222276924,1.15838815503));
#976 = CARTESIAN_POINT('',(1.344133846366,1.171961267944));
#977 = CARTESIAN_POINT('',(1.336461870247,1.185508285797));
#978 = CARTESIAN_POINT('',(1.328121811671,1.199025342629));
#979 = CARTESIAN_POINT('',(1.31900767955,1.212507566972));
#980 = CARTESIAN_POINT('',(1.301460324754,1.236029230671));
#981 = CARTESIAN_POINT('',(1.293426507855,1.246086727299));
#982 = CARTESIAN_POINT('',(1.284820552044,1.256118287708));
#983 = CARTESIAN_POINT('',(1.275573469889,1.266120698224));
#984 = CARTESIAN_POINT('',(1.265602842965,1.27609009404));
#985 = CARTESIAN_POINT('',(1.254809106717,1.286021777203));
#986 = CARTESIAN_POINT('',(1.243069311469,1.295909892226));
#987 = CARTESIAN_POINT('',(1.220594374569,1.313124553833));
#988 = CARTESIAN_POINT('',(1.210341786749,1.320473483294));
#989 = CARTESIAN_POINT('',(1.199402583396,1.327790433176));
#990 = CARTESIAN_POINT('',(1.187699589194,1.335071628981));
#991 = CARTESIAN_POINT('',(1.175142462724,1.342312619278));
#992 = CARTESIAN_POINT('',(1.161623989209,1.349508059));
#993 = CARTESIAN_POINT('',(1.147014800336,1.356651375387));
#994 = CARTESIAN_POINT('',(1.119262811723,1.369046522463));
#995 = CARTESIAN_POINT('',(1.106666486233,1.374324765367));
#996 = CARTESIAN_POINT('',(1.093300657868,1.379565562969));
#997 = CARTESIAN_POINT('',(1.07908926849,1.384764882303));
#998 = CARTESIAN_POINT('',(1.063945208746,1.389918035411));
#999 = CARTESIAN_POINT('',(1.047768167889,1.395019508003));
#1000 = CARTESIAN_POINT('',(1.030442213276,1.400062721154));
#1001 = CARTESIAN_POINT('',(0.983919428975,1.412505233294));
#1002 = CARTESIAN_POINT('',(0.953118671623,1.419821773035));
#1003 = CARTESIAN_POINT('',(0.918977956281,1.426962480593));
#1004 = CARTESIAN_POINT('',(0.880952690707,1.433893633814));
#1005 = CARTESIAN_POINT('',(0.838388373668,1.440571668583));
#1006 = CARTESIAN_POINT('',(0.790515839399,1.446940859544));
#1007 = CARTESIAN_POINT('',(0.736454569071,1.452925583066));
#1008 = CARTESIAN_POINT('',(0.645109068527,1.461185305051));
#1009 = CARTESIAN_POINT('',(0.612951652588,1.463818986391));
#1010 = CARTESIAN_POINT('',(0.579004245005,1.466321387047));
#1011 = CARTESIAN_POINT('',(0.543200863894,1.468679671355));
#1012 = CARTESIAN_POINT('',(0.505499228954,1.470879933901));
#1013 = CARTESIAN_POINT('',(0.465898123481,1.472907482874));
#1014 = CARTESIAN_POINT('',(0.424455353525,1.474747456578));
#1015 = CARTESIAN_POINT('',(0.338140940288,1.478024278362));
#1016 = CARTESIAN_POINT('',(0.293269274924,1.479461126052));
#1017 = CARTESIAN_POINT('',(0.246810187463,1.480682416576));
#1018 = CARTESIAN_POINT('',(0.198959634133,1.481675022422));
#1019 = CARTESIAN_POINT('',(0.149990319161,1.482427625097));
#1020 = CARTESIAN_POINT('',(0.100250413331,1.482932065435));
#1021 = CARTESIAN_POINT('',(5.012520694145E-02,1.483184286705));
#1022 = CARTESIAN_POINT('',(2.788456434937E-15,1.483184286705));
#1023 = ( GEOMETRIC_REPRESENTATION_CONTEXT(2)
PARAMETRIC_REPRESENTATION_CONTEXT() REPRESENTATION_CONTEXT('2D SPACE',''
  ) );
#1024 = PCURVE('',#1025,#1030);
#1025 = PLANE('',#1026);
#1026 = AXIS2_PLACEMENT_3D('',#1027,#1028,#1029);
#1027 = CARTESIAN_POINT('',(3.5,-45.,28.));
#1028 = DIRECTION('',(1.,0.,-0.));
#1029 = DIRECTION('',(0.,0.,1.));
#1030 = DEFINITIONAL_REPRESENTATION('',(#1031),#1035);
#1031 = CIRCLE('',#1032,39.846580781794);
#1032 = AXIS2_PLACEMENT_2D('',#1033,#1034);
#1033 = CARTESIAN_POINT('',(-28.,-45.));
#1034 = DIRECTION('',(1.,0.));
#1035 = ( GEOMETRIC_REPRESENTATION_CONTEXT(2)
PARAMETRIC_REPRESENTATION_CONTEXT() REPRESENTATION_CONTEXT('2D SPACE',''
  ) );
#1036 = ORIENTED_EDGE('',*,*,#1037,.F.);
#1037 = EDGE_CURVE('',#882,#947,#1038,.T.);
#1038 = SURFACE_CURVE('',#1039,(#1044,#1051),.PCURVE_S1.);
#1039 = CIRCLE('',#1040,40.);
#1040 = AXIS2_PLACEMENT_3D('',#1041,#1042,#1043);
#1041 = CARTESIAN_POINT('',(0.,0.,0.));
#1042 = DIRECTION('',(-2.449293598295E-16,-1.,0.));
#1043 = DIRECTION('',(1.,-2.449293598295E-16,0.));
#1044 = PCURVE('',#893,#1045);
#1045 = DEFINITIONAL_REPRESENTATION('',(#1046),#1050);
#1046 = LINE('',#1047,#1048);
#1047 = CARTESIAN_POINT('',(0.,-6.28318530718));
#1048 = VECTOR('',#1049,1.);
#1049 = DIRECTION('',(0.,1.));
#1050 = ( GEOMETRIC_REPRESENTATION_CONTEXT(2)
PARAMETRIC_REPRESENTATION_CONTEXT() REPRESENTATION_CONTEXT('2D SPACE',''
  ) );
#1051 = PCURVE('',#1052,#1057);
#1052 = SPHERICAL_SURFACE('',#1053,40.);
#1053 = AXIS2_PLACEMENT_3D('',#1054,#1055,#1056);
#1054 = CARTESIAN_POINT('',(0.,0.,0.));
#1055 = DIRECTION('',(0.,0.,1.));
#1056 = DIRECTION('',(1.,0.,-0.));
#1057 = DEFINITIONAL_REPRESENTATION('',(#1058),#1062);
#1058 = LINE('',#1059,#1060);
#1059 = CARTESIAN_POINT('',(6.28318530718,-6.28318530718));
#1060 = VECTOR('',#1061,1.);
#1061 = DIRECTION('',(0.,1.));
#1062 = ( GEOMETRIC_REPRESENTATION_CONTEXT(2)
PARAMETRIC_REPRESENTATION_CONTEXT() REPRESENTATION_CONTEXT('2D SPACE',''
  ) );
#1063 = ADVANCED_FACE('',(#1064),#1052,.T.);
#1064 = FACE_BOUND('',#1065,.T.);
#1065 = EDGE_LOOP('',(#1066,#1067,#1139,#1168));
#1066 = ORIENTED_EDGE('',*,*,#1037,.T.);
#1067 = ORIENTED_EDGE('',*,*,#1068,.T.);
#1068 = EDGE_CURVE('',#947,#1069,#1071,.T.);
#1069 = VERTEX_POINT('',#1070);
#1070 = CARTESIAN_POINT('',(3.5,-28.35048500467,28.));
#1071 = SURFACE_CURVE('',#1072,(#1077,#1132),.PCURVE_S1.);
#1072 = CIRCLE('',#1073,39.846580781794);
#1073 = AXIS2_PLACEMENT_3D('',#1074,#1075,#1076);
#1074 = CARTESIAN_POINT('',(3.5,0.,0.));
#1075 = DIRECTION('',(1.,0.,-0.));
#1076 = DIRECTION('',(0.,0.,1.));
#1077 = PCURVE('',#1052,#1078);
#1078 = DEFINITIONAL_REPRESENTATION('',(#1079),#1131);
#1079 = B_SPLINE_CURVE_WITH_KNOTS('',8,(#1080,#1081,#1082,#1083,#1084,
    #1085,#1086,#1087,#1088,#1089,#1090,#1091,#1092,#1093,#1094,#1095,
    #1096,#1097,#1098,#1099,#1100,#1101,#1102,#1103,#1104,#1105,#1106,
    #1107,#1108,#1109,#1110,#1111,#1112,#1113,#1114,#1115,#1116,#1117,
    #1118,#1119,#1120,#1121,#1122,#1123,#1124,#1125,#1126,#1127,#1128,
    #1129,#1130),.UNSPECIFIED.,.F.,.F.,(9,7,7,7,7,7,7,9),(
    2.151383487827E-17,2.47380567747E-02,7.266804177569E-02,
    0.117602402714,0.201854329474,0.349295201303,0.570456509047,
    0.791617816791),.UNSPECIFIED.);
#1080 = CARTESIAN_POINT('',(6.28318530718,1.483184286705));
#1081 = CARTESIAN_POINT('',(6.247980772263,1.483184286705));
#1082 = CARTESIAN_POINT('',(6.212776241705,1.483059873511));
#1083 = CARTESIAN_POINT('',(6.177705170206,1.482811047702));
#1084 = CARTESIAN_POINT('',(6.142901124333,1.482438796831));
#1085 = CARTESIAN_POINT('',(6.108491094925,1.481945103053));
#1086 = CARTESIAN_POINT('',(6.074589535143,1.481332831498));
#1087 = CARTESIAN_POINT('',(6.041294409874,1.480605552582));
#1088 = CARTESIAN_POINT('',(5.945508798543,1.478143336766));
#1089 = CARTESIAN_POINT('',(5.884910960261,1.476102931935));
#1090 = CARTESIAN_POINT('',(5.82748041527,1.473675841031));
#1091 = CARTESIAN_POINT('',(5.773562581466,1.470899097772));
#1092 = CARTESIAN_POINT('',(5.723226333617,1.467811741107));
#1093 = CARTESIAN_POINT('',(5.676383977873,1.464449889537));
#1094 = CARTESIAN_POINT('',(5.632862229368,1.460846124108));
#1095 = CARTESIAN_POINT('',(5.554557083855,1.453450562226));
#1096 = CARTESIAN_POINT('',(5.51939755934,1.449684594962));
#1097 = CARTESIAN_POINT('',(5.486791434973,1.445754752676));
#1098 = CARTESIAN_POINT('',(5.456530524778,1.441681582332));
#1099 = CARTESIAN_POINT('',(5.42840740023,1.437482533997));
#1100 = CARTESIAN_POINT('',(5.402228166983,1.433172371607));
#1101 = CARTESIAN_POINT('',(5.3778149494,1.428763703743));
#1102 = CARTESIAN_POINT('',(5.312242944477,1.415836526646));
#1103 = CARTESIAN_POINT('',(5.275123174388,1.407097294758));
#1104 = CARTESIAN_POINT('',(5.242589416696,1.398120603576));
#1105 = CARTESIAN_POINT('',(5.213798027732,1.388954891595));
#1106 = CARTESIAN_POINT('',(5.188122191852,1.379635079586));
#1107 = CARTESIAN_POINT('',(5.165064426726,1.370187545755));
#1108 = CARTESIAN_POINT('',(5.144235011012,1.36063260102));
#1109 = CARTESIAN_POINT('',(5.092215768966,1.334105253044));
#1110 = CARTESIAN_POINT('',(5.064972276961,1.31694441574));
#1111 = CARTESIAN_POINT('',(5.041902285713,1.299589700846));
#1112 = CARTESIAN_POINT('',(5.022035970819,1.282087058435));
#1113 = CARTESIAN_POINT('',(5.004696458206,1.264469050153));
#1114 = CARTESIAN_POINT('',(4.989406520523,1.246757781617));
#1115 = CARTESIAN_POINT('',(4.975806656718,1.22897006168));
#1116 = CARTESIAN_POINT('',(4.945346037566,1.184341251934));
#1117 = CARTESIAN_POINT('',(4.9302546645,1.1574204208));
#1118 = CARTESIAN_POINT('',(4.917421685046,1.130398824396));
#1119 = CARTESIAN_POINT('',(4.906339892531,1.103299374193));
#1120 = CARTESIAN_POINT('',(4.896643773817,1.07613866398));
#1121 = CARTESIAN_POINT('',(4.888081854495,1.048927984644));
#1122 = CARTESIAN_POINT('',(4.880460585899,1.021676060185));
#1123 = CARTESIAN_POINT('',(4.86680515278,0.967102940267));
#1124 = CARTESIAN_POINT('',(4.860770919533,0.939781748408));
#1125 = CARTESIAN_POINT('',(4.855382738479,0.912432553094));
#1126 = CARTESIAN_POINT('',(4.850536831552,0.885060015844));
#1127 = CARTESIAN_POINT('',(4.846154312081,0.857667686363));
#1128 = CARTESIAN_POINT('',(4.842172687169,0.830258386019));
#1129 = CARTESIAN_POINT('',(4.838542268864,0.802834367266));
#1130 = CARTESIAN_POINT('',(4.835222138938,0.775397496611));
#1131 = ( GEOMETRIC_REPRESENTATION_CONTEXT(2)
PARAMETRIC_REPRESENTATION_CONTEXT() REPRESENTATION_CONTEXT('2D SPACE',''
  ) );
#1132 = PCURVE('',#1025,#1133);
#1133 = DEFINITIONAL_REPRESENTATION('',(#1134),#1138);
#1134 = CIRCLE('',#1135,39.846580781794);
#1135 = AXIS2_PLACEMENT_2D('',#1136,#1137);
#1136 = CARTESIAN_POINT('',(-28.,-45.));
#1137 = DIRECTION('',(1.,0.));
#1138 = ( GEOMETRIC_REPRESENTATION_CONTEXT(2)
PARAMETRIC_REPRESENTATION_CONTEXT() REPRESENTATION_CONTEXT('2D SPACE',''
  ) );
#1139 = ORIENTED_EDGE('',*,*,#1140,.F.);
#1140 = EDGE_CURVE('',#1141,#1069,#1143,.T.);
#1141 = VERTEX_POINT('',#1142);
#1142 = CARTESIAN_POINT('',(0.,-28.56571371417,28.));
#1143 = SURFACE_CURVE('',#1144,(#1149,#1156),.PCURVE_S1.);
#1144 = CIRCLE('',#1145,28.565713714171);
#1145 = AXIS2_PLACEMENT_3D('',#1146,#1147,#1148);
#1146 = CARTESIAN_POINT('',(0.,0.,28.));
#1147 = DIRECTION('',(0.,0.,1.));
#1148 = DIRECTION('',(1.,0.,-0.));
#1149 = PCURVE('',#1052,#1150);
#1150 = DEFINITIONAL_REPRESENTATION('',(#1151),#1155);
#1151 = LINE('',#1152,#1153);
#1152 = CARTESIAN_POINT('',(0.,0.775397496611));
#1153 = VECTOR('',#1154,1.);
#1154 = DIRECTION('',(1.,0.));
#1155 = ( GEOMETRIC_REPRESENTATION_CONTEXT(2)
PARAMETRIC_REPRESENTATION_CONTEXT() REPRESENTATION_CONTEXT('2D SPACE',''
  ) );
#1156 = PCURVE('',#1157,#1162);
#1157 = PLANE('',#1158);
#1158 = AXIS2_PLACEMENT_3D('',#1159,#1160,#1161);
#1159 = CARTESIAN_POINT('',(-3.5,-45.,28.));
#1160 = DIRECTION('',(0.,0.,1.));
#1161 = DIRECTION('',(1.,0.,-0.));
#1162 = DEFINITIONAL_REPRESENTATION('',(#1163),#1167);
#1163 = CIRCLE('',#1164,28.565713714171);
#1164 = AXIS2_PLACEMENT_2D('',#1165,#1166);
#1165 = CARTESIAN_POINT('',(3.5,45.));
#1166 = DIRECTION('',(1.,0.));
#1167 = ( GEOMETRIC_REPRESENTATION_CONTEXT(2)
PARAMETRIC_REPRESENTATION_CONTEXT() REPRESENTATION_CONTEXT('2D SPACE',''
  ) );
#1168 = ORIENTED_EDGE('',*,*,#1169,.T.);
#1169 = EDGE_CURVE('',#1141,#882,#1170,.T.);
#1170 = SURFACE_CURVE('',#1171,(#1176,#1183),.PCURVE_S1.);
#1171 = CIRCLE('',#1172,40.);
#1172 = AXIS2_PLACEMENT_3D('',#1173,#1174,#1175);
#1173 = CARTESIAN_POINT('',(0.,0.,0.));
#1174 = DIRECTION('',(1.,0.,-0.));
#1175 = DIRECTION('',(0.,0.,1.));
#1176 = PCURVE('',#1052,#1177);
#1177 = DEFINITIONAL_REPRESENTATION('',(#1178),#1182);
#1178 = LINE('',#1179,#1180);
#1179 = CARTESIAN_POINT('',(4.712388980385,1.570796326795));
#1180 = VECTOR('',#1181,1.);
#1181 = DIRECTION('',(0.,-1.));
#1182 = ( GEOMETRIC_REPRESENTATION_CONTEXT(2)
PARAMETRIC_REPRESENTATION_CONTEXT() REPRESENTATION_CONTEXT('2D SPACE',''
  ) );
#1183 = PCURVE('',#905,#1184);
#1184 = DEFINITIONAL_REPRESENTATION('',(#1185),#1189);
#1185 = CIRCLE('',#1186,40.);
#1186 = AXIS2_PLACEMENT_2D('',#1187,#1188);
#1187 = CARTESIAN_POINT('',(45.,-45.));
#1188 = DIRECTION('',(1.,0.));
#1189 = ( GEOMETRIC_REPRESENTATION_CONTEXT(2)
PARAMETRIC_REPRESENTATION_CONTEXT() REPRESENTATION_CONTEXT('2D SPACE',''
  ) );
#1190 = ADVANCED_FACE('',(#1191),#1025,.F.);
#1191 = FACE_BOUND('',#1192,.F.);
#1192 = EDGE_LOOP('',(#1193,#1194,#1217,#1294,#1385,#1406));
#1193 = ORIENTED_EDGE('',*,*,#1068,.T.);
#1194 = ORIENTED_EDGE('',*,*,#1195,.T.);
#1195 = EDGE_CURVE('',#1069,#1196,#1198,.T.);
#1196 = VERTEX_POINT('',#1197);
#1197 = CARTESIAN_POINT('',(3.5,-26.77610875388,28.));
#1198 = SURFACE_CURVE('',#1199,(#1203,#1210),.PCURVE_S1.);
#1199 = LINE('',#1200,#1201);
#1200 = CARTESIAN_POINT('',(3.5,-45.,28.));
#1201 = VECTOR('',#1202,1.);
#1202 = DIRECTION('',(-0.,1.,0.));
#1203 = PCURVE('',#1025,#1204);
#1204 = DEFINITIONAL_REPRESENTATION('',(#1205),#1209);
#1205 = LINE('',#1206,#1207);
#1206 = CARTESIAN_POINT('',(0.,0.));
#1207 = VECTOR('',#1208,1.);
#1208 = DIRECTION('',(0.,-1.));
#1209 = ( GEOMETRIC_REPRESENTATION_CONTEXT(2)
PARAMETRIC_REPRESENTATION_CONTEXT() REPRESENTATION_CONTEXT('2D SPACE',''
  ) );
#1210 = PCURVE('',#1157,#1211);
#1211 = DEFINITIONAL_REPRESENTATION('',(#1212),#1216);
#1212 = LINE('',#1213,#1214);
#1213 = CARTESIAN_POINT('',(7.,0.));
#1214 = VECTOR('',#1215,1.);
#1215 = DIRECTION('',(0.,1.));
#1216 = ( GEOMETRIC_REPRESENTATION_CONTEXT(2)
PARAMETRIC_REPRESENTATION_CONTEXT() REPRESENTATION_CONTEXT('2D SPACE',''
  ) );
#1217 = ORIENTED_EDGE('',*,*,#1218,.F.);
#1218 = EDGE_CURVE('',#1219,#1196,#1221,.T.);
#1219 = VERTEX_POINT('',#1220);
#1220 = CARTESIAN_POINT('',(3.5,-8.572527594032E-16,38.742225026449));
#1221 = SURFACE_CURVE('',#1222,(#1227,#1234),.PCURVE_S1.);
#1222 = CIRCLE('',#1223,38.742225026449);
#1223 = AXIS2_PLACEMENT_3D('',#1224,#1225,#1226);
#1224 = CARTESIAN_POINT('',(3.5,0.,0.));
#1225 = DIRECTION('',(1.,0.,-0.));
#1226 = DIRECTION('',(0.,0.,1.));
#1227 = PCURVE('',#1025,#1228);
#1228 = DEFINITIONAL_REPRESENTATION('',(#1229),#1233);
#1229 = CIRCLE('',#1230,38.742225026449);
#1230 = AXIS2_PLACEMENT_2D('',#1231,#1232);
#1231 = CARTESIAN_POINT('',(-28.,-45.));
#1232 = DIRECTION('',(1.,0.));
#1233 = ( GEOMETRIC_REPRESENTATION_CONTEXT(2)
PARAMETRIC_REPRESENTATION_CONTEXT() REPRESENTATION_CONTEXT('2D SPACE',''
  ) );
#1234 = PCURVE('',#1235,#1240);
#1235 = SPHERICAL_SURFACE('',#1236,38.9);
#1236 = AXIS2_PLACEMENT_3D('',#1237,#1238,#1239);
#1237 = CARTESIAN_POINT('',(0.,0.,0.));
#1238 = DIRECTION('',(0.,0.,1.));
#1239 = DIRECTION('',(1.,0.,-0.));
#1240 = DEFINITIONAL_REPRESENTATION('',(#1241),#1293);
#1241 = B_SPLINE_CURVE_WITH_KNOTS('',8,(#1242,#1243,#1244,#1245,#1246,
    #1247,#1248,#1249,#1250,#1251,#1252,#1253,#1254,#1255,#1256,#1257,
    #1258,#1259,#1260,#1261,#1262,#1263,#1264,#1265,#1266,#1267,#1268,
    #1269,#1270,#1271,#1272,#1273,#1274,#1275,#1276,#1277,#1278,#1279,
    #1280,#1281,#1282,#1283,#1284,#1285,#1286,#1287,#1288,#1289,#1290,
    #1291,#1292),.UNSPECIFIED.,.F.,.F.,(9,7,7,7,7,7,7,9),(
    2.212709153431E-17,4.76911473429E-02,9.240159797687E-02,
    0.134317645446,0.212910234451,0.35044726521,0.556752811348,
    0.763058357486),.UNSPECIFIED.);
#1242 = CARTESIAN_POINT('',(6.28318530718,1.480700193441));
#1243 = CARTESIAN_POINT('',(6.217197408532,1.480700193441));
#1244 = CARTESIAN_POINT('',(6.151209556765,1.480250614169));
#1245 = CARTESIAN_POINT('',(6.086100628619,1.479351477205));
#1246 = CARTESIAN_POINT('',(6.022751354589,1.478015249586));
#1247 = CARTESIAN_POINT('',(5.961890685605,1.476267341895));
#1248 = CARTESIAN_POINT('',(5.903956444592,1.474140358556));
#1249 = CARTESIAN_POINT('',(5.849177658588,1.471668784691));
#1250 = CARTESIAN_POINT('',(5.74928784526,1.466278226079));
#1251 = CARTESIAN_POINT('',(5.703786609504,1.463396857696));
#1252 = CARTESIAN_POINT('',(5.661173928815,1.460270406577));
#1253 = CARTESIAN_POINT('',(5.621382913112,1.456926353222));
#1254 = CARTESIAN_POINT('',(5.584269172695,1.453389681012));
#1255 = CARTESIAN_POINT('',(5.549659614632,1.449682391715));
#1256 = CARTESIAN_POINT('',(5.517370664156,1.44582369672));
#1257 = CARTESIAN_POINT('',(5.458956812085,1.438086454428));
#1258 = CARTESIAN_POINT('',(5.432572784439,1.434224220818));
#1259 = CARTESIAN_POINT('',(5.407920472291,1.430257331815));
#1260 = CARTESIAN_POINT('',(5.384852892893,1.426197585589));
#1261 = CARTESIAN_POINT('',(5.36323320756,1.422055061994));
#1262 = CARTESIAN_POINT('',(5.342936944064,1.417838402371));
#1263 = CARTESIAN_POINT('',(5.323851396023,1.413555071956));
#1264 = CARTESIAN_POINT('',(5.272169995557,1.401067424679));
#1265 = CARTESIAN_POINT('',(5.242364994967,1.392711670103));
#1266 = CARTESIAN_POINT('',(5.215792099119,1.384186950495));
#1267 = CARTESIAN_POINT('',(5.191923088155,1.375523714883));
#1268 = CARTESIAN_POINT('',(5.170348749516,1.366744833356));
#1269 = CARTESIAN_POINT('',(5.150740100572,1.357868048799));
#1270 = CARTESIAN_POINT('',(5.132831884397,1.348907417445));
#1271 = CARTESIAN_POINT('',(5.087660692132,1.324066309233));
#1272 = CARTESIAN_POINT('',(5.063455038394,1.308036305417));
#1273 = CARTESIAN_POINT('',(5.042620748057,1.291845065686));
#1274 = CARTESIAN_POINT('',(5.02443574578,1.275528058848));
#1275 = CARTESIAN_POINT('',(5.008384839335,1.259110669926));
#1276 = CARTESIAN_POINT('',(4.994092385575,1.242610928869));
#1277 = CARTESIAN_POINT('',(4.981270769027,1.226042661606));
#1278 = CARTESIAN_POINT('',(4.952333943102,1.1844773043));
#1279 = CARTESIAN_POINT('',(4.937777272577,1.159407876306));
#1280 = CARTESIAN_POINT('',(4.925270149462,1.134244216851));
#1281 = CARTESIAN_POINT('',(4.914373710986,1.109006796948));
#1282 = CARTESIAN_POINT('',(4.904770510846,1.083710460072));
#1283 = CARTESIAN_POINT('',(4.896235237276,1.058365643114));
#1284 = CARTESIAN_POINT('',(4.888593830671,1.03298042535));
#1285 = CARTESIAN_POINT('',(4.874829987629,0.982141628103));
#1286 = CARTESIAN_POINT('',(4.868707508252,0.956688050959));
#1287 = CARTESIAN_POINT('',(4.863209914001,0.931206525885));
#1288 = CARTESIAN_POINT('',(4.858240604158,0.905701518679));
#1289 = CARTESIAN_POINT('',(4.853725313791,0.880176465868));
#1290 = CARTESIAN_POINT('',(4.849604759527,0.854634117268));
#1291 = CARTESIAN_POINT('',(4.845831330482,0.829076687679));
#1292 = CARTESIAN_POINT('',(4.84236560327,0.803506019784));
#1293 = ( GEOMETRIC_REPRESENTATION_CONTEXT(2)
PARAMETRIC_REPRESENTATION_CONTEXT() REPRESENTATION_CONTEXT('2D SPACE',''
  ) );
#1294 = ORIENTED_EDGE('',*,*,#1295,.F.);
#1295 = EDGE_CURVE('',#1296,#1219,#1298,.T.);
#1296 = VERTEX_POINT('',#1297);
#1297 = CARTESIAN_POINT('',(3.5,26.776108753887,28.));
#1298 = SURFACE_CURVE('',#1299,(#1304,#1311),.PCURVE_S1.);
#1299 = CIRCLE('',#1300,38.742225026449);
#1300 = AXIS2_PLACEMENT_3D('',#1301,#1302,#1303);
#1301 = CARTESIAN_POINT('',(3.5,0.,0.));
#1302 = DIRECTION('',(1.,0.,-0.));
#1303 = DIRECTION('',(0.,0.,1.));
#1304 = PCURVE('',#1025,#1305);
#1305 = DEFINITIONAL_REPRESENTATION('',(#1306),#1310);
#1306 = CIRCLE('',#1307,38.742225026449);
#1307 = AXIS2_PLACEMENT_2D('',#1308,#1309);
#1308 = CARTESIAN_POINT('',(-28.,-45.));
#1309 = DIRECTION('',(1.,0.));
#1310 = ( GEOMETRIC_REPRESENTATION_CONTEXT(2)
PARAMETRIC_REPRESENTATION_CONTEXT() REPRESENTATION_CONTEXT('2D SPACE',''
  ) );
#1311 = PCURVE('',#1312,#1317);
#1312 = SPHERICAL_SURFACE('',#1313,38.9);
#1313 = AXIS2_PLACEMENT_3D('',#1314,#1315,#1316);
#1314 = CARTESIAN_POINT('',(0.,0.,0.));
#1315 = DIRECTION('',(0.,0.,1.));
#1316 = DIRECTION('',(1.,0.,-0.));
#1317 = DEFINITIONAL_REPRESENTATION('',(#1318),#1384);
#1318 = B_SPLINE_CURVE_WITH_KNOTS('',8,(#1319,#1320,#1321,#1322,#1323,
    #1324,#1325,#1326,#1327,#1328,#1329,#1330,#1331,#1332,#1333,#1334,
    #1335,#1336,#1337,#1338,#1339,#1340,#1341,#1342,#1343,#1344,#1345,
    #1346,#1347,#1348,#1349,#1350,#1351,#1352,#1353,#1354,#1355,#1356,
    #1357,#1358,#1359,#1360,#1361,#1362,#1363,#1364,#1365,#1366,#1367,
    #1368,#1369,#1370,#1371,#1372,#1373,#1374,#1375,#1376,#1377,#1378,
    #1379,#1380,#1381,#1382,#1383),.UNSPECIFIED.,.F.,.F.,(9,7,7,7,7,7,7,
    7,7,9),(5.520126949693,5.710891539065,5.853964981093,5.961270062615,
    6.041748873756,6.102107982112,6.147377313379,6.215281310279,
    6.249233308729,6.28318530718),.UNSPECIFIED.);
#1319 = CARTESIAN_POINT('',(1.44081970391,0.803506019784));
#1320 = CARTESIAN_POINT('',(1.437615049256,0.827150454227));
#1321 = CARTESIAN_POINT('',(1.434147301063,0.850783569532));
#1322 = CARTESIAN_POINT('',(1.430385311898,0.874403909883));
#1323 = CARTESIAN_POINT('',(1.426291885506,0.898009744341));
#1324 = CARTESIAN_POINT('',(1.421821556678,0.921598963335));
#1325 = CARTESIAN_POINT('',(1.416918264919,0.945168971632));
#1326 = CARTESIAN_POINT('',(1.4115107102,0.968716472084));
#1327 = CARTESIAN_POINT('',(1.400997530783,1.009877456255));
#1328 = CARTESIAN_POINT('',(1.396154397691,1.027502725491));
#1329 = CARTESIAN_POINT('',(1.390933347541,1.04511097048));
#1330 = CARTESIAN_POINT('',(1.3852863018,1.062699965215));
#1331 = CARTESIAN_POINT('',(1.379154847832,1.080267001112));
#1332 = CARTESIAN_POINT('',(1.372467320587,1.097808750728));
#1333 = CARTESIAN_POINT('',(1.365133192647,1.115320999856));
#1334 = CARTESIAN_POINT('',(1.350956650624,1.145905967809));
#1335 = CARTESIAN_POINT('',(1.344449692145,1.158994053728));
#1336 = CARTESIAN_POINT('',(1.337460697129,1.172060006693));
#1337 = CARTESIAN_POINT('',(1.329929612301,1.185101009018));
#1338 = CARTESIAN_POINT('',(1.321784044391,1.198113649857));
#1339 = CARTESIAN_POINT('',(1.31293578985,1.211093757988));
#1340 = CARTESIAN_POINT('',(1.303274564956,1.224036087752));
#1341 = CARTESIAN_POINT('',(1.284693093616,1.246606957392));
#1342 = CARTESIAN_POINT('',(1.276191428606,1.256255049162));
#1343 = CARTESIAN_POINT('',(1.267090892738,1.265875084636));
#1344 = CARTESIAN_POINT('',(1.257320207754,1.275463620971));
#1345 = CARTESIAN_POINT('',(1.246794495828,1.28501652775));
#1346 = CARTESIAN_POINT('',(1.235411552193,1.294528795705));
#1347 = CARTESIAN_POINT('',(1.223045750392,1.303994202141));
#1348 = CARTESIAN_POINT('',(1.199407056363,1.320462605062));
#1349 = CARTESIAN_POINT('',(1.188633786302,1.327489614305));
#1350 = CARTESIAN_POINT('',(1.177151015537,1.33448236592));
#1351 = CARTESIAN_POINT('',(1.164880851727,1.341436884725));
#1352 = CARTESIAN_POINT('',(1.151732465557,1.348348494808));
#1353 = CARTESIAN_POINT('',(1.137598661806,1.355211603319));
#1354 = CARTESIAN_POINT('',(1.122351165613,1.362019373538));
#1355 = CARTESIAN_POINT('',(1.093447217718,1.373821222438));
#1356 = CARTESIAN_POINT('',(1.080345981751,1.378843249053));
#1357 = CARTESIAN_POINT('',(1.066465292933,1.383825731592));
#1358 = CARTESIAN_POINT('',(1.051731069243,1.388764559335));
#1359 = CARTESIAN_POINT('',(1.036059039817,1.393654958101));
#1360 = CARTESIAN_POINT('',(1.019353015011,1.398491302063));
#1361 = CARTESIAN_POINT('',(1.001503156452,1.403266925563));
#1362 = CARTESIAN_POINT('',(0.953705883058,1.415034448979));
#1363 = CARTESIAN_POINT('',(0.922172156207,1.421940554405));
#1364 = CARTESIAN_POINT('',(0.887360874507,1.428665450318));
#1365 = CARTESIAN_POINT('',(0.848772161527,1.435175807721));
#1366 = CARTESIAN_POINT('',(0.805822097452,1.441429268914));
#1367 = CARTESIAN_POINT('',(0.757840398615,1.447372345809));
#1368 = CARTESIAN_POINT('',(0.704114466024,1.452934634141));
#1369 = CARTESIAN_POINT('',(0.61421717952,1.460580776892));
#1370 = CARTESIAN_POINT('',(0.582700022264,1.463013277031));
#1371 = CARTESIAN_POINT('',(0.54957364115,1.465319053486));
#1372 = CARTESIAN_POINT('',(0.514796125333,1.467486757349));
#1373 = CARTESIAN_POINT('',(0.478349071799,1.469504284897));
#1374 = CARTESIAN_POINT('',(0.440250912246,1.471359075437));
#1375 = CARTESIAN_POINT('',(0.40056951598,1.473038651381));
#1376 = CARTESIAN_POINT('',(0.318285699712,1.476024207425));
#1377 = CARTESIAN_POINT('',(0.275683266452,1.477330187165));
#1378 = CARTESIAN_POINT('',(0.231742928833,1.478437780591));
#1379 = CARTESIAN_POINT('',(0.186641859203,1.479336286037));
#1380 = CARTESIAN_POINT('',(0.140615883818,1.480016628341));
#1381 = CARTESIAN_POINT('',(9.395542620024E-02,1.480472337978));
#1382 = CARTESIAN_POINT('',(4.697771300194E-02,1.480700193441));
#1383 = CARTESIAN_POINT('',(2.711173821171E-15,1.480700193441));
#1384 = ( GEOMETRIC_REPRESENTATION_CONTEXT(2)
PARAMETRIC_REPRESENTATION_CONTEXT() REPRESENTATION_CONTEXT('2D SPACE',''
  ) );
#1385 = ORIENTED_EDGE('',*,*,#1386,.T.);
#1386 = EDGE_CURVE('',#1296,#918,#1387,.T.);
#1387 = SURFACE_CURVE('',#1388,(#1392,#1399),.PCURVE_S1.);
#1388 = LINE('',#1389,#1390);
#1389 = CARTESIAN_POINT('',(3.5,-45.,28.));
#1390 = VECTOR('',#1391,1.);
#1391 = DIRECTION('',(-0.,1.,0.));
#1392 = PCURVE('',#1025,#1393);
#1393 = DEFINITIONAL_REPRESENTATION('',(#1394),#1398);
#1394 = LINE('',#1395,#1396);
#1395 = CARTESIAN_POINT('',(0.,0.));
#1396 = VECTOR('',#1397,1.);
#1397 = DIRECTION('',(0.,-1.));
#1398 = ( GEOMETRIC_REPRESENTATION_CONTEXT(2)
PARAMETRIC_REPRESENTATION_CONTEXT() REPRESENTATION_CONTEXT('2D SPACE',''
  ) );
#1399 = PCURVE('',#934,#1400);
#1400 = DEFINITIONAL_REPRESENTATION('',(#1401),#1405);
#1401 = LINE('',#1402,#1403);
#1402 = CARTESIAN_POINT('',(7.,0.));
#1403 = VECTOR('',#1404,1.);
#1404 = DIRECTION('',(0.,1.));
#1405 = ( GEOMETRIC_REPRESENTATION_CONTEXT(2)
PARAMETRIC_REPRESENTATION_CONTEXT() REPRESENTATION_CONTEXT('2D SPACE',''
  ) );
#1406 = ORIENTED_EDGE('',*,*,#946,.T.);
#1407 = ADVANCED_FACE('',(#1408),#934,.T.);
#1408 = FACE_BOUND('',#1409,.T.);
#1409 = EDGE_LOOP('',(#1410,#1411,#1412,#1433));
#1410 = ORIENTED_EDGE('',*,*,#1386,.T.);
#1411 = ORIENTED_EDGE('',*,*,#917,.T.);
#1412 = ORIENTED_EDGE('',*,*,#1413,.T.);
#1413 = EDGE_CURVE('',#884,#1414,#1416,.T.);
#1414 = VERTEX_POINT('',#1415);
#1415 = CARTESIAN_POINT('',(0.,27.003888608865,28.));
#1416 = SURFACE_CURVE('',#1417,(#1421,#1427),.PCURVE_S1.);
#1417 = LINE('',#1418,#1419);
#1418 = CARTESIAN_POINT('',(0.,-45.,28.));
#1419 = VECTOR('',#1420,1.);
#1420 = DIRECTION('',(0.,-1.,0.));
#1421 = PCURVE('',#934,#1422);
#1422 = DEFINITIONAL_REPRESENTATION('',(#1423),#1426);
#1423 = B_SPLINE_CURVE_WITH_KNOTS('',1,(#1424,#1425),.UNSPECIFIED.,.F.,
  .F.,(2,2),(-85.,-5.),.PIECEWISE_BEZIER_KNOTS.);
#1424 = CARTESIAN_POINT('',(3.5,85.));
#1425 = CARTESIAN_POINT('',(3.5,5.));
#1426 = ( GEOMETRIC_REPRESENTATION_CONTEXT(2)
PARAMETRIC_REPRESENTATION_CONTEXT() REPRESENTATION_CONTEXT('2D SPACE',''
  ) );
#1427 = PCURVE('',#905,#1428);
#1428 = DEFINITIONAL_REPRESENTATION('',(#1429),#1432);
#1429 = B_SPLINE_CURVE_WITH_KNOTS('',1,(#1430,#1431),.UNSPECIFIED.,.F.,
  .F.,(2,2),(-85.,-5.),.PIECEWISE_BEZIER_KNOTS.);
#1430 = CARTESIAN_POINT('',(73.,-85.));
#1431 = CARTESIAN_POINT('',(73.,-5.));
#1432 = ( GEOMETRIC_REPRESENTATION_CONTEXT(2)
PARAMETRIC_REPRESENTATION_CONTEXT() REPRESENTATION_CONTEXT('2D SPACE',''
  ) );
#1433 = ORIENTED_EDGE('',*,*,#1434,.F.);
#1434 = EDGE_CURVE('',#1296,#1414,#1435,.T.);
#1435 = SURFACE_CURVE('',#1436,(#1441,#1448),.PCURVE_S1.);
#1436 = CIRCLE('',#1437,27.003888608865);
#1437 = AXIS2_PLACEMENT_3D('',#1438,#1439,#1440);
#1438 = CARTESIAN_POINT('',(0.,0.,28.));
#1439 = DIRECTION('',(0.,0.,1.));
#1440 = DIRECTION('',(1.,0.,-0.));
#1441 = PCURVE('',#934,#1442);
#1442 = DEFINITIONAL_REPRESENTATION('',(#1443),#1447);
#1443 = CIRCLE('',#1444,27.003888608865);
#1444 = AXIS2_PLACEMENT_2D('',#1445,#1446);
#1445 = CARTESIAN_POINT('',(3.5,45.));
#1446 = DIRECTION('',(1.,0.));
#1447 = ( GEOMETRIC_REPRESENTATION_CONTEXT(2)
PARAMETRIC_REPRESENTATION_CONTEXT() REPRESENTATION_CONTEXT('2D SPACE',''
  ) );
#1448 = PCURVE('',#1312,#1449);
#1449 = DEFINITIONAL_REPRESENTATION('',(#1450),#1454);
#1450 = LINE('',#1451,#1452);
#1451 = CARTESIAN_POINT('',(0.,0.803506019784));
#1452 = VECTOR('',#1453,1.);
#1453 = DIRECTION('',(1.,0.));
#1454 = ( GEOMETRIC_REPRESENTATION_CONTEXT(2)
PARAMETRIC_REPRESENTATION_CONTEXT() REPRESENTATION_CONTEXT('2D SPACE',''
  ) );
#1455 = ADVANCED_FACE('',(#1456),#905,.F.);
#1456 = FACE_BOUND('',#1457,.F.);
#1457 = EDGE_LOOP('',(#1458,#1459,#1460,#1461,#1485,#1509));
#1458 = ORIENTED_EDGE('',*,*,#1169,.T.);
#1459 = ORIENTED_EDGE('',*,*,#881,.T.);
#1460 = ORIENTED_EDGE('',*,*,#1413,.T.);
#1461 = ORIENTED_EDGE('',*,*,#1462,.F.);
#1462 = EDGE_CURVE('',#1463,#1414,#1465,.T.);
#1463 = VERTEX_POINT('',#1464);
#1464 = CARTESIAN_POINT('',(2.381938024342E-15,-5.834065554555E-31,-38.9
    ));
#1465 = SURFACE_CURVE('',#1466,(#1471,#1478),.PCURVE_S1.);
#1466 = CIRCLE('',#1467,38.9);
#1467 = AXIS2_PLACEMENT_3D('',#1468,#1469,#1470);
#1468 = CARTESIAN_POINT('',(0.,0.,0.));
#1469 = DIRECTION('',(1.,0.,-0.));
#1470 = DIRECTION('',(0.,0.,1.));
#1471 = PCURVE('',#905,#1472);
#1472 = DEFINITIONAL_REPRESENTATION('',(#1473),#1477);
#1473 = CIRCLE('',#1474,38.9);
#1474 = AXIS2_PLACEMENT_2D('',#1475,#1476);
#1475 = CARTESIAN_POINT('',(45.,-45.));
#1476 = DIRECTION('',(1.,0.));
#1477 = ( GEOMETRIC_REPRESENTATION_CONTEXT(2)
PARAMETRIC_REPRESENTATION_CONTEXT() REPRESENTATION_CONTEXT('2D SPACE',''
  ) );
#1478 = PCURVE('',#1312,#1479);
#1479 = DEFINITIONAL_REPRESENTATION('',(#1480),#1484);
#1480 = LINE('',#1481,#1482);
#1481 = CARTESIAN_POINT('',(1.570796326795,-4.712388980385));
#1482 = VECTOR('',#1483,1.);
#1483 = DIRECTION('',(-0.,1.));
#1484 = ( GEOMETRIC_REPRESENTATION_CONTEXT(2)
PARAMETRIC_REPRESENTATION_CONTEXT() REPRESENTATION_CONTEXT('2D SPACE',''
  ) );
#1485 = ORIENTED_EDGE('',*,*,#1486,.F.);
#1486 = EDGE_CURVE('',#1487,#1463,#1489,.T.);
#1487 = VERTEX_POINT('',#1488);
#1488 = CARTESIAN_POINT('',(0.,-27.00388860886,28.));
#1489 = SURFACE_CURVE('',#1490,(#1495,#1502),.PCURVE_S1.);
#1490 = CIRCLE('',#1491,38.9);
#1491 = AXIS2_PLACEMENT_3D('',#1492,#1493,#1494);
#1492 = CARTESIAN_POINT('',(0.,0.,0.));
#1493 = DIRECTION('',(1.,0.,-0.));
#1494 = DIRECTION('',(0.,0.,1.));
#1495 = PCURVE('',#905,#1496);
#1496 = DEFINITIONAL_REPRESENTATION('',(#1497),#1501);
#1497 = CIRCLE('',#1498,38.9);
#1498 = AXIS2_PLACEMENT_2D('',#1499,#1500);
#1499 = CARTESIAN_POINT('',(45.,-45.));
#1500 = DIRECTION('',(1.,0.));
#1501 = ( GEOMETRIC_REPRESENTATION_CONTEXT(2)
PARAMETRIC_REPRESENTATION_CONTEXT() REPRESENTATION_CONTEXT('2D SPACE',''
  ) );
#1502 = PCURVE('',#1235,#1503);
#1503 = DEFINITIONAL_REPRESENTATION('',(#1504),#1508);
#1504 = LINE('',#1505,#1506);
#1505 = CARTESIAN_POINT('',(4.712388980385,1.570796326795));
#1506 = VECTOR('',#1507,1.);
#1507 = DIRECTION('',(0.,-1.));
#1508 = ( GEOMETRIC_REPRESENTATION_CONTEXT(2)
PARAMETRIC_REPRESENTATION_CONTEXT() REPRESENTATION_CONTEXT('2D SPACE',''
  ) );
#1509 = ORIENTED_EDGE('',*,*,#1510,.T.);
#1510 = EDGE_CURVE('',#1487,#1141,#1511,.T.);
#1511 = SURFACE_CURVE('',#1512,(#1516,#1522),.PCURVE_S1.);
#1512 = LINE('',#1513,#1514);
#1513 = CARTESIAN_POINT('',(0.,-45.,28.));
#1514 = VECTOR('',#1515,1.);
#1515 = DIRECTION('',(0.,-1.,0.));
#1516 = PCURVE('',#905,#1517);
#1517 = DEFINITIONAL_REPRESENTATION('',(#1518),#1521);
#1518 = B_SPLINE_CURVE_WITH_KNOTS('',1,(#1519,#1520),.UNSPECIFIED.,.F.,
  .F.,(2,2),(-85.,-5.),.PIECEWISE_BEZIER_KNOTS.);
#1519 = CARTESIAN_POINT('',(73.,-85.));
#1520 = CARTESIAN_POINT('',(73.,-5.));
#1521 = ( GEOMETRIC_REPRESENTATION_CONTEXT(2)
PARAMETRIC_REPRESENTATION_CONTEXT() REPRESENTATION_CONTEXT('2D SPACE',''
  ) );
#1522 = PCURVE('',#1157,#1523);
#1523 = DEFINITIONAL_REPRESENTATION('',(#1524),#1527);
#1524 = B_SPLINE_CURVE_WITH_KNOTS('',1,(#1525,#1526),.UNSPECIFIED.,.F.,
  .F.,(2,2),(-85.,-5.),.PIECEWISE_BEZIER_KNOTS.);
#1525 = CARTESIAN_POINT('',(3.5,85.));
#1526 = CARTESIAN_POINT('',(3.5,5.));
#1527 = ( GEOMETRIC_REPRESENTATION_CONTEXT(2)
PARAMETRIC_REPRESENTATION_CONTEXT() REPRESENTATION_CONTEXT('2D SPACE',''
  ) );
#1528 = ADVANCED_FACE('',(#1529),#1157,.T.);
#1529 = FACE_BOUND('',#1530,.T.);
#1530 = EDGE_LOOP('',(#1531,#1532,#1533,#1555));
#1531 = ORIENTED_EDGE('',*,*,#1140,.T.);
#1532 = ORIENTED_EDGE('',*,*,#1195,.T.);
#1533 = ORIENTED_EDGE('',*,*,#1534,.F.);
#1534 = EDGE_CURVE('',#1487,#1196,#1535,.T.);
#1535 = SURFACE_CURVE('',#1536,(#1541,#1548),.PCURVE_S1.);
#1536 = CIRCLE('',#1537,27.003888608865);
#1537 = AXIS2_PLACEMENT_3D('',#1538,#1539,#1540);
#1538 = CARTESIAN_POINT('',(0.,0.,28.));
#1539 = DIRECTION('',(0.,0.,1.));
#1540 = DIRECTION('',(1.,0.,-0.));
#1541 = PCURVE('',#1157,#1542);
#1542 = DEFINITIONAL_REPRESENTATION('',(#1543),#1547);
#1543 = CIRCLE('',#1544,27.003888608865);
#1544 = AXIS2_PLACEMENT_2D('',#1545,#1546);
#1545 = CARTESIAN_POINT('',(3.5,45.));
#1546 = DIRECTION('',(1.,0.));
#1547 = ( GEOMETRIC_REPRESENTATION_CONTEXT(2)
PARAMETRIC_REPRESENTATION_CONTEXT() REPRESENTATION_CONTEXT('2D SPACE',''
  ) );
#1548 = PCURVE('',#1235,#1549);
#1549 = DEFINITIONAL_REPRESENTATION('',(#1550),#1554);
#1550 = LINE('',#1551,#1552);
#1551 = CARTESIAN_POINT('',(0.,0.803506019784));
#1552 = VECTOR('',#1553,1.);
#1553 = DIRECTION('',(1.,0.));
#1554 = ( GEOMETRIC_REPRESENTATION_CONTEXT(2)
PARAMETRIC_REPRESENTATION_CONTEXT() REPRESENTATION_CONTEXT('2D SPACE',''
  ) );
#1555 = ORIENTED_EDGE('',*,*,#1510,.T.);
#1556 = ADVANCED_FACE('',(#1557),#1312,.F.);
#1557 = FACE_BOUND('',#1558,.F.);
#1558 = EDGE_LOOP('',(#1559,#1560,#1561,#1562));
#1559 = ORIENTED_EDGE('',*,*,#1462,.T.);
#1560 = ORIENTED_EDGE('',*,*,#1434,.F.);
#1561 = ORIENTED_EDGE('',*,*,#1295,.T.);
#1562 = ORIENTED_EDGE('',*,*,#1563,.F.);
#1563 = EDGE_CURVE('',#1463,#1219,#1564,.T.);
#1564 = SURFACE_CURVE('',#1565,(#1570,#1577),.PCURVE_S1.);
#1565 = CIRCLE('',#1566,38.9);
#1566 = AXIS2_PLACEMENT_3D('',#1567,#1568,#1569);
#1567 = CARTESIAN_POINT('',(0.,0.,0.));
#1568 = DIRECTION('',(-2.449293598295E-16,-1.,0.));
#1569 = DIRECTION('',(1.,-2.449293598295E-16,0.));
#1570 = PCURVE('',#1312,#1571);
#1571 = DEFINITIONAL_REPRESENTATION('',(#1572),#1576);
#1572 = LINE('',#1573,#1574);
#1573 = CARTESIAN_POINT('',(0.,-6.28318530718));
#1574 = VECTOR('',#1575,1.);
#1575 = DIRECTION('',(0.,1.));
#1576 = ( GEOMETRIC_REPRESENTATION_CONTEXT(2)
PARAMETRIC_REPRESENTATION_CONTEXT() REPRESENTATION_CONTEXT('2D SPACE',''
  ) );
#1577 = PCURVE('',#1235,#1578);
#1578 = DEFINITIONAL_REPRESENTATION('',(#1579),#1583);
#1579 = LINE('',#1580,#1581);
#1580 = CARTESIAN_POINT('',(6.28318530718,-6.28318530718));
#1581 = VECTOR('',#1582,1.);
#1582 = DIRECTION('',(0.,1.));
#1583 = ( GEOMETRIC_REPRESENTATION_CONTEXT(2)
PARAMETRIC_REPRESENTATION_CONTEXT() REPRESENTATION_CONTEXT('2D SPACE',''
  ) );
#1584 = ADVANCED_FACE('',(#1585),#1235,.F.);
#1585 = FACE_BOUND('',#1586,.F.);
#1586 = EDGE_LOOP('',(#1587,#1588,#1589,#1590));
#1587 = ORIENTED_EDGE('',*,*,#1563,.T.);
#1588 = ORIENTED_EDGE('',*,*,#1218,.T.);
#1589 = ORIENTED_EDGE('',*,*,#1534,.F.);
#1590 = ORIENTED_EDGE('',*,*,#1486,.T.);
#1591 = ( GEOMETRIC_REPRESENTATION_CONTEXT(3)
GLOBAL_UNCERTAINTY_ASSIGNED_CONTEXT((#1595))
GLOBAL_UNIT_ASSIGNED_CONTEXT((#1592,#1593,#1594)) REPRESENTATION_CONTEXT
('Context #1','3D Context with UNIT and UNCERTAINTY') );
#1592 = ( LENGTH_UNIT() NAMED_UNIT(*) SI_UNIT(.MILLI.,.METRE.) );
#1593 = ( NAMED_UNIT(*) PLANE_ANGLE_UNIT() SI_UNIT($,.RADIAN.) );
#1594 = ( NAMED_UNIT(*) SI_UNIT($,.STERADIAN.) SOLID_ANGLE_UNIT() );
#1595 = UNCERTAINTY_MEASURE_WITH_UNIT(LENGTH_MEASURE(1.E-07),#1592,
  'distance_accuracy_value','confusion accuracy');
#1596 = CONTEXT_DEPENDENT_SHAPE_REPRESENTATION(#1597,#1599);
#1597 = ( REPRESENTATION_RELATIONSHIP('','',#874,#10)
REPRESENTATION_RELATIONSHIP_WITH_TRANSFORMATION(#1598)
SHAPE_REPRESENTATION_RELATIONSHIP() );
#1598 = ITEM_DEFINED_TRANSFORMATION('','',#11,#19);
#1599 = PRODUCT_DEFINITION_SHAPE('Placement','Placement of an item',
  #1600);
#1600 = NEXT_ASSEMBLY_USAGE_OCCURRENCE('2','','',#5,#869,$);
#1601 = PRODUCT_RELATED_PRODUCT_CATEGORY('part',$,(#871));
#1602 = SHAPE_DEFINITION_REPRESENTATION(#1603,#1609);
#1603 = PRODUCT_DEFINITION_SHAPE('','',#1604);
#1604 = PRODUCT_DEFINITION('design','',#1605,#1608);
#1605 = PRODUCT_DEFINITION_FORMATION('','',#1606);
#1606 = PRODUCT('Open CASCADE STEP translator 7.9 1.3',
  'Open CASCADE STEP translator 7.9 1.3','',(#1607));
#1607 = PRODUCT_CONTEXT('',#2,'mechanical');
#1608 = PRODUCT_DEFINITION_CONTEXT('part definition',#2,'design');
#1609 = ADVANCED_BREP_SHAPE_REPRESENTATION('',(#11,#1610),#1869);
#1610 = MANIFOLD_SOLID_BREP('',#1611);
#1611 = CLOSED_SHELL('',(#1612,#1861,#1865));
#1612 = ADVANCED_FACE('',(#1613),#1652,.T.);
#1613 = FACE_BOUND('',#1614,.T.);
#1614 = EDGE_LOOP('',(#1615,#1729,#1753,#1860));
#1615 = ORIENTED_EDGE('',*,*,#1616,.F.);
#1616 = EDGE_CURVE('',#1617,#1617,#1619,.T.);
#1617 = VERTEX_POINT('',#1618);
#1618 = CARTESIAN_POINT('',(-0.15,29.393059395937,-29.));
#1619 = SURFACE_CURVE('',#1620,(#1651,#1690),.PCURVE_S1.);
#1620 = B_SPLINE_CURVE_WITH_KNOTS('',8,(#1621,#1622,#1623,#1624,#1625,
    #1626,#1627,#1628,#1629,#1630,#1631,#1632,#1633,#1634,#1635,#1636,
    #1637,#1638,#1639,#1640,#1641,#1642,#1643,#1644,#1645,#1646,#1647,
    #1648,#1649,#1650),.UNSPECIFIED.,.T.,.F.,(9,7,7,7,9),(0.,
    0.251631634585,0.500633193547,0.754359826716,1.),.UNSPECIFIED.);
#1621 = CARTESIAN_POINT('',(-0.15,29.393059395937,-29.));
#1622 = CARTESIAN_POINT('',(-0.15,29.393059395937,-28.93283170066));
#1623 = CARTESIAN_POINT('',(-0.15,29.377894370551,-28.86558332562));
#1624 = CARTESIAN_POINT('',(-0.15,29.34749973119,-28.80237240273));
#1625 = CARTESIAN_POINT('',(-0.15,29.303236409235,-28.74723991726));
#1626 = CARTESIAN_POINT('',(-0.15,29.247651665352,-28.703545585));
#1627 = CARTESIAN_POINT('',(-0.15,29.184131248625,-28.67380196068));
#1628 = CARTESIAN_POINT('',(-0.15,29.116729932693,-28.65932835797));
#1629 = CARTESIAN_POINT('',(-0.15,28.98310083947,-28.6607002696));
#1630 = CARTESIAN_POINT('',(-0.15,28.916713789957,-28.6762320634));
#1631 = CARTESIAN_POINT('',(-0.15,28.854390769661,-28.70663294395));
#1632 = CARTESIAN_POINT('',(-0.15,28.800032076729,-28.75056030605));
#1633 = CARTESIAN_POINT('',(-0.15,28.756883052352,-28.80553863864));
#1634 = CARTESIAN_POINT('',(-0.15,28.727372801709,-28.86828772143));
#1635 = CARTESIAN_POINT('',(-0.15,28.712788280534,-28.93488854737));
#1636 = CARTESIAN_POINT('',(-0.15,28.713322800962,-29.06908124977));
#1637 = CARTESIAN_POINT('',(-0.15,28.729011376352,-29.1368302968));
#1638 = CARTESIAN_POINT('',(-0.15,28.760169870329,-29.20037769224));
#1639 = CARTESIAN_POINT('',(-0.15,28.805372892861,-29.25558481124));
#1640 = CARTESIAN_POINT('',(-0.15,28.861973407852,-29.29903073293));
#1641 = CARTESIAN_POINT('',(-0.15,28.926468971,-29.32817726763));
#1642 = CARTESIAN_POINT('',(-0.15,28.994678188829,-29.34172979295));
#1643 = CARTESIAN_POINT('',(-0.15,29.12792611966,-29.33807356006));
#1644 = CARTESIAN_POINT('',(-0.15,29.193145733798,-29.32182729532));
#1645 = CARTESIAN_POINT('',(-0.15,29.254215147715,-29.29118244453));
#1646 = CARTESIAN_POINT('',(-0.15,29.307414105305,-29.24747231859));
#1647 = CARTESIAN_POINT('',(-0.15,29.349649219187,-29.19309515762));
#1648 = CARTESIAN_POINT('',(-0.15,29.378607923279,-29.13120891173));
#1649 = CARTESIAN_POINT('',(-0.15,29.393059395937,-29.06556898639));
#1650 = CARTESIAN_POINT('',(-0.15,29.393059395937,-29.));
#1651 = PCURVE('',#1652,#1657);
#1652 = TOROIDAL_SURFACE('',#1653,29.053442136862,0.34);
#1653 = AXIS2_PLACEMENT_3D('',#1654,#1655,#1656);
#1654 = CARTESIAN_POINT('',(0.,0.,-29.));
#1655 = DIRECTION('',(0.,0.,1.));
#1656 = DIRECTION('',(1.,0.,-0.));
#1657 = DEFINITIONAL_REPRESENTATION('',(#1658),#1689);
#1658 = B_SPLINE_CURVE_WITH_KNOTS('',8,(#1659,#1660,#1661,#1662,#1663,
    #1664,#1665,#1666,#1667,#1668,#1669,#1670,#1671,#1672,#1673,#1674,
    #1675,#1676,#1677,#1678,#1679,#1680,#1681,#1682,#1683,#1684,#1685,
    #1686,#1687,#1688),.UNSPECIFIED.,.F.,.F.,(9,7,7,7,9),(0.,
    0.251631634585,0.500633193547,0.754359826716,1.),.UNSPECIFIED.);
#1659 = CARTESIAN_POINT('',(1.575899528059,0.));
#1660 = CARTESIAN_POINT('',(1.575899528059,0.197553821568));
#1661 = CARTESIAN_POINT('',(1.575902160951,0.395343660986));
#1662 = CARTESIAN_POINT('',(1.57590743797,0.593003696871));
#1663 = CARTESIAN_POINT('',(1.575915137963,0.790531737831));
#1664 = CARTESIAN_POINT('',(1.575924849702,0.988059713048));
#1665 = CARTESIAN_POINT('',(1.57593601386,1.185719569092));
#1666 = CARTESIAN_POINT('',(1.575947931098,1.38350913459));
#1667 = CARTESIAN_POINT('',(1.575971683167,1.776551352601));
#1668 = CARTESIAN_POINT('',(1.575983544999,1.972263909695));
#1669 = CARTESIAN_POINT('',(1.575994746526,2.16785393096));
#1670 = CARTESIAN_POINT('',(1.576004574203,2.363318833975));
#1671 = CARTESIAN_POINT('',(1.576012409676,2.558783802385));
#1672 = CARTESIAN_POINT('',(1.576017778836,2.754374010765));
#1673 = CARTESIAN_POINT('',(1.576020432303,2.950086840931));
#1674 = CARTESIAN_POINT('',(1.576020335054,3.344774390703));
#1675 = CARTESIAN_POINT('',(1.576017480718,3.544219041061));
#1676 = CARTESIAN_POINT('',(1.576011812098,3.743527914296));
#1677 = CARTESIAN_POINT('',(1.576003605363,3.942699206442));
#1678 = CARTESIAN_POINT('',(1.575993377008,4.141870430766));
#1679 = CARTESIAN_POINT('',(1.575981792996,4.341179128634));
#1680 = CARTESIAN_POINT('',(1.57596961573,4.540623499499));
#1681 = CARTESIAN_POINT('',(1.575945952295,4.932671468813));
#1682 = CARTESIAN_POINT('',(1.575934429981,5.125730219176));
#1683 = CARTESIAN_POINT('',(1.575923703106,5.318675127592));
#1684 = CARTESIAN_POINT('',(1.575914411258,5.511503154862));
#1685 = CARTESIAN_POINT('',(1.575907064781,5.704331245122));
#1686 = CARTESIAN_POINT('',(1.575902037067,5.897276333283));
#1687 = CARTESIAN_POINT('',(1.575899528059,6.090335347187));
#1688 = CARTESIAN_POINT('',(1.575899528059,6.28318530718));
#1689 = ( GEOMETRIC_REPRESENTATION_CONTEXT(2)
PARAMETRIC_REPRESENTATION_CONTEXT() REPRESENTATION_CONTEXT('2D SPACE',''
  ) );
#1690 = PCURVE('',#1691,#1696);
#1691 = PLANE('',#1692);
#1692 = AXIS2_PLACEMENT_3D('',#1693,#1694,#1695);
#1693 = CARTESIAN_POINT('',(-0.15,-47.,-47.));
#1694 = DIRECTION('',(1.,0.,-0.));
#1695 = DIRECTION('',(0.,0.,1.));
#1696 = DEFINITIONAL_REPRESENTATION('',(#1697),#1728);
#1697 = B_SPLINE_CURVE_WITH_KNOTS('',8,(#1698,#1699,#1700,#1701,#1702,
    #1703,#1704,#1705,#1706,#1707,#1708,#1709,#1710,#1711,#1712,#1713,
    #1714,#1715,#1716,#1717,#1718,#1719,#1720,#1721,#1722,#1723,#1724,
    #1725,#1726,#1727),.UNSPECIFIED.,.T.,.F.,(9,7,7,7,9),(0.,
    0.251631634585,0.500633193547,0.754359826716,1.),.UNSPECIFIED.);
#1698 = CARTESIAN_POINT('',(18.,-76.39305939593));
#1699 = CARTESIAN_POINT('',(18.067168299333,-76.39305939593));
#1700 = CARTESIAN_POINT('',(18.134416674371,-76.37789437055));
#1701 = CARTESIAN_POINT('',(18.197627597267,-76.34749973119));
#1702 = CARTESIAN_POINT('',(18.252760082734,-76.30323640923));
#1703 = CARTESIAN_POINT('',(18.296454414998,-76.24765166535));
#1704 = CARTESIAN_POINT('',(18.32619803932,-76.18413124862));
#1705 = CARTESIAN_POINT('',(18.340671642024,-76.11672993269));
#1706 = CARTESIAN_POINT('',(18.339299730394,-75.98310083947));
#1707 = CARTESIAN_POINT('',(18.323767936592,-75.91671378995));
#1708 = CARTESIAN_POINT('',(18.293367056041,-75.85439076966));
#1709 = CARTESIAN_POINT('',(18.249439693944,-75.80003207672));
#1710 = CARTESIAN_POINT('',(18.194461361357,-75.75688305235));
#1711 = CARTESIAN_POINT('',(18.131712278567,-75.7273728017));
#1712 = CARTESIAN_POINT('',(18.065111452625,-75.71278828053));
#1713 = CARTESIAN_POINT('',(17.930918750228,-75.71332280096));
#1714 = CARTESIAN_POINT('',(17.863169703194,-75.72901137635));
#1715 = CARTESIAN_POINT('',(17.799622307754,-75.76016987032));
#1716 = CARTESIAN_POINT('',(17.744415188759,-75.80537289286));
#1717 = CARTESIAN_POINT('',(17.700969267061,-75.86197340785));
#1718 = CARTESIAN_POINT('',(17.671822732368,-75.926468971));
#1719 = CARTESIAN_POINT('',(17.658270207048,-75.99467818882));
#1720 = CARTESIAN_POINT('',(17.661926439933,-76.12792611966));
#1721 = CARTESIAN_POINT('',(17.678172704678,-76.19314573379));
#1722 = CARTESIAN_POINT('',(17.708817555468,-76.25421514771));
#1723 = CARTESIAN_POINT('',(17.752527681408,-76.3074141053));
#1724 = CARTESIAN_POINT('',(17.806904842377,-76.34964921918));
#1725 = CARTESIAN_POINT('',(17.86879108827,-76.37860792327));
#1726 = CARTESIAN_POINT('',(17.934431013602,-76.39305939593));
#1727 = CARTESIAN_POINT('',(18.,-76.39305939593));
#1728 = ( GEOMETRIC_REPRESENTATION_CONTEXT(2)
PARAMETRIC_REPRESENTATION_CONTEXT() REPRESENTATION_CONTEXT('2D SPACE',''
  ) );
#1729 = ORIENTED_EDGE('',*,*,#1730,.T.);
#1730 = EDGE_CURVE('',#1617,#1731,#1733,.T.);
#1731 = VERTEX_POINT('',#1732);
#1732 = CARTESIAN_POINT('',(-0.15,-29.39305939593,-29.));
#1733 = SEAM_CURVE('',#1734,(#1739,#1746),.PCURVE_S1.);
#1734 = CIRCLE('',#1735,29.393442136862);
#1735 = AXIS2_PLACEMENT_3D('',#1736,#1737,#1738);
#1736 = CARTESIAN_POINT('',(0.,0.,-29.));
#1737 = DIRECTION('',(0.,0.,1.));
#1738 = DIRECTION('',(1.,0.,-0.));
#1739 = PCURVE('',#1652,#1740);
#1740 = DEFINITIONAL_REPRESENTATION('',(#1741),#1745);
#1741 = LINE('',#1742,#1743);
#1742 = CARTESIAN_POINT('',(0.,6.28318530718));
#1743 = VECTOR('',#1744,1.);
#1744 = DIRECTION('',(1.,0.));
#1745 = ( GEOMETRIC_REPRESENTATION_CONTEXT(2)
PARAMETRIC_REPRESENTATION_CONTEXT() REPRESENTATION_CONTEXT('2D SPACE',''
  ) );
#1746 = PCURVE('',#1652,#1747);
#1747 = DEFINITIONAL_REPRESENTATION('',(#1748),#1752);
#1748 = LINE('',#1749,#1750);
#1749 = CARTESIAN_POINT('',(0.,0.));
#1750 = VECTOR('',#1751,1.);
#1751 = DIRECTION('',(1.,0.));
#1752 = ( GEOMETRIC_REPRESENTATION_CONTEXT(2)
PARAMETRIC_REPRESENTATION_CONTEXT() REPRESENTATION_CONTEXT('2D SPACE',''
  ) );
#1753 = ORIENTED_EDGE('',*,*,#1754,.T.);
#1754 = EDGE_CURVE('',#1731,#1731,#1755,.T.);
#1755 = SURFACE_CURVE('',#1756,(#1787,#1821),.PCURVE_S1.);
#1756 = B_SPLINE_CURVE_WITH_KNOTS('',8,(#1757,#1758,#1759,#1760,#1761,
    #1762,#1763,#1764,#1765,#1766,#1767,#1768,#1769,#1770,#1771,#1772,
    #1773,#1774,#1775,#1776,#1777,#1778,#1779,#1780,#1781,#1782,#1783,
    #1784,#1785,#1786),.UNSPECIFIED.,.T.,.F.,(9,7,7,7,9),(0.,
    0.251631634188,0.500633193154,0.754359822168,1.),.UNSPECIFIED.);
#1757 = CARTESIAN_POINT('',(-0.15,-29.39305939593,-29.));
#1758 = CARTESIAN_POINT('',(-0.15,-29.39305939593,-28.93283170077));
#1759 = CARTESIAN_POINT('',(-0.15,-29.37789437059,-28.86558332584));
#1760 = CARTESIAN_POINT('',(-0.15,-29.34749973133,-28.80237240303));
#1761 = CARTESIAN_POINT('',(-0.15,-29.30323640951,-28.74723991761));
#1762 = CARTESIAN_POINT('',(-0.15,-29.24765166579,-28.70354558534));
#1763 = CARTESIAN_POINT('',(-0.15,-29.18413124922,-28.67380196096));
#1764 = CARTESIAN_POINT('',(-0.15,-29.11672993343,-28.65932835813));
#1765 = CARTESIAN_POINT('',(-0.15,-28.98310084031,-28.66070026943));
#1766 = CARTESIAN_POINT('',(-0.15,-28.91671379076,-28.67623206306));
#1767 = CARTESIAN_POINT('',(-0.15,-28.85439077038,-28.70663294346));
#1768 = CARTESIAN_POINT('',(-0.15,-28.80003207735,-28.75056030542));
#1769 = CARTESIAN_POINT('',(-0.15,-28.75688305283,-28.8055386379));
#1770 = CARTESIAN_POINT('',(-0.15,-28.72737280203,-28.86828772061));
#1771 = CARTESIAN_POINT('',(-0.15,-28.71278828069,-28.93488854652));
#1772 = CARTESIAN_POINT('',(-0.15,-28.71332280078,-29.06908124781));
#1773 = CARTESIAN_POINT('',(-0.15,-28.72901137549,-29.13683029377));
#1774 = CARTESIAN_POINT('',(-0.15,-28.76016986828,-29.20037768837));
#1775 = CARTESIAN_POINT('',(-0.15,-28.80537288926,-29.255584807));
#1776 = CARTESIAN_POINT('',(-0.15,-28.86197340245,-29.29903072889));
#1777 = CARTESIAN_POINT('',(-0.15,-28.92646896384,-29.32817726444));
#1778 = CARTESIAN_POINT('',(-0.15,-28.99467818014,-29.34172979124));
#1779 = CARTESIAN_POINT('',(-0.15,-29.12792611118,-29.33807356217));
#1780 = CARTESIAN_POINT('',(-0.15,-29.193145727,-29.32182729873));
#1781 = CARTESIAN_POINT('',(-0.15,-29.25421514277,-29.29118244859));
#1782 = CARTESIAN_POINT('',(-0.15,-29.30741410217,-29.24747232262));
#1783 = CARTESIAN_POINT('',(-0.15,-29.34964921757,-29.19309516107));
#1784 = CARTESIAN_POINT('',(-0.15,-29.37860792274,-29.13120891416));
#1785 = CARTESIAN_POINT('',(-0.15,-29.39305939593,-29.06556898761));
#1786 = CARTESIAN_POINT('',(-0.15,-29.39305939593,-29.));
#1787 = PCURVE('',#1652,#1788);
#1788 = DEFINITIONAL_REPRESENTATION('',(#1789),#1820);
#1789 = B_SPLINE_CURVE_WITH_KNOTS('',8,(#1790,#1791,#1792,#1793,#1794,
    #1795,#1796,#1797,#1798,#1799,#1800,#1801,#1802,#1803,#1804,#1805,
    #1806,#1807,#1808,#1809,#1810,#1811,#1812,#1813,#1814,#1815,#1816,
    #1817,#1818,#1819),.UNSPECIFIED.,.F.,.F.,(9,7,7,7,9),(0.,
    0.251631634188,0.500633193154,0.754359822168,1.),.UNSPECIFIED.);
#1790 = CARTESIAN_POINT('',(4.707285779121,0.));
#1791 = CARTESIAN_POINT('',(4.707285779121,0.197553821257));
#1792 = CARTESIAN_POINT('',(4.707283146228,0.395343660361));
#1793 = CARTESIAN_POINT('',(4.70727786921,0.593003695935));
#1794 = CARTESIAN_POINT('',(4.707270169216,0.790531736581));
#1795 = CARTESIAN_POINT('',(4.707260457478,0.98805971149));
#1796 = CARTESIAN_POINT('',(4.70724929332,1.185719567219));
#1797 = CARTESIAN_POINT('',(4.707237376082,1.383509132405));
#1798 = CARTESIAN_POINT('',(4.707213624013,1.776551350107));
#1799 = CARTESIAN_POINT('',(4.70720176218,1.972263907189));
#1800 = CARTESIAN_POINT('',(4.707190560654,2.167853928482));
#1801 = CARTESIAN_POINT('',(4.707180732977,2.363318831456));
#1802 = CARTESIAN_POINT('',(4.707172897504,2.558783799903));
#1803 = CARTESIAN_POINT('',(4.707167528343,2.754374008262));
#1804 = CARTESIAN_POINT('',(4.707164874876,2.950086838436));
#1805 = CARTESIAN_POINT('',(4.707164972125,3.34477438494));
#1806 = CARTESIAN_POINT('',(4.707167826461,3.544219032028));
#1807 = CARTESIAN_POINT('',(4.707173495081,3.743527901949));
#1808 = CARTESIAN_POINT('',(4.707181701816,3.942699190911));
#1809 = CARTESIAN_POINT('',(4.70719193017,4.141870411888));
#1810 = CARTESIAN_POINT('',(4.707203514182,4.341179106547));
#1811 = CARTESIAN_POINT('',(4.707215691448,4.540623474101));
#1812 = CARTESIAN_POINT('',(4.707239354883,4.932671443731));
#1813 = CARTESIAN_POINT('',(4.707250877197,5.1257301977));
#1814 = CARTESIAN_POINT('',(4.707261604073,5.318675109674));
#1815 = CARTESIAN_POINT('',(4.707270895922,5.511503140557));
#1816 = CARTESIAN_POINT('',(4.707278242398,5.70433123435));
#1817 = CARTESIAN_POINT('',(4.707283270112,5.89727632612));
#1818 = CARTESIAN_POINT('',(4.707285779121,6.090335343609));
#1819 = CARTESIAN_POINT('',(4.707285779121,6.28318530718));
#1820 = ( GEOMETRIC_REPRESENTATION_CONTEXT(2)
PARAMETRIC_REPRESENTATION_CONTEXT() REPRESENTATION_CONTEXT('2D SPACE',''
  ) );
#1821 = PCURVE('',#1822,#1827);
#1822 = PLANE('',#1823);
#1823 = AXIS2_PLACEMENT_3D('',#1824,#1825,#1826);
#1824 = CARTESIAN_POINT('',(-0.15,-47.,-47.));
#1825 = DIRECTION('',(1.,0.,-0.));
#1826 = DIRECTION('',(0.,0.,1.));
#1827 = DEFINITIONAL_REPRESENTATION('',(#1828),#1859);
#1828 = B_SPLINE_CURVE_WITH_KNOTS('',8,(#1829,#1830,#1831,#1832,#1833,
    #1834,#1835,#1836,#1837,#1838,#1839,#1840,#1841,#1842,#1843,#1844,
    #1845,#1846,#1847,#1848,#1849,#1850,#1851,#1852,#1853,#1854,#1855,
    #1856,#1857,#1858),.UNSPECIFIED.,.T.,.F.,(9,7,7,7,9),(0.,
    0.251631634188,0.500633193154,0.754359822168,1.),.UNSPECIFIED.);
#1829 = CARTESIAN_POINT('',(18.,-17.60694060406));
#1830 = CARTESIAN_POINT('',(18.067168299227,-17.60694060406));
#1831 = CARTESIAN_POINT('',(18.134416674158,-17.6221056294));
#1832 = CARTESIAN_POINT('',(18.197627596968,-17.65250026866));
#1833 = CARTESIAN_POINT('',(18.252760082386,-17.69676359048));
#1834 = CARTESIAN_POINT('',(18.296454414653,-17.7523483342));
#1835 = CARTESIAN_POINT('',(18.326198039038,-17.81586875077));
#1836 = CARTESIAN_POINT('',(18.340671641864,-17.88327006656));
#1837 = CARTESIAN_POINT('',(18.339299730569,-18.01689915968));
#1838 = CARTESIAN_POINT('',(18.323767936933,-18.08328620923));
#1839 = CARTESIAN_POINT('',(18.293367056536,-18.14560922961));
#1840 = CARTESIAN_POINT('',(18.249439694578,-18.19996792264));
#1841 = CARTESIAN_POINT('',(18.194461362094,-18.24311694716));
#1842 = CARTESIAN_POINT('',(18.131712279381,-18.27262719796));
#1843 = CARTESIAN_POINT('',(18.065111453474,-18.2872117193));
#1844 = CARTESIAN_POINT('',(17.930918752187,-18.28667719921));
#1845 = CARTESIAN_POINT('',(17.863169706225,-18.2709886245));
#1846 = CARTESIAN_POINT('',(17.799622311621,-18.23983013171));
#1847 = CARTESIAN_POINT('',(17.744415192998,-18.19462711073));
#1848 = CARTESIAN_POINT('',(17.700969271103,-18.13802659755));
#1849 = CARTESIAN_POINT('',(17.671822735551,-18.07353103615));
#1850 = CARTESIAN_POINT('',(17.658270208751,-18.00532181985));
#1851 = CARTESIAN_POINT('',(17.661926437821,-17.87207388881));
#1852 = CARTESIAN_POINT('',(17.678172701267,-17.806854273));
#1853 = CARTESIAN_POINT('',(17.708817551409,-17.74578485722));
#1854 = CARTESIAN_POINT('',(17.752527677372,-17.69258589782));
#1855 = CARTESIAN_POINT('',(17.806904838923,-17.65035078243));
#1856 = CARTESIAN_POINT('',(17.868791085834,-17.62139207725));
#1857 = CARTESIAN_POINT('',(17.934431012386,-17.60694060406));
#1858 = CARTESIAN_POINT('',(18.,-17.60694060406));
#1859 = ( GEOMETRIC_REPRESENTATION_CONTEXT(2)
PARAMETRIC_REPRESENTATION_CONTEXT() REPRESENTATION_CONTEXT('2D SPACE',''
  ) );
#1860 = ORIENTED_EDGE('',*,*,#1730,.F.);
#1861 = ADVANCED_FACE('',(#1862),#1691,.T.);
#1862 = FACE_BOUND('',#1863,.T.);
#1863 = EDGE_LOOP('',(#1864));
#1864 = ORIENTED_EDGE('',*,*,#1616,.T.);
#1865 = ADVANCED_FACE('',(#1866),#1822,.T.);
#1866 = FACE_BOUND('',#1867,.T.);
#1867 = EDGE_LOOP('',(#1868));
#1868 = ORIENTED_EDGE('',*,*,#1754,.F.);
#1869 = ( GEOMETRIC_REPRESENTATION_CONTEXT(3)
GLOBAL_UNCERTAINTY_ASSIGNED_CONTEXT((#1873))
GLOBAL_UNIT_ASSIGNED_CONTEXT((#1870,#1871,#1872)) REPRESENTATION_CONTEXT
('Context #1','3D Context with UNIT and UNCERTAINTY') );
#1870 = ( LENGTH_UNIT() NAMED_UNIT(*) SI_UNIT(.MILLI.,.METRE.) );
#1871 = ( NAMED_UNIT(*) PLANE_ANGLE_UNIT() SI_UNIT($,.RADIAN.) );
#1872 = ( NAMED_UNIT(*) SI_UNIT($,.STERADIAN.) SOLID_ANGLE_UNIT() );
#1873 = UNCERTAINTY_MEASURE_WITH_UNIT(LENGTH_MEASURE(1.E-06),#1870,
  'distance_accuracy_value','confusion accuracy');
#1874 = CONTEXT_DEPENDENT_SHAPE_REPRESENTATION(#1875,#1877);
#1875 = ( REPRESENTATION_RELATIONSHIP('','',#1609,#10)
REPRESENTATION_RELATIONSHIP_WITH_TRANSFORMATION(#1876)
SHAPE_REPRESENTATION_RELATIONSHIP() );
#1876 = ITEM_DEFINED_TRANSFORMATION('','',#11,#23);
#1877 = PRODUCT_DEFINITION_SHAPE('Placement','Placement of an item',
  #1878);
#1878 = NEXT_ASSEMBLY_USAGE_OCCURRENCE('3','','',#5,#1604,$);
#1879 = PRODUCT_RELATED_PRODUCT_CATEGORY('part',$,(#1606));
#1880 = SHAPE_DEFINITION_REPRESENTATION(#1881,#1887);
#1881 = PRODUCT_DEFINITION_SHAPE('','',#1882);
#1882 = PRODUCT_DEFINITION('design','',#1883,#1886);
#1883 = PRODUCT_DEFINITION_FORMATION('','',#1884);
#1884 = PRODUCT('Open CASCADE STEP translator 7.9 1.4',
  'Open CASCADE STEP translator 7.9 1.4','',(#1885));
#1885 = PRODUCT_CONTEXT('',#2,'mechanical');
#1886 = PRODUCT_DEFINITION_CONTEXT('part definition',#2,'design');
#1887 = ADVANCED_BREP_SHAPE_REPRESENTATION('',(#11,#1888),#2147);
#1888 = MANIFOLD_SOLID_BREP('',#1889);
#1889 = CLOSED_SHELL('',(#1890,#2139,#2143));
#1890 = ADVANCED_FACE('',(#1891),#1930,.T.);
#1891 = FACE_BOUND('',#1892,.T.);
#1892 = EDGE_LOOP('',(#1893,#2007,#2031,#2138));
#1893 = ORIENTED_EDGE('',*,*,#1894,.F.);
#1894 = EDGE_CURVE('',#1895,#1895,#1897,.T.);
#1895 = VERTEX_POINT('',#1896);
#1896 = CARTESIAN_POINT('',(-0.15,36.188015445699,-20.));
#1897 = SURFACE_CURVE('',#1898,(#1929,#1968),.PCURVE_S1.);
#1898 = B_SPLINE_CURVE_WITH_KNOTS('',8,(#1899,#1900,#1901,#1902,#1903,
    #1904,#1905,#1906,#1907,#1908,#1909,#1910,#1911,#1912,#1913,#1914,
    #1915,#1916,#1917,#1918,#1919,#1920,#1921,#1922,#1923,#1924,#1925,
    #1926,#1927,#1928),.UNSPECIFIED.,.T.,.F.,(9,7,7,7,9),(0.,
    0.251631552199,0.500949494981,0.752362656785,1.),.UNSPECIFIED.);
#1899 = CARTESIAN_POINT('',(-0.15,36.188015445699,-20.));
#1900 = CARTESIAN_POINT('',(-0.15,36.188015445699,-19.93283171691));
#1901 = CARTESIAN_POINT('',(-0.15,36.172850494842,-19.86558335798));
#1902 = CARTESIAN_POINT('',(-0.15,36.142456004748,-19.80237244313));
#1903 = CARTESIAN_POINT('',(-0.15,36.09819289351,-19.74723995277));
#1904 = CARTESIAN_POINT('',(-0.15,36.042608402477,-19.70354560634));
#1905 = CARTESIAN_POINT('',(-0.15,35.979088263761,-19.67380196768));
#1906 = CARTESIAN_POINT('',(-0.15,35.911687237916,-19.65932835766));
#1907 = CARTESIAN_POINT('',(-0.15,35.777974251777,-19.66070113715));
#1908 = CARTESIAN_POINT('',(-0.15,35.711502922679,-19.67627157708));
#1909 = CARTESIAN_POINT('',(-0.15,35.649111058411,-19.70674919349));
#1910 = CARTESIAN_POINT('',(-0.15,35.594714021345,-19.75078430069));
#1911 = CARTESIAN_POINT('',(-0.15,35.551567686738,-19.80588879677));
#1912 = CARTESIAN_POINT('',(-0.15,35.522107010802,-19.86876687131));
#1913 = CARTESIAN_POINT('',(-0.15,35.507617956294,-19.93548177599));
#1914 = CARTESIAN_POINT('',(-0.15,35.508416505578,-20.06914008363));
#1915 = CARTESIAN_POINT('',(-0.15,35.523956301299,-20.13623815317));
#1916 = CARTESIAN_POINT('',(-0.15,35.55467465788,-20.19921861297));
#1917 = CARTESIAN_POINT('',(-0.15,35.599191525489,-20.25405932075));
#1918 = CARTESIAN_POINT('',(-0.15,35.654948532087,-20.29742322545));
#1919 = CARTESIAN_POINT('',(-0.15,35.718555994333,-20.32682210781));
#1920 = CARTESIAN_POINT('',(-0.15,35.785963860116,-20.34096007902));
#1921 = CARTESIAN_POINT('',(-0.15,35.91916226463,-20.33897976147));
#1922 = CARTESIAN_POINT('',(-0.15,35.985113116631,-20.32331041958));
#1923 = CARTESIAN_POINT('',(-0.15,36.046998459314,-20.29295410921));
#1924 = CARTESIAN_POINT('',(-0.15,36.100988626142,-20.24924091513));
#1925 = CARTESIAN_POINT('',(-0.15,36.143894804747,-20.19460736069));
#1926 = CARTESIAN_POINT('',(-0.15,36.173328092753,-20.13227808887));
#1927 = CARTESIAN_POINT('',(-0.15,36.188015445699,-20.0661021005));
#1928 = CARTESIAN_POINT('',(-0.15,36.188015445699,-20.));
#1929 = PCURVE('',#1930,#1935);
#1930 = TOROIDAL_SURFACE('',#1931,35.848326320764,0.34);
#1931 = AXIS2_PLACEMENT_3D('',#1932,#1933,#1934);
#1932 = CARTESIAN_POINT('',(0.,0.,-20.));
#1933 = DIRECTION('',(0.,0.,1.));
#1934 = DIRECTION('',(1.,0.,-0.));
#1935 = DEFINITIONAL_REPRESENTATION('',(#1936),#1967);
#1936 = B_SPLINE_CURVE_WITH_KNOTS('',8,(#1937,#1938,#1939,#1940,#1941,
    #1942,#1943,#1944,#1945,#1946,#1947,#1948,#1949,#1950,#1951,#1952,
    #1953,#1954,#1955,#1956,#1957,#1958,#1959,#1960,#1961,#1962,#1963,
    #1964,#1965,#1966),.UNSPECIFIED.,.F.,.F.,(9,7,7,7,9),(0.,
    0.251631552199,0.500949494981,0.752362656785,1.),.UNSPECIFIED.);
#1937 = CARTESIAN_POINT('',(1.574941321736,0.));
#1938 = CARTESIAN_POINT('',(1.574941321736,0.197553773772));
#1939 = CARTESIAN_POINT('',(1.574943058716,0.395343565834));
#1940 = CARTESIAN_POINT('',(1.574946540087,0.593003569496));
#1941 = CARTESIAN_POINT('',(1.57495161807,0.790531599462));
#1942 = CARTESIAN_POINT('',(1.574958017545,0.988059586228));
#1943 = CARTESIAN_POINT('',(1.574965365882,1.185719474588));
#1944 = CARTESIAN_POINT('',(1.574973201026,1.383509087036));
#1945 = CARTESIAN_POINT('',(1.574988811341,1.776799858017));
#1946 = CARTESIAN_POINT('',(1.574996604503,1.972762352515));
#1947 = CARTESIAN_POINT('',(1.575003954471,2.168601451139));
#1948 = CARTESIAN_POINT('',(1.575010393234,2.364314612755));
#1949 = CARTESIAN_POINT('',(1.575015518496,2.560027817489));
#1950 = CARTESIAN_POINT('',(1.575019023515,2.755867039378));
#1951 = CARTESIAN_POINT('',(1.575020747252,2.951829713467));
#1952 = CARTESIAN_POINT('',(1.575020652251,3.344949398961));
#1953 = CARTESIAN_POINT('',(1.575018803508,3.54256669688));
#1954 = CARTESIAN_POINT('',(1.575015149187,3.740054814229));
#1955 = CARTESIAN_POINT('',(1.575009862122,3.937411530168));
#1956 = CARTESIAN_POINT('',(1.575003264446,4.134768202207));
#1957 = CARTESIAN_POINT('',(1.574995774375,4.33225620505));
#1958 = CARTESIAN_POINT('',(1.574987875099,4.529873322204));
#1959 = CARTESIAN_POINT('',(1.57497233227,4.921673202278));
#1960 = CARTESIAN_POINT('',(1.574964669011,5.116308724985));
#1961 = CARTESIAN_POINT('',(1.574957512154,5.310825290695));
#1962 = CARTESIAN_POINT('',(1.574951297347,5.505220114367));
#1963 = CARTESIAN_POINT('',(1.574946375287,5.699614980151));
#1964 = CARTESIAN_POINT('',(1.574943004013,5.894131665999));
#1965 = CARTESIAN_POINT('',(1.574941321736,6.08876736453));
#1966 = CARTESIAN_POINT('',(1.574941321736,6.28318530718));
#1967 = ( GEOMETRIC_REPRESENTATION_CONTEXT(2)
PARAMETRIC_REPRESENTATION_CONTEXT() REPRESENTATION_CONTEXT('2D SPACE',''
  ) );
#1968 = PCURVE('',#1969,#1974);
#1969 = PLANE('',#1970);
#1970 = AXIS2_PLACEMENT_3D('',#1971,#1972,#1973);
#1971 = CARTESIAN_POINT('',(-0.15,-47.,-47.));
#1972 = DIRECTION('',(1.,0.,-0.));
#1973 = DIRECTION('',(0.,0.,1.));
#1974 = DEFINITIONAL_REPRESENTATION('',(#1975),#2006);
#1975 = B_SPLINE_CURVE_WITH_KNOTS('',8,(#1976,#1977,#1978,#1979,#1980,
    #1981,#1982,#1983,#1984,#1985,#1986,#1987,#1988,#1989,#1990,#1991,
    #1992,#1993,#1994,#1995,#1996,#1997,#1998,#1999,#2000,#2001,#2002,
    #2003,#2004,#2005),.UNSPECIFIED.,.T.,.F.,(9,7,7,7,9),(0.,
    0.251631552199,0.500949494981,0.752362656785,1.),.UNSPECIFIED.);
#1976 = CARTESIAN_POINT('',(27.,-83.18801544569));
#1977 = CARTESIAN_POINT('',(27.067168283082,-83.18801544569));
#1978 = CARTESIAN_POINT('',(27.134416642017,-83.17285049484));
#1979 = CARTESIAN_POINT('',(27.197627556866,-83.14245600474));
#1980 = CARTESIAN_POINT('',(27.252760047222,-83.09819289351));
#1981 = CARTESIAN_POINT('',(27.296454393652,-83.04260840247));
#1982 = CARTESIAN_POINT('',(27.326198032311,-82.97908826376));
#1983 = CARTESIAN_POINT('',(27.340671642338,-82.91168723791));
#1984 = CARTESIAN_POINT('',(27.339298862841,-82.77797425177));
#1985 = CARTESIAN_POINT('',(27.323728422916,-82.71150292267));
#1986 = CARTESIAN_POINT('',(27.293250806508,-82.64911105841));
#1987 = CARTESIAN_POINT('',(27.249215699305,-82.59471402134));
#1988 = CARTESIAN_POINT('',(27.194111203229,-82.55156768673));
#1989 = CARTESIAN_POINT('',(27.131233128689,-82.5221070108));
#1990 = CARTESIAN_POINT('',(27.064518224004,-82.50761795629));
#1991 = CARTESIAN_POINT('',(26.930859916362,-82.50841650557));
#1992 = CARTESIAN_POINT('',(26.863761846823,-82.52395630129));
#1993 = CARTESIAN_POINT('',(26.800781387026,-82.55467465788));
#1994 = CARTESIAN_POINT('',(26.745940679244,-82.59919152548));
#1995 = CARTESIAN_POINT('',(26.702576774544,-82.65494853208));
#1996 = CARTESIAN_POINT('',(26.673177892184,-82.71855599433));
#1997 = CARTESIAN_POINT('',(26.659039920972,-82.78596386011));
#1998 = CARTESIAN_POINT('',(26.661020238524,-82.91916226463));
#1999 = CARTESIAN_POINT('',(26.676689580411,-82.98511311663));
#2000 = CARTESIAN_POINT('',(26.707045890783,-83.04699845931));
#2001 = CARTESIAN_POINT('',(26.750759084861,-83.10098862614));
#2002 = CARTESIAN_POINT('',(26.805392639306,-83.14389480474));
#2003 = CARTESIAN_POINT('',(26.867721911126,-83.17332809275));
#2004 = CARTESIAN_POINT('',(26.933897899499,-83.18801544569));
#2005 = CARTESIAN_POINT('',(27.,-83.18801544569));
#2006 = ( GEOMETRIC_REPRESENTATION_CONTEXT(2)
PARAMETRIC_REPRESENTATION_CONTEXT() REPRESENTATION_CONTEXT('2D SPACE',''
  ) );
#2007 = ORIENTED_EDGE('',*,*,#2008,.T.);
#2008 = EDGE_CURVE('',#1895,#2009,#2011,.T.);
#2009 = VERTEX_POINT('',#2010);
#2010 = CARTESIAN_POINT('',(-0.15,-36.18801544569,-20.));
#2011 = SEAM_CURVE('',#2012,(#2017,#2024),.PCURVE_S1.);
#2012 = CIRCLE('',#2013,36.188326320764);
#2013 = AXIS2_PLACEMENT_3D('',#2014,#2015,#2016);
#2014 = CARTESIAN_POINT('',(0.,0.,-20.));
#2015 = DIRECTION('',(0.,0.,1.));
#2016 = DIRECTION('',(1.,0.,-0.));
#2017 = PCURVE('',#1930,#2018);
#2018 = DEFINITIONAL_REPRESENTATION('',(#2019),#2023);
#2019 = LINE('',#2020,#2021);
#2020 = CARTESIAN_POINT('',(0.,6.28318530718));
#2021 = VECTOR('',#2022,1.);
#2022 = DIRECTION('',(1.,0.));
#2023 = ( GEOMETRIC_REPRESENTATION_CONTEXT(2)
PARAMETRIC_REPRESENTATION_CONTEXT() REPRESENTATION_CONTEXT('2D SPACE',''
  ) );
#2024 = PCURVE('',#1930,#2025);
#2025 = DEFINITIONAL_REPRESENTATION('',(#2026),#2030);
#2026 = LINE('',#2027,#2028);
#2027 = CARTESIAN_POINT('',(0.,0.));
#2028 = VECTOR('',#2029,1.);
#2029 = DIRECTION('',(1.,0.));
#2030 = ( GEOMETRIC_REPRESENTATION_CONTEXT(2)
PARAMETRIC_REPRESENTATION_CONTEXT() REPRESENTATION_CONTEXT('2D SPACE',''
  ) );
#2031 = ORIENTED_EDGE('',*,*,#2032,.T.);
#2032 = EDGE_CURVE('',#2009,#2009,#2033,.T.);
#2033 = SURFACE_CURVE('',#2034,(#2065,#2099),.PCURVE_S1.);
#2034 = B_SPLINE_CURVE_WITH_KNOTS('',8,(#2035,#2036,#2037,#2038,#2039,
    #2040,#2041,#2042,#2043,#2044,#2045,#2046,#2047,#2048,#2049,#2050,
    #2051,#2052,#2053,#2054,#2055,#2056,#2057,#2058,#2059,#2060,#2061,
    #2062,#2063,#2064),.UNSPECIFIED.,.T.,.F.,(9,7,7,7,9),(0.,
    0.251631552091,0.500949494926,0.752362657859,1.),.UNSPECIFIED.);
#2035 = CARTESIAN_POINT('',(-0.15,-36.18801544569,-20.));
#2036 = CARTESIAN_POINT('',(-0.15,-36.18801544569,-19.93283171694));
#2037 = CARTESIAN_POINT('',(-0.15,-36.17285049485,-19.86558335804));
#2038 = CARTESIAN_POINT('',(-0.15,-36.14245600478,-19.80237244321));
#2039 = CARTESIAN_POINT('',(-0.15,-36.09819289358,-19.74723995287));
#2040 = CARTESIAN_POINT('',(-0.15,-36.04260840259,-19.70354560644));
#2041 = CARTESIAN_POINT('',(-0.15,-35.97908826392,-19.67380196776));
#2042 = CARTESIAN_POINT('',(-0.15,-35.91168723811,-19.6593283577));
#2043 = CARTESIAN_POINT('',(-0.15,-35.77797425199,-19.66070113711));
#2044 = CARTESIAN_POINT('',(-0.15,-35.71150292286,-19.67627157699));
#2045 = CARTESIAN_POINT('',(-0.15,-35.64911105856,-19.70674919337));
#2046 = CARTESIAN_POINT('',(-0.15,-35.59471402146,-19.75078430056));
#2047 = CARTESIAN_POINT('',(-0.15,-35.55156768682,-19.80588879663));
#2048 = CARTESIAN_POINT('',(-0.15,-35.52210701085,-19.86876687117));
#2049 = CARTESIAN_POINT('',(-0.15,-35.50761795631,-19.93548177586));
#2050 = CARTESIAN_POINT('',(-0.15,-35.50841650555,-20.06914008382));
#2051 = CARTESIAN_POINT('',(-0.15,-35.52395630139,-20.13623815367));
#2052 = CARTESIAN_POINT('',(-0.15,-35.55467465822,-20.19921861372));
#2053 = CARTESIAN_POINT('',(-0.15,-35.5991915262,-20.25405932165));
#2054 = CARTESIAN_POINT('',(-0.15,-35.65494853324,-20.29742322636));
#2055 = CARTESIAN_POINT('',(-0.15,-35.71855599593,-20.32682210856));
#2056 = CARTESIAN_POINT('',(-0.15,-35.78596386212,-20.34096007945));
#2057 = CARTESIAN_POINT('',(-0.15,-35.91916226663,-20.33897976099));
#2058 = CARTESIAN_POINT('',(-0.15,-35.98511311824,-20.32331041879));
#2059 = CARTESIAN_POINT('',(-0.15,-36.04699846048,-20.29295410826));
#2060 = CARTESIAN_POINT('',(-0.15,-36.10098862688,-20.24924091418));
#2061 = CARTESIAN_POINT('',(-0.15,-36.14389480513,-20.19460735987));
#2062 = CARTESIAN_POINT('',(-0.15,-36.17332809288,-20.13227808829));
#2063 = CARTESIAN_POINT('',(-0.15,-36.18801544569,-20.06610210021));
#2064 = CARTESIAN_POINT('',(-0.15,-36.18801544569,-20.));
#2065 = PCURVE('',#1930,#2066);
#2066 = DEFINITIONAL_REPRESENTATION('',(#2067),#2098);
#2067 = B_SPLINE_CURVE_WITH_KNOTS('',8,(#2068,#2069,#2070,#2071,#2072,
    #2073,#2074,#2075,#2076,#2077,#2078,#2079,#2080,#2081,#2082,#2083,
    #2084,#2085,#2086,#2087,#2088,#2089,#2090,#2091,#2092,#2093,#2094,
    #2095,#2096,#2097),.UNSPECIFIED.,.F.,.F.,(9,7,7,7,9),(0.,
    0.251631552091,0.500949494926,0.752362657859,1.),.UNSPECIFIED.);
#2068 = CARTESIAN_POINT('',(4.708243985444,0.));
#2069 = CARTESIAN_POINT('',(4.708243985444,0.197553773688));
#2070 = CARTESIAN_POINT('',(4.708242248463,0.395343565665));
#2071 = CARTESIAN_POINT('',(4.708238767092,0.593003569245));
#2072 = CARTESIAN_POINT('',(4.708233689109,0.790531599122));
#2073 = CARTESIAN_POINT('',(4.708227289635,0.98805958581));
#2074 = CARTESIAN_POINT('',(4.708219941298,1.185719474081));
#2075 = CARTESIAN_POINT('',(4.708212106153,1.383509086447));
#2076 = CARTESIAN_POINT('',(4.708196495839,1.776799857386));
#2077 = CARTESIAN_POINT('',(4.708188702676,1.972762351924));
#2078 = CARTESIAN_POINT('',(4.708181352708,2.168601450597));
#2079 = CARTESIAN_POINT('',(4.708174913945,2.364314612241));
#2080 = CARTESIAN_POINT('',(4.708169788684,2.560027817034));
#2081 = CARTESIAN_POINT('',(4.708166283665,2.755867038953));
#2082 = CARTESIAN_POINT('',(4.708164559927,2.951829713089));
#2083 = CARTESIAN_POINT('',(4.708164654929,3.34494939951));
#2084 = CARTESIAN_POINT('',(4.708166503672,3.542566698323));
#2085 = CARTESIAN_POINT('',(4.708170157992,3.740054816555));
#2086 = CARTESIAN_POINT('',(4.708175445057,3.937411533388));
#2087 = CARTESIAN_POINT('',(4.708182042734,4.134768206307));
#2088 = CARTESIAN_POINT('',(4.708189532805,4.33225621004));
#2089 = CARTESIAN_POINT('',(4.708197432081,4.529873328087));
#2090 = CARTESIAN_POINT('',(4.70821297491,4.921673208203));
#2091 = CARTESIAN_POINT('',(4.708220638169,5.116308730056));
#2092 = CARTESIAN_POINT('',(4.708227795025,5.310825294932));
#2093 = CARTESIAN_POINT('',(4.708234009832,5.505220117737));
#2094 = CARTESIAN_POINT('',(4.708238931893,5.699614982704));
#2095 = CARTESIAN_POINT('',(4.708242303167,5.894131667686));
#2096 = CARTESIAN_POINT('',(4.708243985444,6.088767365377));
#2097 = CARTESIAN_POINT('',(4.708243985444,6.28318530718));
#2098 = ( GEOMETRIC_REPRESENTATION_CONTEXT(2)
PARAMETRIC_REPRESENTATION_CONTEXT() REPRESENTATION_CONTEXT('2D SPACE',''
  ) );
#2099 = PCURVE('',#2100,#2105);
#2100 = PLANE('',#2101);
#2101 = AXIS2_PLACEMENT_3D('',#2102,#2103,#2104);
#2102 = CARTESIAN_POINT('',(-0.15,-47.,-47.));
#2103 = DIRECTION('',(1.,0.,-0.));
#2104 = DIRECTION('',(0.,0.,1.));
#2105 = DEFINITIONAL_REPRESENTATION('',(#2106),#2137);
#2106 = B_SPLINE_CURVE_WITH_KNOTS('',8,(#2107,#2108,#2109,#2110,#2111,
    #2112,#2113,#2114,#2115,#2116,#2117,#2118,#2119,#2120,#2121,#2122,
    #2123,#2124,#2125,#2126,#2127,#2128,#2129,#2130,#2131,#2132,#2133,
    #2134,#2135,#2136),.UNSPECIFIED.,.T.,.F.,(9,7,7,7,9),(0.,
    0.251631552091,0.500949494926,0.752362657859,1.),.UNSPECIFIED.);
#2107 = CARTESIAN_POINT('',(27.,-10.8119845543));
#2108 = CARTESIAN_POINT('',(27.067168283054,-10.8119845543));
#2109 = CARTESIAN_POINT('',(27.13441664196,-10.82714950514));
#2110 = CARTESIAN_POINT('',(27.197627556786,-10.85754399521));
#2111 = CARTESIAN_POINT('',(27.252760047127,-10.90180710641));
#2112 = CARTESIAN_POINT('',(27.296454393559,-10.9573915974));
#2113 = CARTESIAN_POINT('',(27.326198032235,-11.02091173607));
#2114 = CARTESIAN_POINT('',(27.340671642295,-11.08831276188));
#2115 = CARTESIAN_POINT('',(27.339298862888,-11.222025748));
#2116 = CARTESIAN_POINT('',(27.323728423002,-11.28849707713));
#2117 = CARTESIAN_POINT('',(27.293250806621,-11.35088894143));
#2118 = CARTESIAN_POINT('',(27.24921569944,-11.40528597853));
#2119 = CARTESIAN_POINT('',(27.194111203367,-11.44843231317));
#2120 = CARTESIAN_POINT('',(27.131233128829,-11.47789298914));
#2121 = CARTESIAN_POINT('',(27.064518224132,-11.49238204368));
#2122 = CARTESIAN_POINT('',(26.930859916175,-11.49158349444));
#2123 = CARTESIAN_POINT('',(26.863761846328,-11.4760436986));
#2124 = CARTESIAN_POINT('',(26.800781386273,-11.44532534177));
#2125 = CARTESIAN_POINT('',(26.745940678342,-11.40080847379));
#2126 = CARTESIAN_POINT('',(26.702576773633,-11.34505146675));
#2127 = CARTESIAN_POINT('',(26.673177891435,-11.28144400406));
#2128 = CARTESIAN_POINT('',(26.659039920548,-11.21403613787));
#2129 = CARTESIAN_POINT('',(26.661020239002,-11.08083773336));
#2130 = CARTESIAN_POINT('',(26.676689581203,-11.01488688175));
#2131 = CARTESIAN_POINT('',(26.707045891734,-10.95300153951));
#2132 = CARTESIAN_POINT('',(26.750759085811,-10.89901137311));
#2133 = CARTESIAN_POINT('',(26.805392640122,-10.85610519486));
#2134 = CARTESIAN_POINT('',(26.867721911701,-10.82667190711));
#2135 = CARTESIAN_POINT('',(26.933897899787,-10.8119845543));
#2136 = CARTESIAN_POINT('',(27.,-10.8119845543));
#2137 = ( GEOMETRIC_REPRESENTATION_CONTEXT(2)
PARAMETRIC_REPRESENTATION_CONTEXT() REPRESENTATION_CONTEXT('2D SPACE',''
  ) );
#2138 = ORIENTED_EDGE('',*,*,#2008,.F.);
#2139 = ADVANCED_FACE('',(#2140),#1969,.T.);
#2140 = FACE_BOUND('',#2141,.T.);
#2141 = EDGE_LOOP('',(#2142));
#2142 = ORIENTED_EDGE('',*,*,#1894,.T.);
#2143 = ADVANCED_FACE('',(#2144),#2100,.T.);
#2144 = FACE_BOUND('',#2145,.T.);
#2145 = EDGE_LOOP('',(#2146));
#2146 = ORIENTED_EDGE('',*,*,#2032,.F.);
#2147 = ( GEOMETRIC_REPRESENTATION_CONTEXT(3)
GLOBAL_UNCERTAINTY_ASSIGNED_CONTEXT((#2151))
GLOBAL_UNIT_ASSIGNED_CONTEXT((#2148,#2149,#2150)) REPRESENTATION_CONTEXT
('Context #1','3D Context with UNIT and UNCERTAINTY') );
#2148 = ( LENGTH_UNIT() NAMED_UNIT(*) SI_UNIT(.MILLI.,.METRE.) );
#2149 = ( NAMED_UNIT(*) PLANE_ANGLE_UNIT() SI_UNIT($,.RADIAN.) );
#2150 = ( NAMED_UNIT(*) SI_UNIT($,.STERADIAN.) SOLID_ANGLE_UNIT() );
#2151 = UNCERTAINTY_MEASURE_WITH_UNIT(LENGTH_MEASURE(1.E-06),#2148,
  'distance_accuracy_value','confusion accuracy');
#2152 = CONTEXT_DEPENDENT_SHAPE_REPRESENTATION(#2153,#2155);
#2153 = ( REPRESENTATION_RELATIONSHIP('','',#1887,#10)
REPRESENTATION_RELATIONSHIP_WITH_TRANSFORMATION(#2154)
SHAPE_REPRESENTATION_RELATIONSHIP() );
#2154 = ITEM_DEFINED_TRANSFORMATION('','',#11,#27);
#2155 = PRODUCT_DEFINITION_SHAPE('Placement','Placement of an item',
  #2156);
#2156 = NEXT_ASSEMBLY_USAGE_OCCURRENCE('4','','',#5,#1882,$);
#2157 = PRODUCT_RELATED_PRODUCT_CATEGORY('part',$,(#1884));
#2158 = SHAPE_DEFINITION_REPRESENTATION(#2159,#2165);
#2159 = PRODUCT_DEFINITION_SHAPE('','',#2160);
#2160 = PRODUCT_DEFINITION('design','',#2161,#2164);
#2161 = PRODUCT_DEFINITION_FORMATION('','',#2162);
#2162 = PRODUCT('Open CASCADE STEP translator 7.9 1.5',
  'Open CASCADE STEP translator 7.9 1.5','',(#2163));
#2163 = PRODUCT_CONTEXT('',#2,'mechanical');
#2164 = PRODUCT_DEFINITION_CONTEXT('part definition',#2,'design');
#2165 = ADVANCED_BREP_SHAPE_REPRESENTATION('',(#11,#2166),#2425);
#2166 = MANIFOLD_SOLID_BREP('',#2167);
#2167 = CLOSED_SHELL('',(#2168,#2417,#2421));
#2168 = ADVANCED_FACE('',(#2169),#2208,.T.);
#2169 = FACE_BOUND('',#2170,.T.);
#2170 = EDGE_LOOP('',(#2171,#2285,#2309,#2416));
#2171 = ORIENTED_EDGE('',*,*,#2172,.F.);
#2172 = EDGE_CURVE('',#2173,#2173,#2175,.T.);
#2173 = VERTEX_POINT('',#2174);
#2174 = CARTESIAN_POINT('',(-0.15,39.888453721785,-11.));
#2175 = SURFACE_CURVE('',#2176,(#2207,#2246),.PCURVE_S1.);
#2176 = B_SPLINE_CURVE_WITH_KNOTS('',8,(#2177,#2178,#2179,#2180,#2181,
    #2182,#2183,#2184,#2185,#2186,#2187,#2188,#2189,#2190,#2191,#2192,
    #2193,#2194,#2195,#2196,#2197,#2198,#2199,#2200,#2201,#2202,#2203,
    #2204,#2205,#2206),.UNSPECIFIED.,.T.,.F.,(9,7,7,7,9),(0.,
    0.251631533879,0.500949458323,0.751364082643,1.),.UNSPECIFIED.);
#2177 = CARTESIAN_POINT('',(-0.15,39.888453721785,-11.));
#2178 = CARTESIAN_POINT('',(-0.15,39.888453721785,-10.93283172253));
#2179 = CARTESIAN_POINT('',(-0.15,39.873288796511,-10.86558336915));
#2180 = CARTESIAN_POINT('',(-0.15,39.842894357651,-10.80237245708));
#2181 = CARTESIAN_POINT('',(-0.15,39.798631318712,-10.74723996507));
#2182 = CARTESIAN_POINT('',(-0.15,39.743046914366,-10.70354561379));
#2183 = CARTESIAN_POINT('',(-0.15,39.679526870859,-10.67380197021));
#2184 = CARTESIAN_POINT('',(-0.15,39.612125944234,-10.65932835763));
#2185 = CARTESIAN_POINT('',(-0.15,39.478413155641,-10.66070113718));
#2186 = CARTESIAN_POINT('',(-0.15,39.411941925684,-10.67627157963));
#2187 = CARTESIAN_POINT('',(-0.15,39.34955015746,-10.70674920085));
#2188 = CARTESIAN_POINT('',(-0.15,39.295153208574,-10.75078431276));
#2189 = CARTESIAN_POINT('',(-0.15,39.252006947804,-10.80588881039));
#2190 = CARTESIAN_POINT('',(-0.15,39.222546324051,-10.86876688206));
#2191 = CARTESIAN_POINT('',(-0.15,39.208057295186,-10.93548178113));
#2192 = CARTESIAN_POINT('',(-0.15,39.208854250522,-11.06887354646));
#2193 = CARTESIAN_POINT('',(-0.15,39.224272412312,-11.13570421691));
#2194 = CARTESIAN_POINT('',(-0.15,39.254747849852,-11.19846618584));
#2195 = CARTESIAN_POINT('',(-0.15,39.298923145613,-11.25318568802));
#2196 = CARTESIAN_POINT('',(-0.15,39.354280330478,-11.29655937609));
#2197 = CARTESIAN_POINT('',(-0.15,39.417479718596,-11.32611767876));
#2198 = CARTESIAN_POINT('',(-0.15,39.484528184831,-11.3405612036));
#2199 = CARTESIAN_POINT('',(-0.15,39.617736225906,-11.3394178231));
#2200 = CARTESIAN_POINT('',(-0.15,39.68405117152,-11.32404218057));
#2201 = CARTESIAN_POINT('',(-0.15,39.746344844271,-11.29383457946));
#2202 = CARTESIAN_POINT('',(-0.15,39.800732092097,-11.25012296287));
#2203 = CARTESIAN_POINT('',(-0.15,39.843975636592,-11.19536293482));
#2204 = CARTESIAN_POINT('',(-0.15,39.87364770615,-11.13281269931));
#2205 = CARTESIAN_POINT('',(-0.15,39.888453721785,-11.06636865036));
#2206 = CARTESIAN_POINT('',(-0.15,39.888453721785,-11.));
#2207 = PCURVE('',#2208,#2213);
#2208 = TOROIDAL_SURFACE('',#2209,39.548735757291,0.34);
#2209 = AXIS2_PLACEMENT_3D('',#2210,#2211,#2212);
#2210 = CARTESIAN_POINT('',(0.,0.,-11.));
#2211 = DIRECTION('',(0.,0.,1.));
#2212 = DIRECTION('',(1.,0.,-0.));
#2213 = DEFINITIONAL_REPRESENTATION('',(#2214),#2245);
#2214 = B_SPLINE_CURVE_WITH_KNOTS('',8,(#2215,#2216,#2217,#2218,#2219,
    #2220,#2221,#2222,#2223,#2224,#2225,#2226,#2227,#2228,#2229,#2230,
    #2231,#2232,#2233,#2234,#2235,#2236,#2237,#2238,#2239,#2240,#2241,
    #2242,#2243,#2244),.UNSPECIFIED.,.F.,.F.,(9,7,7,7,9),(0.,
    0.251631533879,0.500949458323,0.751364082643,1.),.UNSPECIFIED.);
#2215 = CARTESIAN_POINT('',(1.574556795776,0.));
#2216 = CARTESIAN_POINT('',(1.574556795776,0.197553757265));
#2217 = CARTESIAN_POINT('',(1.574558225429,0.395343532983));
#2218 = CARTESIAN_POINT('',(1.574561090834,0.593003525499));
#2219 = CARTESIAN_POINT('',(1.574565269739,0.790531551578));
#2220 = CARTESIAN_POINT('',(1.574570534435,0.988059542171));
#2221 = CARTESIAN_POINT('',(1.574576577036,1.18571944143));
#2222 = CARTESIAN_POINT('',(1.574583017026,1.383509069753));
#2223 = CARTESIAN_POINT('',(1.574595842566,1.776799874014));
#2224 = CARTESIAN_POINT('',(1.574602242946,1.972762384205));
#2225 = CARTESIAN_POINT('',(1.574608276635,2.168601493699));
#2226 = CARTESIAN_POINT('',(1.574613559934,2.364314659209));
#2227 = CARTESIAN_POINT('',(1.574617764025,2.560027860156));
#2228 = CARTESIAN_POINT('',(1.57462063866,2.755867070904));
#2229 = CARTESIAN_POINT('',(1.574622052386,2.951829728586));
#2230 = CARTESIAN_POINT('',(1.574621974626,3.344165452091));
#2231 = CARTESIAN_POINT('',(1.574620470242,3.540994143045));
#2232 = CARTESIAN_POINT('',(1.574617496827,3.73769641514));
#2233 = CARTESIAN_POINT('',(1.574613193153,3.934269884402));
#2234 = CARTESIAN_POINT('',(1.574607817882,4.130843317889));
#2235 = CARTESIAN_POINT('',(1.574601707912,4.327545498429));
#2236 = CARTESIAN_POINT('',(1.574595254043,4.524374042191));
#2237 = CARTESIAN_POINT('',(1.574582481058,4.916174013072));
#2238 = CARTESIAN_POINT('',(1.574576146692,5.11159799443));
#2239 = CARTESIAN_POINT('',(1.574570222086,5.306900393086));
#2240 = CARTESIAN_POINT('',(1.574565071408,5.502078563702));
#2241 = CARTESIAN_POINT('',(1.574560988897,5.697256769198));
#2242 = CARTESIAN_POINT('',(1.574558191594,5.892559267421));
#2243 = CARTESIAN_POINT('',(1.574556795776,6.08798339434));
#2244 = CARTESIAN_POINT('',(1.574556795776,6.28318530718));
#2245 = ( GEOMETRIC_REPRESENTATION_CONTEXT(2)
PARAMETRIC_REPRESENTATION_CONTEXT() REPRESENTATION_CONTEXT('2D SPACE',''
  ) );
#2246 = PCURVE('',#2247,#2252);
#2247 = PLANE('',#2248);
#2248 = AXIS2_PLACEMENT_3D('',#2249,#2250,#2251);
#2249 = CARTESIAN_POINT('',(-0.15,-47.,-47.));
#2250 = DIRECTION('',(1.,0.,-0.));
#2251 = DIRECTION('',(0.,0.,1.));
#2252 = DEFINITIONAL_REPRESENTATION('',(#2253),#2284);
#2253 = B_SPLINE_CURVE_WITH_KNOTS('',8,(#2254,#2255,#2256,#2257,#2258,
    #2259,#2260,#2261,#2262,#2263,#2264,#2265,#2266,#2267,#2268,#2269,
    #2270,#2271,#2272,#2273,#2274,#2275,#2276,#2277,#2278,#2279,#2280,
    #2281,#2282,#2283),.UNSPECIFIED.,.T.,.F.,(9,7,7,7,9),(0.,
    0.251631533879,0.500949458323,0.751364082643,1.),.UNSPECIFIED.);
#2254 = CARTESIAN_POINT('',(36.,-86.88845372178));
#2255 = CARTESIAN_POINT('',(36.06716827747,-86.88845372178));
#2256 = CARTESIAN_POINT('',(36.134416630847,-86.87328879651));
#2257 = CARTESIAN_POINT('',(36.197627542912,-86.84289435765));
#2258 = CARTESIAN_POINT('',(36.252760034921,-86.79863131871));
#2259 = CARTESIAN_POINT('',(36.296454386201,-86.74304691436));
#2260 = CARTESIAN_POINT('',(36.326198029783,-86.67952687085));
#2261 = CARTESIAN_POINT('',(36.340671642365,-86.61212594423));
#2262 = CARTESIAN_POINT('',(36.339298862818,-86.47841315564));
#2263 = CARTESIAN_POINT('',(36.323728420364,-86.41194192568));
#2264 = CARTESIAN_POINT('',(36.293250799143,-86.34955015746));
#2265 = CARTESIAN_POINT('',(36.249215687237,-86.29515320857));
#2266 = CARTESIAN_POINT('',(36.194111189603,-86.2520069478));
#2267 = CARTESIAN_POINT('',(36.131233117934,-86.22254632405));
#2268 = CARTESIAN_POINT('',(36.064518218864,-86.20805729518));
#2269 = CARTESIAN_POINT('',(35.93112645354,-86.20885425052));
#2270 = CARTESIAN_POINT('',(35.864295783087,-86.22427241231));
#2271 = CARTESIAN_POINT('',(35.801533814154,-86.25474784985));
#2272 = CARTESIAN_POINT('',(35.746814311975,-86.29892314561));
#2273 = CARTESIAN_POINT('',(35.703440623908,-86.35428033047));
#2274 = CARTESIAN_POINT('',(35.673882321231,-86.41747971859));
#2275 = CARTESIAN_POINT('',(35.659438796396,-86.48452818483));
#2276 = CARTESIAN_POINT('',(35.660582176895,-86.6177362259));
#2277 = CARTESIAN_POINT('',(35.675957819428,-86.68405117152));
#2278 = CARTESIAN_POINT('',(35.706165420531,-86.74634484427));
#2279 = CARTESIAN_POINT('',(35.74987703713,-86.80073209209));
#2280 = CARTESIAN_POINT('',(35.804637065178,-86.84397563659));
#2281 = CARTESIAN_POINT('',(35.86718730069,-86.87364770615));
#2282 = CARTESIAN_POINT('',(35.933631349635,-86.88845372178));
#2283 = CARTESIAN_POINT('',(36.,-86.88845372178));
#2284 = ( GEOMETRIC_REPRESENTATION_CONTEXT(2)
PARAMETRIC_REPRESENTATION_CONTEXT() REPRESENTATION_CONTEXT('2D SPACE',''
  ) );
#2285 = ORIENTED_EDGE('',*,*,#2286,.T.);
#2286 = EDGE_CURVE('',#2173,#2287,#2289,.T.);
#2287 = VERTEX_POINT('',#2288);
#2288 = CARTESIAN_POINT('',(-0.15,-39.88845372178,-11.));
#2289 = SEAM_CURVE('',#2290,(#2295,#2302),.PCURVE_S1.);
#2290 = CIRCLE('',#2291,39.888735757291);
#2291 = AXIS2_PLACEMENT_3D('',#2292,#2293,#2294);
#2292 = CARTESIAN_POINT('',(0.,0.,-11.));
#2293 = DIRECTION('',(0.,0.,1.));
#2294 = DIRECTION('',(1.,0.,-0.));
#2295 = PCURVE('',#2208,#2296);
#2296 = DEFINITIONAL_REPRESENTATION('',(#2297),#2301);
#2297 = LINE('',#2298,#2299);
#2298 = CARTESIAN_POINT('',(0.,6.28318530718));
#2299 = VECTOR('',#2300,1.);
#2300 = DIRECTION('',(1.,0.));
#2301 = ( GEOMETRIC_REPRESENTATION_CONTEXT(2)
PARAMETRIC_REPRESENTATION_CONTEXT() REPRESENTATION_CONTEXT('2D SPACE',''
  ) );
#2302 = PCURVE('',#2208,#2303);
#2303 = DEFINITIONAL_REPRESENTATION('',(#2304),#2308);
#2304 = LINE('',#2305,#2306);
#2305 = CARTESIAN_POINT('',(0.,0.));
#2306 = VECTOR('',#2307,1.);
#2307 = DIRECTION('',(1.,0.));
#2308 = ( GEOMETRIC_REPRESENTATION_CONTEXT(2)
PARAMETRIC_REPRESENTATION_CONTEXT() REPRESENTATION_CONTEXT('2D SPACE',''
  ) );
#2309 = ORIENTED_EDGE('',*,*,#2310,.T.);
#2310 = EDGE_CURVE('',#2287,#2287,#2311,.T.);
#2311 = SURFACE_CURVE('',#2312,(#2343,#2377),.PCURVE_S1.);
#2312 = B_SPLINE_CURVE_WITH_KNOTS('',8,(#2313,#2314,#2315,#2316,#2317,
    #2318,#2319,#2320,#2321,#2322,#2323,#2324,#2325,#2326,#2327,#2328,
    #2329,#2330,#2331,#2332,#2333,#2334,#2335,#2336,#2337,#2338,#2339,
    #2340,#2341,#2342),.UNSPECIFIED.,.T.,.F.,(9,7,7,7,9),(0.,
    0.251631533152,0.500949456361,0.751364073498,1.),.UNSPECIFIED.);
#2313 = CARTESIAN_POINT('',(-0.15,-39.88845372178,-11.));
#2314 = CARTESIAN_POINT('',(-0.15,-39.88845372178,-10.93283172272));
#2315 = CARTESIAN_POINT('',(-0.15,-39.87328879659,-10.86558336954));
#2316 = CARTESIAN_POINT('',(-0.15,-39.84289435791,-10.80237245764));
#2317 = CARTESIAN_POINT('',(-0.15,-39.79863131922,-10.74723996572));
#2318 = CARTESIAN_POINT('',(-0.15,-39.74304691517,-10.70354561443));
#2319 = CARTESIAN_POINT('',(-0.15,-39.67952687196,-10.67380197073));
#2320 = CARTESIAN_POINT('',(-0.15,-39.6121259456,-10.65932835793));
#2321 = CARTESIAN_POINT('',(-0.15,-39.47841315753,-10.66070113685));
#2322 = CARTESIAN_POINT('',(-0.15,-39.41194192783,-10.67627157885));
#2323 = CARTESIAN_POINT('',(-0.15,-39.34955015974,-10.70674919948));
#2324 = CARTESIAN_POINT('',(-0.15,-39.29515321079,-10.75078431072));
#2325 = CARTESIAN_POINT('',(-0.15,-39.25200694977,-10.80588880766));
#2326 = CARTESIAN_POINT('',(-0.15,-39.22254632553,-10.86876687869));
#2327 = CARTESIAN_POINT('',(-0.15,-39.20805729598,-10.93548177725));
#2328 = CARTESIAN_POINT('',(-0.15,-39.20885424965,-11.06887354033));
#2329 = CARTESIAN_POINT('',(-0.15,-39.22427240974,-11.13570420906));
#2330 = CARTESIAN_POINT('',(-0.15,-39.25474784476,-11.19846617679));
#2331 = CARTESIAN_POINT('',(-0.15,-39.2989231374,-11.25318567865));
#2332 = CARTESIAN_POINT('',(-0.15,-39.35428031885,-11.29655936746));
#2333 = CARTESIAN_POINT('',(-0.15,-39.41747970367,-11.32611767205));
#2334 = CARTESIAN_POINT('',(-0.15,-39.48452816714,-11.3405611999));
#2335 = CARTESIAN_POINT('',(-0.15,-39.61773620881,-11.33941782707));
#2336 = CARTESIAN_POINT('',(-0.15,-39.68405115775,-11.32404218724));
#2337 = CARTESIAN_POINT('',(-0.15,-39.74634483425,-11.29383458751));
#2338 = CARTESIAN_POINT('',(-0.15,-39.80073208571,-11.25012297095));
#2339 = CARTESIAN_POINT('',(-0.15,-39.84397563331,-11.19536294173));
#2340 = CARTESIAN_POINT('',(-0.15,-39.87364770506,-11.13281270421));
#2341 = CARTESIAN_POINT('',(-0.15,-39.88845372178,-11.0663686528));
#2342 = CARTESIAN_POINT('',(-0.15,-39.88845372178,-11.));
#2343 = PCURVE('',#2208,#2344);
#2344 = DEFINITIONAL_REPRESENTATION('',(#2345),#2376);
#2345 = B_SPLINE_CURVE_WITH_KNOTS('',8,(#2346,#2347,#2348,#2349,#2350,
    #2351,#2352,#2353,#2354,#2355,#2356,#2357,#2358,#2359,#2360,#2361,
    #2362,#2363,#2364,#2365,#2366,#2367,#2368,#2369,#2370,#2371,#2372,
    #2373,#2374,#2375),.UNSPECIFIED.,.F.,.F.,(9,7,7,7,9),(0.,
    0.251631533152,0.500949456361,0.751364073498,1.),.UNSPECIFIED.);
#2346 = CARTESIAN_POINT('',(4.708628511403,0.));
#2347 = CARTESIAN_POINT('',(4.708628511403,0.197553756691));
#2348 = CARTESIAN_POINT('',(4.70862708175,0.395343531832));
#2349 = CARTESIAN_POINT('',(4.708624216345,0.593003523773));
#2350 = CARTESIAN_POINT('',(4.708620037441,0.790531549278));
#2351 = CARTESIAN_POINT('',(4.708614772745,0.988059539299));
#2352 = CARTESIAN_POINT('',(4.708608730143,1.185719437982));
#2353 = CARTESIAN_POINT('',(4.708602290154,1.383509065728));
#2354 = CARTESIAN_POINT('',(4.708589464614,1.776799868443));
#2355 = CARTESIAN_POINT('',(4.708583064234,1.972762377666));
#2356 = CARTESIAN_POINT('',(4.708577030545,2.168601486163));
#2357 = CARTESIAN_POINT('',(4.708571747246,2.364314650741));
#2358 = CARTESIAN_POINT('',(4.708567543155,2.560027850678));
#2359 = CARTESIAN_POINT('',(4.708564668519,2.755867060479));
#2360 = CARTESIAN_POINT('',(4.708563254794,2.951829717174));
#2361 = CARTESIAN_POINT('',(4.708563332554,3.34416543407));
#2362 = CARTESIAN_POINT('',(4.708564836937,3.540994119365));
#2363 = CARTESIAN_POINT('',(4.708567810352,3.737696385776));
#2364 = CARTESIAN_POINT('',(4.708572114026,3.934269849462));
#2365 = CARTESIAN_POINT('',(4.708577489296,4.130843277258));
#2366 = CARTESIAN_POINT('',(4.708583599266,4.327545452185));
#2367 = CARTESIAN_POINT('',(4.708590053135,4.524373990262));
#2368 = CARTESIAN_POINT('',(4.70860282612,4.916173962693));
#2369 = CARTESIAN_POINT('',(4.708609160486,5.111597951264));
#2370 = CARTESIAN_POINT('',(4.708615085093,5.306900357148));
#2371 = CARTESIAN_POINT('',(4.708620235771,5.502078534892));
#2372 = CARTESIAN_POINT('',(4.708624318282,5.697256747616));
#2373 = CARTESIAN_POINT('',(4.708627115586,5.892559253004));
#2374 = CARTESIAN_POINT('',(4.708628511403,6.08798338716));
#2375 = CARTESIAN_POINT('',(4.708628511403,6.28318530718));
#2376 = ( GEOMETRIC_REPRESENTATION_CONTEXT(2)
PARAMETRIC_REPRESENTATION_CONTEXT() REPRESENTATION_CONTEXT('2D SPACE',''
  ) );
#2377 = PCURVE('',#2378,#2383);
#2378 = PLANE('',#2379);
#2379 = AXIS2_PLACEMENT_3D('',#2380,#2381,#2382);
#2380 = CARTESIAN_POINT('',(-0.15,-47.,-47.));
#2381 = DIRECTION('',(1.,0.,-0.));
#2382 = DIRECTION('',(0.,0.,1.));
#2383 = DEFINITIONAL_REPRESENTATION('',(#2384),#2415);
#2384 = B_SPLINE_CURVE_WITH_KNOTS('',8,(#2385,#2386,#2387,#2388,#2389,
    #2390,#2391,#2392,#2393,#2394,#2395,#2396,#2397,#2398,#2399,#2400,
    #2401,#2402,#2403,#2404,#2405,#2406,#2407,#2408,#2409,#2410,#2411,
    #2412,#2413,#2414),.UNSPECIFIED.,.T.,.F.,(9,7,7,7,9),(0.,
    0.251631533152,0.500949456361,0.751364073498,1.),.UNSPECIFIED.);
#2385 = CARTESIAN_POINT('',(36.,-7.111546278215));
#2386 = CARTESIAN_POINT('',(36.067168277275,-7.111546278215));
#2387 = CARTESIAN_POINT('',(36.134416630456,-7.126711203401));
#2388 = CARTESIAN_POINT('',(36.197627542359,-7.157105642084));
#2389 = CARTESIAN_POINT('',(36.25276003428,-7.201368680773));
#2390 = CARTESIAN_POINT('',(36.296454385565,-7.256953084825));
#2391 = CARTESIAN_POINT('',(36.326198029265,-7.320473128033));
#2392 = CARTESIAN_POINT('',(36.34067164207,-7.387874054394));
#2393 = CARTESIAN_POINT('',(36.339298863144,-7.521586842468));
#2394 = CARTESIAN_POINT('',(36.323728421146,-7.588058072168));
#2395 = CARTESIAN_POINT('',(36.293250800512,-7.650449840258));
#2396 = CARTESIAN_POINT('',(36.249215689277,-7.704846789201));
#2397 = CARTESIAN_POINT('',(36.194111192337,-7.747993050229));
#2398 = CARTESIAN_POINT('',(36.131233121305,-7.777453674468));
#2399 = CARTESIAN_POINT('',(36.064518222749,-7.791942704014));
#2400 = CARTESIAN_POINT('',(35.931126459662,-7.791145750342));
#2401 = CARTESIAN_POINT('',(35.864295790938,-7.775727590251));
#2402 = CARTESIAN_POINT('',(35.801533823206,-7.745252155236));
#2403 = CARTESIAN_POINT('',(35.746814321348,-7.701076862595));
#2404 = CARTESIAN_POINT('',(35.703440632539,-7.645719681149));
#2405 = CARTESIAN_POINT('',(35.673882327942,-7.582520296321));
#2406 = CARTESIAN_POINT('',(35.659438800092,-7.515471832857));
#2407 = CARTESIAN_POINT('',(35.660582172928,-7.38226379119));
#2408 = CARTESIAN_POINT('',(35.675957812753,-7.315948842247));
#2409 = CARTESIAN_POINT('',(35.706165412484,-7.253655165745));
#2410 = CARTESIAN_POINT('',(35.74987702905,-7.199267914288));
#2411 = CARTESIAN_POINT('',(35.804637058264,-7.156024366687));
#2412 = CARTESIAN_POINT('',(35.867187295789,-7.12635229494));
#2413 = CARTESIAN_POINT('',(35.933631347193,-7.111546278215));
#2414 = CARTESIAN_POINT('',(36.,-7.111546278215));
#2415 = ( GEOMETRIC_REPRESENTATION_CONTEXT(2)
PARAMETRIC_REPRESENTATION_CONTEXT() REPRESENTATION_CONTEXT('2D SPACE',''
  ) );
#2416 = ORIENTED_EDGE('',*,*,#2286,.F.);
#2417 = ADVANCED_FACE('',(#2418),#2247,.T.);
#2418 = FACE_BOUND('',#2419,.T.);
#2419 = EDGE_LOOP('',(#2420));
#2420 = ORIENTED_EDGE('',*,*,#2172,.T.);
#2421 = ADVANCED_FACE('',(#2422),#2378,.T.);
#2422 = FACE_BOUND('',#2423,.T.);
#2423 = EDGE_LOOP('',(#2424));
#2424 = ORIENTED_EDGE('',*,*,#2310,.F.);
#2425 = ( GEOMETRIC_REPRESENTATION_CONTEXT(3)
GLOBAL_UNCERTAINTY_ASSIGNED_CONTEXT((#2429))
GLOBAL_UNIT_ASSIGNED_CONTEXT((#2426,#2427,#2428)) REPRESENTATION_CONTEXT
('Context #1','3D Context with UNIT and UNCERTAINTY') );
#2426 = ( LENGTH_UNIT() NAMED_UNIT(*) SI_UNIT(.MILLI.,.METRE.) );
#2427 = ( NAMED_UNIT(*) PLANE_ANGLE_UNIT() SI_UNIT($,.RADIAN.) );
#2428 = ( NAMED_UNIT(*) SI_UNIT($,.STERADIAN.) SOLID_ANGLE_UNIT() );
#2429 = UNCERTAINTY_MEASURE_WITH_UNIT(LENGTH_MEASURE(1.E-06),#2426,
  'distance_accuracy_value','confusion accuracy');
#2430 = CONTEXT_DEPENDENT_SHAPE_REPRESENTATION(#2431,#2433);
#2431 = ( REPRESENTATION_RELATIONSHIP('','',#2165,#10)
REPRESENTATION_RELATIONSHIP_WITH_TRANSFORMATION(#2432)
SHAPE_REPRESENTATION_RELATIONSHIP() );
#2432 = ITEM_DEFINED_TRANSFORMATION('','',#11,#31);
#2433 = PRODUCT_DEFINITION_SHAPE('Placement','Placement of an item',
  #2434);
#2434 = NEXT_ASSEMBLY_USAGE_OCCURRENCE('5','','',#5,#2160,$);
#2435 = PRODUCT_RELATED_PRODUCT_CATEGORY('part',$,(#2162));
#2436 = SHAPE_DEFINITION_REPRESENTATION(#2437,#2443);
#2437 = PRODUCT_DEFINITION_SHAPE('','',#2438);
#2438 = PRODUCT_DEFINITION('design','',#2439,#2442);
#2439 = PRODUCT_DEFINITION_FORMATION('','',#2440);
#2440 = PRODUCT('Open CASCADE STEP translator 7.9 1.6',
  'Open CASCADE STEP translator 7.9 1.6','',(#2441));
#2441 = PRODUCT_CONTEXT('',#2,'mechanical');
#2442 = PRODUCT_DEFINITION_CONTEXT('part definition',#2,'design');
#2443 = ADVANCED_BREP_SHAPE_REPRESENTATION('',(#11,#2444),#2703);
#2444 = MANIFOLD_SOLID_BREP('',#2445);
#2445 = CLOSED_SHELL('',(#2446,#2695,#2699));
#2446 = ADVANCED_FACE('',(#2447),#2486,.T.);
#2447 = FACE_BOUND('',#2448,.T.);
#2448 = EDGE_LOOP('',(#2449,#2563,#2587,#2694));
#2449 = ORIENTED_EDGE('',*,*,#2450,.F.);
#2450 = EDGE_CURVE('',#2451,#2451,#2453,.T.);
#2451 = VERTEX_POINT('',#2452);
#2452 = CARTESIAN_POINT('',(-0.15,41.389728194324,-8.327598234202E-17));
#2453 = SURFACE_CURVE('',#2454,(#2485,#2524),.PCURVE_S1.);
#2454 = B_SPLINE_CURVE_WITH_KNOTS('',8,(#2455,#2456,#2457,#2458,#2459,
    #2460,#2461,#2462,#2463,#2464,#2465,#2466,#2467,#2468,#2469,#2470,
    #2471,#2472,#2473,#2474,#2475,#2476,#2477,#2478,#2479,#2480,#2481,
    #2482,#2483,#2484),.UNSPECIFIED.,.T.,.F.,(9,7,7,7,9),(0.,
    0.248635848623,0.493642762005,0.751363428525,1.),.UNSPECIFIED.);
#2455 = CARTESIAN_POINT('',(-0.15,41.389728194324,0.));
#2456 = CARTESIAN_POINT('',(-0.15,41.389728194324,6.636865279665E-02));
#2457 = CARTESIAN_POINT('',(-0.15,41.374922185042,0.132812701196));
#2458 = CARTESIAN_POINT('',(-0.15,41.34525013069,0.195362936093));
#2459 = CARTESIAN_POINT('',(-0.15,41.302006607453,0.250122966168));
#2460 = CARTESIAN_POINT('',(-0.15,41.247619383688,0.293834585453));
#2461 = CARTESIAN_POINT('',(-0.15,41.185325736791,0.324042186409));
#2462 = CARTESIAN_POINT('',(-0.15,41.119010820882,0.339417827034));
#2463 = CARTESIAN_POINT('',(-0.15,40.987246263435,0.34054881055));
#2464 = CARTESIAN_POINT('',(-0.15,40.921654884505,0.326734413118));
#2465 = CARTESIAN_POINT('',(-0.15,40.859663996782,0.298456829391));
#2466 = CARTESIAN_POINT('',(-0.15,40.805009985454,0.256901655212));
#2467 = CARTESIAN_POINT('',(-0.15,40.760849346055,0.204330566162));
#2468 = CARTESIAN_POINT('',(-0.15,40.729594415542,0.143786467419));
#2469 = CARTESIAN_POINT('',(-0.15,40.712610871071,7.89437458317E-02));
#2470 = CARTESIAN_POINT('',(-0.15,40.707244635393,-5.514256525204E-02));
#2471 = CARTESIAN_POINT('',(-0.15,40.720385056627,-0.124607271455));
#2472 = CARTESIAN_POINT('',(-0.15,40.749668476163,-0.190374184952));
#2473 = CARTESIAN_POINT('',(-0.15,40.793766037067,-0.248040698533));
#2474 = CARTESIAN_POINT('',(-0.15,40.850019387376,-0.293927719144));
#2475 = CARTESIAN_POINT('',(-0.15,40.914834724262,-0.325262277424));
#2476 = CARTESIAN_POINT('',(-0.15,40.983852895633,-0.340577941389));
#2477 = CARTESIAN_POINT('',(-0.15,41.119010839612,-0.339417822706));
#2478 = CARTESIAN_POINT('',(-0.15,41.185325752605,-0.324042179055));
#2479 = CARTESIAN_POINT('',(-0.15,41.247619394068,-0.293834576223));
#2480 = CARTESIAN_POINT('',(-0.15,41.302006613439,-0.250122958091));
#2481 = CARTESIAN_POINT('',(-0.15,41.345250134254,-0.195362929645));
#2482 = CARTESIAN_POINT('',(-0.15,41.374922187055,-0.132812695249));
#2483 = CARTESIAN_POINT('',(-0.15,41.389728194324,-6.636864832652E-02));
#2484 = CARTESIAN_POINT('',(-0.15,41.389728194324,0.));
#2485 = PCURVE('',#2486,#2491);
#2486 = TOROIDAL_SURFACE('',#2487,41.05,0.34);
#2487 = AXIS2_PLACEMENT_3D('',#2488,#2489,#2490);
#2488 = CARTESIAN_POINT('',(0.,0.,0.));
#2489 = DIRECTION('',(0.,0.,1.));
#2490 = DIRECTION('',(1.,0.,-0.));
#2491 = DEFINITIONAL_REPRESENTATION('',(#2492),#2523);
#2492 = B_SPLINE_CURVE_WITH_KNOTS('',8,(#2493,#2494,#2495,#2496,#2497,
    #2498,#2499,#2500,#2501,#2502,#2503,#2504,#2505,#2506,#2507,#2508,
    #2509,#2510,#2511,#2512,#2513,#2514,#2515,#2516,#2517,#2518,#2519,
    #2520,#2521,#2522),.UNSPECIFIED.,.F.,.F.,(9,7,7,7,9),(0.,
    0.248635848623,0.493642762005,0.751363428525,1.),.UNSPECIFIED.);
#2493 = CARTESIAN_POINT('',(1.574420398511,0.));
#2494 = CARTESIAN_POINT('',(1.574420398511,0.19520191999));
#2495 = CARTESIAN_POINT('',(1.574421694909,0.390626045369));
#2496 = CARTESIAN_POINT('',(1.574424292968,0.585928542696));
#2497 = CARTESIAN_POINT('',(1.574428084498,0.78110675441));
#2498 = CARTESIAN_POINT('',(1.57443286752,0.976284934087));
#2499 = CARTESIAN_POINT('',(1.574438368377,1.171587347293));
#2500 = CARTESIAN_POINT('',(1.574444248757,1.367011338888));
#2501 = CARTESIAN_POINT('',(1.574455976158,1.754565843755));
#2502 = CARTESIAN_POINT('',(1.574461835163,1.947124930204));
#2503 = CARTESIAN_POINT('',(1.574467395253,2.139571728421));
#2504 = CARTESIAN_POINT('',(1.574472317398,2.33190311742));
#2505 = CARTESIAN_POINT('',(1.574476307047,2.524234537996));
#2506 = CARTESIAN_POINT('',(1.574479135096,2.716681426708));
#2507 = CARTESIAN_POINT('',(1.574480672197,2.909240645563));
#2508 = CARTESIAN_POINT('',(1.57448115788,3.303927842833));
#2509 = CARTESIAN_POINT('',(1.574479968613,3.506527520257));
#2510 = CARTESIAN_POINT('',(1.574477317568,3.708979385182));
#2511 = CARTESIAN_POINT('',(1.574473330415,3.911282853555));
#2512 = CARTESIAN_POINT('',(1.574468260488,4.113586467857));
#2513 = CARTESIAN_POINT('',(1.574462444433,4.316038910324));
#2514 = CARTESIAN_POINT('',(1.574456278177,4.518638668755));
#2515 = CARTESIAN_POINT('',(1.574444248755,4.916174023488));
#2516 = CARTESIAN_POINT('',(1.574438368376,5.111598009312));
#2517 = CARTESIAN_POINT('',(1.574432867519,5.306900410809));
#2518 = CARTESIAN_POINT('',(1.574428084497,5.50207858191));
#2519 = CARTESIAN_POINT('',(1.574424292968,5.697256785477));
#2520 = CARTESIAN_POINT('',(1.574421694909,5.892559279363));
#2521 = CARTESIAN_POINT('',(1.574420398511,6.087983400337));
#2522 = CARTESIAN_POINT('',(1.574420398511,6.28318530718));
#2523 = ( GEOMETRIC_REPRESENTATION_CONTEXT(2)
PARAMETRIC_REPRESENTATION_CONTEXT() REPRESENTATION_CONTEXT('2D SPACE',''
  ) );
#2524 = PCURVE('',#2525,#2530);
#2525 = PLANE('',#2526);
#2526 = AXIS2_PLACEMENT_3D('',#2527,#2528,#2529);
#2527 = CARTESIAN_POINT('',(-0.15,-47.,-47.));
#2528 = DIRECTION('',(1.,0.,-0.));
#2529 = DIRECTION('',(0.,0.,1.));
#2530 = DEFINITIONAL_REPRESENTATION('',(#2531),#2562);
#2531 = B_SPLINE_CURVE_WITH_KNOTS('',8,(#2532,#2533,#2534,#2535,#2536,
    #2537,#2538,#2539,#2540,#2541,#2542,#2543,#2544,#2545,#2546,#2547,
    #2548,#2549,#2550,#2551,#2552,#2553,#2554,#2555,#2556,#2557,#2558,
    #2559,#2560,#2561),.UNSPECIFIED.,.T.,.F.,(9,7,7,7,9),(0.,
    0.248635848623,0.493642762005,0.751363428525,1.),.UNSPECIFIED.);
#2532 = CARTESIAN_POINT('',(47.,-88.38972819432));
#2533 = CARTESIAN_POINT('',(47.066368652797,-88.38972819432));
#2534 = CARTESIAN_POINT('',(47.132812701196,-88.37492218504));
#2535 = CARTESIAN_POINT('',(47.195362936093,-88.34525013069));
#2536 = CARTESIAN_POINT('',(47.250122966168,-88.30200660745));
#2537 = CARTESIAN_POINT('',(47.293834585453,-88.24761938368));
#2538 = CARTESIAN_POINT('',(47.324042186409,-88.18532573679));
#2539 = CARTESIAN_POINT('',(47.339417827034,-88.11901082088));
#2540 = CARTESIAN_POINT('',(47.34054881055,-87.98724626343));
#2541 = CARTESIAN_POINT('',(47.326734413118,-87.9216548845));
#2542 = CARTESIAN_POINT('',(47.298456829391,-87.85966399678));
#2543 = CARTESIAN_POINT('',(47.256901655212,-87.80500998545));
#2544 = CARTESIAN_POINT('',(47.204330566162,-87.76084934605));
#2545 = CARTESIAN_POINT('',(47.143786467419,-87.72959441554));
#2546 = CARTESIAN_POINT('',(47.078943745832,-87.71261087107));
#2547 = CARTESIAN_POINT('',(46.944857434748,-87.70724463539));
#2548 = CARTESIAN_POINT('',(46.875392728545,-87.72038505662));
#2549 = CARTESIAN_POINT('',(46.809625815048,-87.74966847616));
#2550 = CARTESIAN_POINT('',(46.751959301467,-87.79376603706));
#2551 = CARTESIAN_POINT('',(46.706072280856,-87.85001938737));
#2552 = CARTESIAN_POINT('',(46.674737722576,-87.91483472426));
#2553 = CARTESIAN_POINT('',(46.659422058611,-87.98385289563));
#2554 = CARTESIAN_POINT('',(46.660582177294,-88.11901083961));
#2555 = CARTESIAN_POINT('',(46.675957820945,-88.1853257526));
#2556 = CARTESIAN_POINT('',(46.706165423777,-88.24761939406));
#2557 = CARTESIAN_POINT('',(46.749877041909,-88.30200661343));
#2558 = CARTESIAN_POINT('',(46.804637070355,-88.34525013425));
#2559 = CARTESIAN_POINT('',(46.867187304751,-88.37492218705));
#2560 = CARTESIAN_POINT('',(46.933631351673,-88.38972819432));
#2561 = CARTESIAN_POINT('',(47.,-88.38972819432));
#2562 = ( GEOMETRIC_REPRESENTATION_CONTEXT(2)
PARAMETRIC_REPRESENTATION_CONTEXT() REPRESENTATION_CONTEXT('2D SPACE',''
  ) );
#2563 = ORIENTED_EDGE('',*,*,#2564,.T.);
#2564 = EDGE_CURVE('',#2451,#2565,#2567,.T.);
#2565 = VERTEX_POINT('',#2566);
#2566 = CARTESIAN_POINT('',(-0.15,-41.38972819432,-8.327598234202E-17));
#2567 = SEAM_CURVE('',#2568,(#2573,#2580),.PCURVE_S1.);
#2568 = CIRCLE('',#2569,41.39);
#2569 = AXIS2_PLACEMENT_3D('',#2570,#2571,#2572);
#2570 = CARTESIAN_POINT('',(0.,0.,-8.327598234202E-17));
#2571 = DIRECTION('',(0.,0.,1.));
#2572 = DIRECTION('',(1.,0.,-0.));
#2573 = PCURVE('',#2486,#2574);
#2574 = DEFINITIONAL_REPRESENTATION('',(#2575),#2579);
#2575 = LINE('',#2576,#2577);
#2576 = CARTESIAN_POINT('',(0.,6.28318530718));
#2577 = VECTOR('',#2578,1.);
#2578 = DIRECTION('',(1.,0.));
#2579 = ( GEOMETRIC_REPRESENTATION_CONTEXT(2)
PARAMETRIC_REPRESENTATION_CONTEXT() REPRESENTATION_CONTEXT('2D SPACE',''
  ) );
#2580 = PCURVE('',#2486,#2581);
#2581 = DEFINITIONAL_REPRESENTATION('',(#2582),#2586);
#2582 = LINE('',#2583,#2584);
#2583 = CARTESIAN_POINT('',(0.,0.));
#2584 = VECTOR('',#2585,1.);
#2585 = DIRECTION('',(1.,0.));
#2586 = ( GEOMETRIC_REPRESENTATION_CONTEXT(2)
PARAMETRIC_REPRESENTATION_CONTEXT() REPRESENTATION_CONTEXT('2D SPACE',''
  ) );
#2587 = ORIENTED_EDGE('',*,*,#2588,.T.);
#2588 = EDGE_CURVE('',#2565,#2565,#2589,.T.);
#2589 = SURFACE_CURVE('',#2590,(#2621,#2655),.PCURVE_S1.);
#2590 = B_SPLINE_CURVE_WITH_KNOTS('',8,(#2591,#2592,#2593,#2594,#2595,
    #2596,#2597,#2598,#2599,#2600,#2601,#2602,#2603,#2604,#2605,#2606,
    #2607,#2608,#2609,#2610,#2611,#2612,#2613,#2614,#2615,#2616,#2617,
    #2618,#2619,#2620),.UNSPECIFIED.,.T.,.F.,(9,7,7,7,9),(0.,
    0.251631532826,0.500949454647,0.751364061646,1.),.UNSPECIFIED.);
#2591 = CARTESIAN_POINT('',(-0.15,-41.38972819432,0.));
#2592 = CARTESIAN_POINT('',(-0.15,-41.38972819432,6.716827532925E-02));
#2593 = CARTESIAN_POINT('',(-0.15,-41.37456327765,0.134416626582));
#2594 = CARTESIAN_POINT('',(-0.15,-41.34416885602,0.197627537493));
#2595 = CARTESIAN_POINT('',(-0.15,-41.29990584139,0.252760029921));
#2596 = CARTESIAN_POINT('',(-0.15,-41.24432146618,0.296454382815));
#2597 = CARTESIAN_POINT('',(-0.15,-41.18080145462,0.326198028195));
#2598 = CARTESIAN_POINT('',(-0.15,-41.11340056121,0.340671641946));
#2599 = CARTESIAN_POINT('',(-0.15,-40.97968783892,0.339298863286));
#2600 = CARTESIAN_POINT('',(-0.15,-40.91321664233,0.323728420754));
#2601 = CARTESIAN_POINT('',(-0.15,-40.8508249062,0.293250798984));
#2602 = CARTESIAN_POINT('',(-0.15,-40.79642798646,0.249215686769));
#2603 = CARTESIAN_POINT('',(-0.15,-40.75328174969,0.194111189938));
#2604 = CARTESIAN_POINT('',(-0.15,-40.72382114234,0.13123312047));
#2605 = CARTESIAN_POINT('',(-0.15,-40.70933212071,6.451822428284E-02));
#2606 = CARTESIAN_POINT('',(-0.15,-40.71012907245,-6.887353202291E-02));
#2607 = CARTESIAN_POINT('',(-0.15,-40.72554722155,-0.135704196397));
#2608 = CARTESIAN_POINT('',(-0.15,-40.75602263563,-0.198466161389));
#2609 = CARTESIAN_POINT('',(-0.15,-40.80019789932,-0.25318566312));
#2610 = CARTESIAN_POINT('',(-0.15,-40.85555504673,-0.296559354248));
#2611 = CARTESIAN_POINT('',(-0.15,-40.91875439506,-0.326117662731));
#2612 = CARTESIAN_POINT('',(-0.15,-40.98580282173,-0.340561195173));
#2613 = CARTESIAN_POINT('',(-0.15,-41.1190107989,-0.339417832153));
#2614 = CARTESIAN_POINT('',(-0.15,-41.18532571983,-0.324042194947));
#2615 = CARTESIAN_POINT('',(-0.15,-41.24761937019,-0.293834595396));
#2616 = CARTESIAN_POINT('',(-0.15,-41.30200659825,-0.250122977311));
#2617 = CARTESIAN_POINT('',(-0.15,-41.34525012643,-0.195362946132));
#2618 = CARTESIAN_POINT('',(-0.15,-41.37492218446,-0.132812706908));
#2619 = CARTESIAN_POINT('',(-0.15,-41.38972819432,-6.636865414276E-02));
#2620 = CARTESIAN_POINT('',(-0.15,-41.38972819432,0.));
#2621 = PCURVE('',#2486,#2622);
#2622 = DEFINITIONAL_REPRESENTATION('',(#2623),#2654);
#2623 = B_SPLINE_CURVE_WITH_KNOTS('',8,(#2624,#2625,#2626,#2627,#2628,
    #2629,#2630,#2631,#2632,#2633,#2634,#2635,#2636,#2637,#2638,#2639,
    #2640,#2641,#2642,#2643,#2644,#2645,#2646,#2647,#2648,#2649,#2650,
    #2651,#2652,#2653),.UNSPECIFIED.,.F.,.F.,(9,7,7,7,9),(0.,
    0.251631532826,0.500949454647,0.751364061646,1.),.UNSPECIFIED.);
#2624 = CARTESIAN_POINT('',(4.708764908668,0.));
#2625 = CARTESIAN_POINT('',(4.708764908668,0.197553750968));
#2626 = CARTESIAN_POINT('',(4.708763580845,0.395343520437));
#2627 = CARTESIAN_POINT('',(4.708760919536,0.59300350844));
#2628 = CARTESIAN_POINT('',(4.708757038488,0.790531532391));
#2629 = CARTESIAN_POINT('',(4.708752149607,0.988059523436));
#2630 = CARTESIAN_POINT('',(4.708746539241,1.185719425459));
#2631 = CARTESIAN_POINT('',(4.708740560872,1.383509058197));
#2632 = CARTESIAN_POINT('',(4.708728656362,1.776799870602));
#2633 = CARTESIAN_POINT('',(4.708722716441,1.972762383937));
#2634 = CARTESIAN_POINT('',(4.708717117719,2.168601494998));
#2635 = CARTESIAN_POINT('',(4.708712216069,2.364314659753));
#2636 = CARTESIAN_POINT('',(4.708708316135,2.560027857427));
#2637 = CARTESIAN_POINT('',(4.708705649611,2.755867062455));
#2638 = CARTESIAN_POINT('',(4.708704338232,2.951829712675));
#2639 = CARTESIAN_POINT('',(4.708704410362,3.3441654096));
#2640 = CARTESIAN_POINT('',(4.708705805836,3.540994081563));
#2641 = CARTESIAN_POINT('',(4.708708563996,3.737696336489));
#2642 = CARTESIAN_POINT('',(4.708712556332,3.934269791174));
#2643 = CARTESIAN_POINT('',(4.708717543353,4.130843212561));
#2644 = CARTESIAN_POINT('',(4.708723212919,4.327545383313));
#2645 = CARTESIAN_POINT('',(4.708729202551,4.524373918751));
#2646 = CARTESIAN_POINT('',(4.708741058421,4.916173903515));
#2647 = CARTESIAN_POINT('',(4.708746938801,5.111597906558));
#2648 = CARTESIAN_POINT('',(4.708752439658,5.306900325153));
#2649 = CARTESIAN_POINT('',(4.708757222681,5.502078513414));
#2650 = CARTESIAN_POINT('',(4.708761014211,5.697256733997));
#2651 = CARTESIAN_POINT('',(4.708763612271,5.892559245074));
#2652 = CARTESIAN_POINT('',(4.708764908668,6.08798338323));
#2653 = CARTESIAN_POINT('',(4.708764908668,6.28318530718));
#2654 = ( GEOMETRIC_REPRESENTATION_CONTEXT(2)
PARAMETRIC_REPRESENTATION_CONTEXT() REPRESENTATION_CONTEXT('2D SPACE',''
  ) );
#2655 = PCURVE('',#2656,#2661);
#2656 = PLANE('',#2657);
#2657 = AXIS2_PLACEMENT_3D('',#2658,#2659,#2660);
#2658 = CARTESIAN_POINT('',(-0.15,-47.,-47.));
#2659 = DIRECTION('',(1.,0.,-0.));
#2660 = DIRECTION('',(0.,0.,1.));
#2661 = DEFINITIONAL_REPRESENTATION('',(#2662),#2693);
#2662 = B_SPLINE_CURVE_WITH_KNOTS('',8,(#2663,#2664,#2665,#2666,#2667,
    #2668,#2669,#2670,#2671,#2672,#2673,#2674,#2675,#2676,#2677,#2678,
    #2679,#2680,#2681,#2682,#2683,#2684,#2685,#2686,#2687,#2688,#2689,
    #2690,#2691,#2692),.UNSPECIFIED.,.T.,.F.,(9,7,7,7,9),(0.,
    0.251631532826,0.500949454647,0.751364061646,1.),.UNSPECIFIED.);
#2663 = CARTESIAN_POINT('',(47.,-5.610271805676));
#2664 = CARTESIAN_POINT('',(47.067168275329,-5.610271805676));
#2665 = CARTESIAN_POINT('',(47.134416626582,-5.625436722346));
#2666 = CARTESIAN_POINT('',(47.197627537493,-5.655831143976));
#2667 = CARTESIAN_POINT('',(47.252760029921,-5.700094158601));
#2668 = CARTESIAN_POINT('',(47.296454382815,-5.755678533816));
#2669 = CARTESIAN_POINT('',(47.326198028195,-5.819198545371));
#2670 = CARTESIAN_POINT('',(47.340671641946,-5.886599438783));
#2671 = CARTESIAN_POINT('',(47.339298863286,-6.020312161077));
#2672 = CARTESIAN_POINT('',(47.323728420754,-6.08678335767));
#2673 = CARTESIAN_POINT('',(47.293250798984,-6.149175093796));
#2674 = CARTESIAN_POINT('',(47.249215686769,-6.203572013533));
#2675 = CARTESIAN_POINT('',(47.194111189938,-6.246718250309));
#2676 = CARTESIAN_POINT('',(47.13123312047,-6.276178857658));
#2677 = CARTESIAN_POINT('',(47.064518224283,-6.290667879284));
#2678 = CARTESIAN_POINT('',(46.931126467977,-6.289870927547));
#2679 = CARTESIAN_POINT('',(46.864295803603,-6.274452778441));
#2680 = CARTESIAN_POINT('',(46.801533838611,-6.243977364365));
#2681 = CARTESIAN_POINT('',(46.74681433688,-6.199802100671));
#2682 = CARTESIAN_POINT('',(46.703440645752,-6.14444495327));
#2683 = CARTESIAN_POINT('',(46.673882337269,-6.081245604938));
#2684 = CARTESIAN_POINT('',(46.659438804827,-6.014197178261));
#2685 = CARTESIAN_POINT('',(46.660582167847,-5.880989201099));
#2686 = CARTESIAN_POINT('',(46.675957805053,-5.814674280169));
#2687 = CARTESIAN_POINT('',(46.706165404604,-5.752380629802));
#2688 = CARTESIAN_POINT('',(46.749877022689,-5.697993401746));
#2689 = CARTESIAN_POINT('',(46.804637053868,-5.654749873564));
#2690 = CARTESIAN_POINT('',(46.867187293092,-5.625077815539));
#2691 = CARTESIAN_POINT('',(46.933631345857,-5.610271805676));
#2692 = CARTESIAN_POINT('',(47.,-5.610271805676));
#2693 = ( GEOMETRIC_REPRESENTATION_CONTEXT(2)
PARAMETRIC_REPRESENTATION_CONTEXT() REPRESENTATION_CONTEXT('2D SPACE',''
  ) );
#2694 = ORIENTED_EDGE('',*,*,#2564,.F.);
#2695 = ADVANCED_FACE('',(#2696),#2525,.T.);
#2696 = FACE_BOUND('',#2697,.T.);
#2697 = EDGE_LOOP('',(#2698));
#2698 = ORIENTED_EDGE('',*,*,#2450,.T.);
#2699 = ADVANCED_FACE('',(#2700),#2656,.T.);
#2700 = FACE_BOUND('',#2701,.T.);
#2701 = EDGE_LOOP('',(#2702));
#2702 = ORIENTED_EDGE('',*,*,#2588,.F.);
#2703 = ( GEOMETRIC_REPRESENTATION_CONTEXT(3)
GLOBAL_UNCERTAINTY_ASSIGNED_CONTEXT((#2707))
GLOBAL_UNIT_ASSIGNED_CONTEXT((#2704,#2705,#2706)) REPRESENTATION_CONTEXT
('Context #1','3D Context with UNIT and UNCERTAINTY') );
#2704 = ( LENGTH_UNIT() NAMED_UNIT(*) SI_UNIT(.MILLI.,.METRE.) );
#2705 = ( NAMED_UNIT(*) PLANE_ANGLE_UNIT() SI_UNIT($,.RADIAN.) );
#2706 = ( NAMED_UNIT(*) SI_UNIT($,.STERADIAN.) SOLID_ANGLE_UNIT() );
#2707 = UNCERTAINTY_MEASURE_WITH_UNIT(LENGTH_MEASURE(1.E-06),#2704,
  'distance_accuracy_value','confusion accuracy');
#2708 = CONTEXT_DEPENDENT_SHAPE_REPRESENTATION(#2709,#2711);
#2709 = ( REPRESENTATION_RELATIONSHIP('','',#2443,#10)
REPRESENTATION_RELATIONSHIP_WITH_TRANSFORMATION(#2710)
SHAPE_REPRESENTATION_RELATIONSHIP() );
#2710 = ITEM_DEFINED_TRANSFORMATION('','',#11,#35);
#2711 = PRODUCT_DEFINITION_SHAPE('Placement','Placement of an item',
  #2712);
#2712 = NEXT_ASSEMBLY_USAGE_OCCURRENCE('6','','',#5,#2438,$);
#2713 = PRODUCT_RELATED_PRODUCT_CATEGORY('part',$,(#2440));
#2714 = SHAPE_DEFINITION_REPRESENTATION(#2715,#2721);
#2715 = PRODUCT_DEFINITION_SHAPE('','',#2716);
#2716 = PRODUCT_DEFINITION('design','',#2717,#2720);
#2717 = PRODUCT_DEFINITION_FORMATION('','',#2718);
#2718 = PRODUCT('Open CASCADE STEP translator 7.9 1.7',
  'Open CASCADE STEP translator 7.9 1.7','',(#2719));
#2719 = PRODUCT_CONTEXT('',#2,'mechanical');
#2720 = PRODUCT_DEFINITION_CONTEXT('part definition',#2,'design');
#2721 = ADVANCED_BREP_SHAPE_REPRESENTATION('',(#11,#2722),#2981);
#2722 = MANIFOLD_SOLID_BREP('',#2723);
#2723 = CLOSED_SHELL('',(#2724,#2973,#2977));
#2724 = ADVANCED_FACE('',(#2725),#2764,.T.);
#2725 = FACE_BOUND('',#2726,.T.);
#2726 = EDGE_LOOP('',(#2727,#2841,#2865,#2972));
#2727 = ORIENTED_EDGE('',*,*,#2728,.F.);
#2728 = EDGE_CURVE('',#2729,#2729,#2731,.T.);
#2729 = VERTEX_POINT('',#2730);
#2730 = CARTESIAN_POINT('',(-0.15,39.888453721785,11.));
#2731 = SURFACE_CURVE('',#2732,(#2763,#2802),.PCURVE_S1.);
#2732 = B_SPLINE_CURVE_WITH_KNOTS('',8,(#2733,#2734,#2735,#2736,#2737,
    #2738,#2739,#2740,#2741,#2742,#2743,#2744,#2745,#2746,#2747,#2748,
    #2749,#2750,#2751,#2752,#2753,#2754,#2755,#2756,#2757,#2758,#2759,
    #2760,#2761,#2762),.UNSPECIFIED.,.T.,.F.,(9,7,7,7,9),(0.,
    0.251631533879,0.500949458323,0.751364082643,1.),.UNSPECIFIED.);
#2733 = CARTESIAN_POINT('',(-0.15,39.888453721785,11.));
#2734 = CARTESIAN_POINT('',(-0.15,39.888453721785,11.06716827747));
#2735 = CARTESIAN_POINT('',(-0.15,39.873288796511,11.134416630847));
#2736 = CARTESIAN_POINT('',(-0.15,39.842894357651,11.197627542912));
#2737 = CARTESIAN_POINT('',(-0.15,39.798631318712,11.252760034921));
#2738 = CARTESIAN_POINT('',(-0.15,39.743046914366,11.296454386201));
#2739 = CARTESIAN_POINT('',(-0.15,39.679526870859,11.326198029783));
#2740 = CARTESIAN_POINT('',(-0.15,39.612125944234,11.340671642365));
#2741 = CARTESIAN_POINT('',(-0.15,39.478413155641,11.339298862818));
#2742 = CARTESIAN_POINT('',(-0.15,39.411941925684,11.323728420364));
#2743 = CARTESIAN_POINT('',(-0.15,39.34955015746,11.293250799143));
#2744 = CARTESIAN_POINT('',(-0.15,39.295153208574,11.249215687237));
#2745 = CARTESIAN_POINT('',(-0.15,39.252006947804,11.194111189603));
#2746 = CARTESIAN_POINT('',(-0.15,39.222546324051,11.131233117934));
#2747 = CARTESIAN_POINT('',(-0.15,39.208057295186,11.064518218864));
#2748 = CARTESIAN_POINT('',(-0.15,39.208854250522,10.93112645354));
#2749 = CARTESIAN_POINT('',(-0.15,39.224272412312,10.864295783087));
#2750 = CARTESIAN_POINT('',(-0.15,39.254747849852,10.801533814154));
#2751 = CARTESIAN_POINT('',(-0.15,39.298923145613,10.746814311975));
#2752 = CARTESIAN_POINT('',(-0.15,39.354280330478,10.703440623908));
#2753 = CARTESIAN_POINT('',(-0.15,39.417479718596,10.673882321231));
#2754 = CARTESIAN_POINT('',(-0.15,39.484528184831,10.659438796396));
#2755 = CARTESIAN_POINT('',(-0.15,39.617736225906,10.660582176895));
#2756 = CARTESIAN_POINT('',(-0.15,39.68405117152,10.675957819428));
#2757 = CARTESIAN_POINT('',(-0.15,39.746344844271,10.706165420531));
#2758 = CARTESIAN_POINT('',(-0.15,39.800732092097,10.74987703713));
#2759 = CARTESIAN_POINT('',(-0.15,39.843975636592,10.804637065178));
#2760 = CARTESIAN_POINT('',(-0.15,39.87364770615,10.86718730069));
#2761 = CARTESIAN_POINT('',(-0.15,39.888453721785,10.933631349635));
#2762 = CARTESIAN_POINT('',(-0.15,39.888453721785,11.));
#2763 = PCURVE('',#2764,#2769);
#2764 = TOROIDAL_SURFACE('',#2765,39.548735757291,0.34);
#2765 = AXIS2_PLACEMENT_3D('',#2766,#2767,#2768);
#2766 = CARTESIAN_POINT('',(0.,0.,11.));
#2767 = DIRECTION('',(0.,0.,1.));
#2768 = DIRECTION('',(1.,0.,-0.));
#2769 = DEFINITIONAL_REPRESENTATION('',(#2770),#2801);
#2770 = B_SPLINE_CURVE_WITH_KNOTS('',8,(#2771,#2772,#2773,#2774,#2775,
    #2776,#2777,#2778,#2779,#2780,#2781,#2782,#2783,#2784,#2785,#2786,
    #2787,#2788,#2789,#2790,#2791,#2792,#2793,#2794,#2795,#2796,#2797,
    #2798,#2799,#2800),.UNSPECIFIED.,.F.,.F.,(9,7,7,7,9),(0.,
    0.251631533879,0.500949458323,0.751364082643,1.),.UNSPECIFIED.);
#2771 = CARTESIAN_POINT('',(1.574556795776,0.));
#2772 = CARTESIAN_POINT('',(1.574556795776,0.197553757265));
#2773 = CARTESIAN_POINT('',(1.574558225429,0.395343532983));
#2774 = CARTESIAN_POINT('',(1.574561090834,0.593003525499));
#2775 = CARTESIAN_POINT('',(1.574565269739,0.790531551578));
#2776 = CARTESIAN_POINT('',(1.574570534435,0.988059542171));
#2777 = CARTESIAN_POINT('',(1.574576577036,1.18571944143));
#2778 = CARTESIAN_POINT('',(1.574583017026,1.383509069753));
#2779 = CARTESIAN_POINT('',(1.574595842566,1.776799874014));
#2780 = CARTESIAN_POINT('',(1.574602242946,1.972762384205));
#2781 = CARTESIAN_POINT('',(1.574608276635,2.168601493699));
#2782 = CARTESIAN_POINT('',(1.574613559934,2.364314659209));
#2783 = CARTESIAN_POINT('',(1.574617764025,2.560027860156));
#2784 = CARTESIAN_POINT('',(1.57462063866,2.755867070904));
#2785 = CARTESIAN_POINT('',(1.574622052386,2.951829728586));
#2786 = CARTESIAN_POINT('',(1.574621974626,3.344165452091));
#2787 = CARTESIAN_POINT('',(1.574620470242,3.540994143045));
#2788 = CARTESIAN_POINT('',(1.574617496827,3.73769641514));
#2789 = CARTESIAN_POINT('',(1.574613193153,3.934269884402));
#2790 = CARTESIAN_POINT('',(1.574607817882,4.130843317889));
#2791 = CARTESIAN_POINT('',(1.574601707912,4.327545498429));
#2792 = CARTESIAN_POINT('',(1.574595254043,4.524374042191));
#2793 = CARTESIAN_POINT('',(1.574582481058,4.916174013072));
#2794 = CARTESIAN_POINT('',(1.574576146692,5.11159799443));
#2795 = CARTESIAN_POINT('',(1.574570222086,5.306900393086));
#2796 = CARTESIAN_POINT('',(1.574565071408,5.502078563702));
#2797 = CARTESIAN_POINT('',(1.574560988897,5.697256769198));
#2798 = CARTESIAN_POINT('',(1.574558191594,5.892559267421));
#2799 = CARTESIAN_POINT('',(1.574556795776,6.08798339434));
#2800 = CARTESIAN_POINT('',(1.574556795776,6.28318530718));
#2801 = ( GEOMETRIC_REPRESENTATION_CONTEXT(2)
PARAMETRIC_REPRESENTATION_CONTEXT() REPRESENTATION_CONTEXT('2D SPACE',''
  ) );
#2802 = PCURVE('',#2803,#2808);
#2803 = PLANE('',#2804);
#2804 = AXIS2_PLACEMENT_3D('',#2805,#2806,#2807);
#2805 = CARTESIAN_POINT('',(-0.15,-47.,-47.));
#2806 = DIRECTION('',(1.,0.,-0.));
#2807 = DIRECTION('',(0.,0.,1.));
#2808 = DEFINITIONAL_REPRESENTATION('',(#2809),#2840);
#2809 = B_SPLINE_CURVE_WITH_KNOTS('',8,(#2810,#2811,#2812,#2813,#2814,
    #2815,#2816,#2817,#2818,#2819,#2820,#2821,#2822,#2823,#2824,#2825,
    #2826,#2827,#2828,#2829,#2830,#2831,#2832,#2833,#2834,#2835,#2836,
    #2837,#2838,#2839),.UNSPECIFIED.,.T.,.F.,(9,7,7,7,9),(0.,
    0.251631533879,0.500949458323,0.751364082643,1.),.UNSPECIFIED.);
#2810 = CARTESIAN_POINT('',(58.,-86.88845372178));
#2811 = CARTESIAN_POINT('',(58.06716827747,-86.88845372178));
#2812 = CARTESIAN_POINT('',(58.134416630847,-86.87328879651));
#2813 = CARTESIAN_POINT('',(58.197627542912,-86.84289435765));
#2814 = CARTESIAN_POINT('',(58.252760034921,-86.79863131871));
#2815 = CARTESIAN_POINT('',(58.296454386201,-86.74304691436));
#2816 = CARTESIAN_POINT('',(58.326198029783,-86.67952687085));
#2817 = CARTESIAN_POINT('',(58.340671642365,-86.61212594423));
#2818 = CARTESIAN_POINT('',(58.339298862818,-86.47841315564));
#2819 = CARTESIAN_POINT('',(58.323728420364,-86.41194192568));
#2820 = CARTESIAN_POINT('',(58.293250799143,-86.34955015746));
#2821 = CARTESIAN_POINT('',(58.249215687237,-86.29515320857));
#2822 = CARTESIAN_POINT('',(58.194111189603,-86.2520069478));
#2823 = CARTESIAN_POINT('',(58.131233117934,-86.22254632405));
#2824 = CARTESIAN_POINT('',(58.064518218864,-86.20805729518));
#2825 = CARTESIAN_POINT('',(57.93112645354,-86.20885425052));
#2826 = CARTESIAN_POINT('',(57.864295783087,-86.22427241231));
#2827 = CARTESIAN_POINT('',(57.801533814154,-86.25474784985));
#2828 = CARTESIAN_POINT('',(57.746814311975,-86.29892314561));
#2829 = CARTESIAN_POINT('',(57.703440623908,-86.35428033047));
#2830 = CARTESIAN_POINT('',(57.673882321231,-86.41747971859));
#2831 = CARTESIAN_POINT('',(57.659438796396,-86.48452818483));
#2832 = CARTESIAN_POINT('',(57.660582176895,-86.6177362259));
#2833 = CARTESIAN_POINT('',(57.675957819428,-86.68405117152));
#2834 = CARTESIAN_POINT('',(57.706165420531,-86.74634484427));
#2835 = CARTESIAN_POINT('',(57.74987703713,-86.80073209209));
#2836 = CARTESIAN_POINT('',(57.804637065178,-86.84397563659));
#2837 = CARTESIAN_POINT('',(57.86718730069,-86.87364770615));
#2838 = CARTESIAN_POINT('',(57.933631349635,-86.88845372178));
#2839 = CARTESIAN_POINT('',(58.,-86.88845372178));
#2840 = ( GEOMETRIC_REPRESENTATION_CONTEXT(2)
PARAMETRIC_REPRESENTATION_CONTEXT() REPRESENTATION_CONTEXT('2D SPACE',''
  ) );
#2841 = ORIENTED_EDGE('',*,*,#2842,.T.);
#2842 = EDGE_CURVE('',#2729,#2843,#2845,.T.);
#2843 = VERTEX_POINT('',#2844);
#2844 = CARTESIAN_POINT('',(-0.15,-39.88845372178,11.));
#2845 = SEAM_CURVE('',#2846,(#2851,#2858),.PCURVE_S1.);
#2846 = CIRCLE('',#2847,39.888735757291);
#2847 = AXIS2_PLACEMENT_3D('',#2848,#2849,#2850);
#2848 = CARTESIAN_POINT('',(0.,0.,11.));
#2849 = DIRECTION('',(0.,0.,1.));
#2850 = DIRECTION('',(1.,0.,-0.));
#2851 = PCURVE('',#2764,#2852);
#2852 = DEFINITIONAL_REPRESENTATION('',(#2853),#2857);
#2853 = LINE('',#2854,#2855);
#2854 = CARTESIAN_POINT('',(0.,6.28318530718));
#2855 = VECTOR('',#2856,1.);
#2856 = DIRECTION('',(1.,0.));
#2857 = ( GEOMETRIC_REPRESENTATION_CONTEXT(2)
PARAMETRIC_REPRESENTATION_CONTEXT() REPRESENTATION_CONTEXT('2D SPACE',''
  ) );
#2858 = PCURVE('',#2764,#2859);
#2859 = DEFINITIONAL_REPRESENTATION('',(#2860),#2864);
#2860 = LINE('',#2861,#2862);
#2861 = CARTESIAN_POINT('',(0.,0.));
#2862 = VECTOR('',#2863,1.);
#2863 = DIRECTION('',(1.,0.));
#2864 = ( GEOMETRIC_REPRESENTATION_CONTEXT(2)
PARAMETRIC_REPRESENTATION_CONTEXT() REPRESENTATION_CONTEXT('2D SPACE',''
  ) );
#2865 = ORIENTED_EDGE('',*,*,#2866,.T.);
#2866 = EDGE_CURVE('',#2843,#2843,#2867,.T.);
#2867 = SURFACE_CURVE('',#2868,(#2899,#2933),.PCURVE_S1.);
#2868 = B_SPLINE_CURVE_WITH_KNOTS('',8,(#2869,#2870,#2871,#2872,#2873,
    #2874,#2875,#2876,#2877,#2878,#2879,#2880,#2881,#2882,#2883,#2884,
    #2885,#2886,#2887,#2888,#2889,#2890,#2891,#2892,#2893,#2894,#2895,
    #2896,#2897,#2898),.UNSPECIFIED.,.T.,.F.,(9,7,7,7,9),(0.,
    0.251631533152,0.500949456361,0.751364073498,1.),.UNSPECIFIED.);
#2869 = CARTESIAN_POINT('',(-0.15,-39.88845372178,11.));
#2870 = CARTESIAN_POINT('',(-0.15,-39.88845372178,11.067168277275));
#2871 = CARTESIAN_POINT('',(-0.15,-39.87328879659,11.134416630456));
#2872 = CARTESIAN_POINT('',(-0.15,-39.84289435791,11.197627542359));
#2873 = CARTESIAN_POINT('',(-0.15,-39.79863131922,11.25276003428));
#2874 = CARTESIAN_POINT('',(-0.15,-39.74304691517,11.296454385565));
#2875 = CARTESIAN_POINT('',(-0.15,-39.67952687196,11.326198029265));
#2876 = CARTESIAN_POINT('',(-0.15,-39.6121259456,11.34067164207));
#2877 = CARTESIAN_POINT('',(-0.15,-39.47841315753,11.339298863144));
#2878 = CARTESIAN_POINT('',(-0.15,-39.41194192783,11.323728421146));
#2879 = CARTESIAN_POINT('',(-0.15,-39.34955015974,11.293250800512));
#2880 = CARTESIAN_POINT('',(-0.15,-39.29515321079,11.249215689277));
#2881 = CARTESIAN_POINT('',(-0.15,-39.25200694977,11.194111192337));
#2882 = CARTESIAN_POINT('',(-0.15,-39.22254632553,11.131233121305));
#2883 = CARTESIAN_POINT('',(-0.15,-39.20805729598,11.064518222749));
#2884 = CARTESIAN_POINT('',(-0.15,-39.20885424965,10.931126459662));
#2885 = CARTESIAN_POINT('',(-0.15,-39.22427240974,10.864295790938));
#2886 = CARTESIAN_POINT('',(-0.15,-39.25474784476,10.801533823206));
#2887 = CARTESIAN_POINT('',(-0.15,-39.2989231374,10.746814321348));
#2888 = CARTESIAN_POINT('',(-0.15,-39.35428031885,10.703440632539));
#2889 = CARTESIAN_POINT('',(-0.15,-39.41747970367,10.673882327942));
#2890 = CARTESIAN_POINT('',(-0.15,-39.48452816714,10.659438800092));
#2891 = CARTESIAN_POINT('',(-0.15,-39.61773620881,10.660582172928));
#2892 = CARTESIAN_POINT('',(-0.15,-39.68405115775,10.675957812753));
#2893 = CARTESIAN_POINT('',(-0.15,-39.74634483425,10.706165412484));
#2894 = CARTESIAN_POINT('',(-0.15,-39.80073208571,10.74987702905));
#2895 = CARTESIAN_POINT('',(-0.15,-39.84397563331,10.804637058264));
#2896 = CARTESIAN_POINT('',(-0.15,-39.87364770506,10.867187295789));
#2897 = CARTESIAN_POINT('',(-0.15,-39.88845372178,10.933631347193));
#2898 = CARTESIAN_POINT('',(-0.15,-39.88845372178,11.));
#2899 = PCURVE('',#2764,#2900);
#2900 = DEFINITIONAL_REPRESENTATION('',(#2901),#2932);
#2901 = B_SPLINE_CURVE_WITH_KNOTS('',8,(#2902,#2903,#2904,#2905,#2906,
    #2907,#2908,#2909,#2910,#2911,#2912,#2913,#2914,#2915,#2916,#2917,
    #2918,#2919,#2920,#2921,#2922,#2923,#2924,#2925,#2926,#2927,#2928,
    #2929,#2930,#2931),.UNSPECIFIED.,.F.,.F.,(9,7,7,7,9),(0.,
    0.251631533152,0.500949456361,0.751364073498,1.),.UNSPECIFIED.);
#2902 = CARTESIAN_POINT('',(4.708628511403,0.));
#2903 = CARTESIAN_POINT('',(4.708628511403,0.197553756691));
#2904 = CARTESIAN_POINT('',(4.70862708175,0.395343531832));
#2905 = CARTESIAN_POINT('',(4.708624216345,0.593003523773));
#2906 = CARTESIAN_POINT('',(4.708620037441,0.790531549278));
#2907 = CARTESIAN_POINT('',(4.708614772745,0.988059539299));
#2908 = CARTESIAN_POINT('',(4.708608730143,1.185719437982));
#2909 = CARTESIAN_POINT('',(4.708602290154,1.383509065728));
#2910 = CARTESIAN_POINT('',(4.708589464614,1.776799868443));
#2911 = CARTESIAN_POINT('',(4.708583064234,1.972762377666));
#2912 = CARTESIAN_POINT('',(4.708577030545,2.168601486163));
#2913 = CARTESIAN_POINT('',(4.708571747246,2.364314650741));
#2914 = CARTESIAN_POINT('',(4.708567543155,2.560027850678));
#2915 = CARTESIAN_POINT('',(4.708564668519,2.755867060479));
#2916 = CARTESIAN_POINT('',(4.708563254794,2.951829717174));
#2917 = CARTESIAN_POINT('',(4.708563332554,3.34416543407));
#2918 = CARTESIAN_POINT('',(4.708564836937,3.540994119365));
#2919 = CARTESIAN_POINT('',(4.708567810352,3.737696385776));
#2920 = CARTESIAN_POINT('',(4.708572114026,3.934269849462));
#2921 = CARTESIAN_POINT('',(4.708577489296,4.130843277258));
#2922 = CARTESIAN_POINT('',(4.708583599266,4.327545452185));
#2923 = CARTESIAN_POINT('',(4.708590053135,4.524373990262));
#2924 = CARTESIAN_POINT('',(4.70860282612,4.916173962693));
#2925 = CARTESIAN_POINT('',(4.708609160486,5.111597951264));
#2926 = CARTESIAN_POINT('',(4.708615085093,5.306900357148));
#2927 = CARTESIAN_POINT('',(4.708620235771,5.502078534892));
#2928 = CARTESIAN_POINT('',(4.708624318282,5.697256747616));
#2929 = CARTESIAN_POINT('',(4.708627115586,5.892559253004));
#2930 = CARTESIAN_POINT('',(4.708628511403,6.08798338716));
#2931 = CARTESIAN_POINT('',(4.708628511403,6.28318530718));
#2932 = ( GEOMETRIC_REPRESENTATION_CONTEXT(2)
PARAMETRIC_REPRESENTATION_CONTEXT() REPRESENTATION_CONTEXT('2D SPACE',''
  ) );
#2933 = PCURVE('',#2934,#2939);
#2934 = PLANE('',#2935);
#2935 = AXIS2_PLACEMENT_3D('',#2936,#2937,#2938);
#2936 = CARTESIAN_POINT('',(-0.15,-47.,-47.));
#2937 = DIRECTION('',(1.,0.,-0.));
#2938 = DIRECTION('',(0.,0.,1.));
#2939 = DEFINITIONAL_REPRESENTATION('',(#2940),#2971);
#2940 = B_SPLINE_CURVE_WITH_KNOTS('',8,(#2941,#2942,#2943,#2944,#2945,
    #2946,#2947,#2948,#2949,#2950,#2951,#2952,#2953,#2954,#2955,#2956,
    #2957,#2958,#2959,#2960,#2961,#2962,#2963,#2964,#2965,#2966,#2967,
    #2968,#2969,#2970),.UNSPECIFIED.,.T.,.F.,(9,7,7,7,9),(0.,
    0.251631533152,0.500949456361,0.751364073498,1.),.UNSPECIFIED.);
#2941 = CARTESIAN_POINT('',(58.,-7.111546278215));
#2942 = CARTESIAN_POINT('',(58.067168277275,-7.111546278215));
#2943 = CARTESIAN_POINT('',(58.134416630456,-7.126711203401));
#2944 = CARTESIAN_POINT('',(58.197627542359,-7.157105642084));
#2945 = CARTESIAN_POINT('',(58.25276003428,-7.201368680773));
#2946 = CARTESIAN_POINT('',(58.296454385565,-7.256953084825));
#2947 = CARTESIAN_POINT('',(58.326198029265,-7.320473128033));
#2948 = CARTESIAN_POINT('',(58.34067164207,-7.387874054394));
#2949 = CARTESIAN_POINT('',(58.339298863144,-7.521586842468));
#2950 = CARTESIAN_POINT('',(58.323728421146,-7.588058072168));
#2951 = CARTESIAN_POINT('',(58.293250800512,-7.650449840258));
#2952 = CARTESIAN_POINT('',(58.249215689277,-7.704846789201));
#2953 = CARTESIAN_POINT('',(58.194111192337,-7.747993050229));
#2954 = CARTESIAN_POINT('',(58.131233121305,-7.777453674468));
#2955 = CARTESIAN_POINT('',(58.064518222749,-7.791942704014));
#2956 = CARTESIAN_POINT('',(57.931126459662,-7.791145750342));
#2957 = CARTESIAN_POINT('',(57.864295790938,-7.775727590251));
#2958 = CARTESIAN_POINT('',(57.801533823206,-7.745252155236));
#2959 = CARTESIAN_POINT('',(57.746814321348,-7.701076862595));
#2960 = CARTESIAN_POINT('',(57.703440632539,-7.645719681149));
#2961 = CARTESIAN_POINT('',(57.673882327942,-7.582520296321));
#2962 = CARTESIAN_POINT('',(57.659438800092,-7.515471832857));
#2963 = CARTESIAN_POINT('',(57.660582172928,-7.38226379119));
#2964 = CARTESIAN_POINT('',(57.675957812753,-7.315948842247));
#2965 = CARTESIAN_POINT('',(57.706165412484,-7.253655165745));
#2966 = CARTESIAN_POINT('',(57.74987702905,-7.199267914288));
#2967 = CARTESIAN_POINT('',(57.804637058264,-7.156024366687));
#2968 = CARTESIAN_POINT('',(57.867187295789,-7.12635229494));
#2969 = CARTESIAN_POINT('',(57.933631347193,-7.111546278215));
#2970 = CARTESIAN_POINT('',(58.,-7.111546278215));
#2971 = ( GEOMETRIC_REPRESENTATION_CONTEXT(2)
PARAMETRIC_REPRESENTATION_CONTEXT() REPRESENTATION_CONTEXT('2D SPACE',''
  ) );
#2972 = ORIENTED_EDGE('',*,*,#2842,.F.);
#2973 = ADVANCED_FACE('',(#2974),#2803,.T.);
#2974 = FACE_BOUND('',#2975,.T.);
#2975 = EDGE_LOOP('',(#2976));
#2976 = ORIENTED_EDGE('',*,*,#2728,.T.);
#2977 = ADVANCED_FACE('',(#2978),#2934,.T.);
#2978 = FACE_BOUND('',#2979,.T.);
#2979 = EDGE_LOOP('',(#2980));
#2980 = ORIENTED_EDGE('',*,*,#2866,.F.);
#2981 = ( GEOMETRIC_REPRESENTATION_CONTEXT(3)
GLOBAL_UNCERTAINTY_ASSIGNED_CONTEXT((#2985))
GLOBAL_UNIT_ASSIGNED_CONTEXT((#2982,#2983,#2984)) REPRESENTATION_CONTEXT
('Context #1','3D Context with UNIT and UNCERTAINTY') );
#2982 = ( LENGTH_UNIT() NAMED_UNIT(*) SI_UNIT(.MILLI.,.METRE.) );
#2983 = ( NAMED_UNIT(*) PLANE_ANGLE_UNIT() SI_UNIT($,.RADIAN.) );
#2984 = ( NAMED_UNIT(*) SI_UNIT($,.STERADIAN.) SOLID_ANGLE_UNIT() );
#2985 = UNCERTAINTY_MEASURE_WITH_UNIT(LENGTH_MEASURE(1.E-06),#2982,
  'distance_accuracy_value','confusion accuracy');
#2986 = CONTEXT_DEPENDENT_SHAPE_REPRESENTATION(#2987,#2989);
#2987 = ( REPRESENTATION_RELATIONSHIP('','',#2721,#10)
REPRESENTATION_RELATIONSHIP_WITH_TRANSFORMATION(#2988)
SHAPE_REPRESENTATION_RELATIONSHIP() );
#2988 = ITEM_DEFINED_TRANSFORMATION('','',#11,#39);
#2989 = PRODUCT_DEFINITION_SHAPE('Placement','Placement of an item',
  #2990);
#2990 = NEXT_ASSEMBLY_USAGE_OCCURRENCE('7','','',#5,#2716,$);
#2991 = PRODUCT_RELATED_PRODUCT_CATEGORY('part',$,(#2718));
#2992 = SHAPE_DEFINITION_REPRESENTATION(#2993,#2999);
#2993 = PRODUCT_DEFINITION_SHAPE('','',#2994);
#2994 = PRODUCT_DEFINITION('design','',#2995,#2998);
#2995 = PRODUCT_DEFINITION_FORMATION('','',#2996);
#2996 = PRODUCT('Open CASCADE STEP translator 7.9 1.8',
  'Open CASCADE STEP translator 7.9 1.8','',(#2997));
#2997 = PRODUCT_CONTEXT('',#2,'mechanical');
#2998 = PRODUCT_DEFINITION_CONTEXT('part definition',#2,'design');
#2999 = ADVANCED_BREP_SHAPE_REPRESENTATION('',(#11,#3000),#3259);
#3000 = MANIFOLD_SOLID_BREP('',#3001);
#3001 = CLOSED_SHELL('',(#3002,#3251,#3255));
#3002 = ADVANCED_FACE('',(#3003),#3042,.T.);
#3003 = FACE_BOUND('',#3004,.T.);
#3004 = EDGE_LOOP('',(#3005,#3119,#3143,#3250));
#3005 = ORIENTED_EDGE('',*,*,#3006,.F.);
#3006 = EDGE_CURVE('',#3007,#3007,#3009,.T.);
#3007 = VERTEX_POINT('',#3008);
#3008 = CARTESIAN_POINT('',(-0.15,36.188015445699,20.));
#3009 = SURFACE_CURVE('',#3010,(#3041,#3080),.PCURVE_S1.);
#3010 = B_SPLINE_CURVE_WITH_KNOTS('',8,(#3011,#3012,#3013,#3014,#3015,
    #3016,#3017,#3018,#3019,#3020,#3021,#3022,#3023,#3024,#3025,#3026,
    #3027,#3028,#3029,#3030,#3031,#3032,#3033,#3034,#3035,#3036,#3037,
    #3038,#3039,#3040),.UNSPECIFIED.,.T.,.F.,(9,7,7,7,9),(0.,
    0.251631552196,0.500949494978,0.752362656783,1.),.UNSPECIFIED.);
#3011 = CARTESIAN_POINT('',(-0.15,36.188015445699,20.));
#3012 = CARTESIAN_POINT('',(-0.15,36.188015445699,20.067168283083));
#3013 = CARTESIAN_POINT('',(-0.15,36.172850494842,20.134416642016));
#3014 = CARTESIAN_POINT('',(-0.15,36.142456004747,20.197627556868));
#3015 = CARTESIAN_POINT('',(-0.15,36.098192893511,20.252760047219));
#3016 = CARTESIAN_POINT('',(-0.15,36.042608402476,20.296454393653));
#3017 = CARTESIAN_POINT('',(-0.15,35.979088263762,20.326198032311));
#3018 = CARTESIAN_POINT('',(-0.15,35.911687237915,20.340671642338));
#3019 = CARTESIAN_POINT('',(-0.15,35.777974251777,20.339298862841));
#3020 = CARTESIAN_POINT('',(-0.15,35.711502922681,20.323728422917));
#3021 = CARTESIAN_POINT('',(-0.15,35.649111058408,20.293250806506));
#3022 = CARTESIAN_POINT('',(-0.15,35.594714021349,20.249215699309));
#3023 = CARTESIAN_POINT('',(-0.15,35.551567686736,20.194111203226));
#3024 = CARTESIAN_POINT('',(-0.15,35.522107010802,20.131233128691));
#3025 = CARTESIAN_POINT('',(-0.15,35.507617956294,20.064518224003));
#3026 = CARTESIAN_POINT('',(-0.15,35.508416505578,19.930859916362));
#3027 = CARTESIAN_POINT('',(-0.15,35.523956301299,19.863761846823));
#3028 = CARTESIAN_POINT('',(-0.15,35.554674657881,19.800781387024));
#3029 = CARTESIAN_POINT('',(-0.15,35.599191525487,19.745940679246));
#3030 = CARTESIAN_POINT('',(-0.15,35.654948532089,19.702576774543));
#3031 = CARTESIAN_POINT('',(-0.15,35.718555994332,19.673177892184));
#3032 = CARTESIAN_POINT('',(-0.15,35.785963860117,19.659039920972));
#3033 = CARTESIAN_POINT('',(-0.15,35.919162264629,19.661020238524));
#3034 = CARTESIAN_POINT('',(-0.15,35.985113116632,19.676689580411));
#3035 = CARTESIAN_POINT('',(-0.15,36.046998459312,19.707045890783));
#3036 = CARTESIAN_POINT('',(-0.15,36.100988626144,19.75075908486));
#3037 = CARTESIAN_POINT('',(-0.15,36.143894804746,19.805392639307));
#3038 = CARTESIAN_POINT('',(-0.15,36.173328092753,19.867721911126));
#3039 = CARTESIAN_POINT('',(-0.15,36.188015445699,19.933897899499));
#3040 = CARTESIAN_POINT('',(-0.15,36.188015445699,20.));
#3041 = PCURVE('',#3042,#3047);
#3042 = TOROIDAL_SURFACE('',#3043,35.848326320764,0.34);
#3043 = AXIS2_PLACEMENT_3D('',#3044,#3045,#3046);
#3044 = CARTESIAN_POINT('',(0.,0.,20.));
#3045 = DIRECTION('',(0.,0.,1.));
#3046 = DIRECTION('',(1.,0.,-0.));
#3047 = DEFINITIONAL_REPRESENTATION('',(#3048),#3079);
#3048 = B_SPLINE_CURVE_WITH_KNOTS('',8,(#3049,#3050,#3051,#3052,#3053,
    #3054,#3055,#3056,#3057,#3058,#3059,#3060,#3061,#3062,#3063,#3064,
    #3065,#3066,#3067,#3068,#3069,#3070,#3071,#3072,#3073,#3074,#3075,
    #3076,#3077,#3078),.UNSPECIFIED.,.F.,.F.,(9,7,7,7,9),(0.,
    0.251631552196,0.500949494978,0.752362656783,1.),.UNSPECIFIED.);
#3049 = CARTESIAN_POINT('',(1.574941321736,0.));
#3050 = CARTESIAN_POINT('',(1.574941321736,0.197553773772));
#3051 = CARTESIAN_POINT('',(1.574943058716,0.395343565832));
#3052 = CARTESIAN_POINT('',(1.574946540087,0.593003569502));
#3053 = CARTESIAN_POINT('',(1.57495161807,0.790531599454));
#3054 = CARTESIAN_POINT('',(1.574958017545,0.988059586234));
#3055 = CARTESIAN_POINT('',(1.574965365882,1.185719474585));
#3056 = CARTESIAN_POINT('',(1.574973201026,1.383509087037));
#3057 = CARTESIAN_POINT('',(1.574988811341,1.776799858019));
#3058 = CARTESIAN_POINT('',(1.574996604503,1.972762352509));
#3059 = CARTESIAN_POINT('',(1.575003954471,2.168601451153));
#3060 = CARTESIAN_POINT('',(1.575010393234,2.364314612735));
#3061 = CARTESIAN_POINT('',(1.575015518496,2.560027817505));
#3062 = CARTESIAN_POINT('',(1.575019023515,2.755867039371));
#3063 = CARTESIAN_POINT('',(1.575020747252,2.951829713469));
#3064 = CARTESIAN_POINT('',(1.575020652251,3.344949398961));
#3065 = CARTESIAN_POINT('',(1.575018803508,3.542566696878));
#3066 = CARTESIAN_POINT('',(1.575015149187,3.740054814233));
#3067 = CARTESIAN_POINT('',(1.575009862122,3.937411530162));
#3068 = CARTESIAN_POINT('',(1.575003264446,4.134768202213));
#3069 = CARTESIAN_POINT('',(1.574995774375,4.332256205047));
#3070 = CARTESIAN_POINT('',(1.574987875099,4.529873322205));
#3071 = CARTESIAN_POINT('',(1.57497233227,4.921673202277));
#3072 = CARTESIAN_POINT('',(1.574964669011,5.116308724991));
#3073 = CARTESIAN_POINT('',(1.574957512154,5.310825290685));
#3074 = CARTESIAN_POINT('',(1.574951297347,5.505220114376));
#3075 = CARTESIAN_POINT('',(1.574946375287,5.699614980147));
#3076 = CARTESIAN_POINT('',(1.574943004013,5.894131665999));
#3077 = CARTESIAN_POINT('',(1.574941321736,6.088767364531));
#3078 = CARTESIAN_POINT('',(1.574941321736,6.28318530718));
#3079 = ( GEOMETRIC_REPRESENTATION_CONTEXT(2)
PARAMETRIC_REPRESENTATION_CONTEXT() REPRESENTATION_CONTEXT('2D SPACE',''
  ) );
#3080 = PCURVE('',#3081,#3086);
#3081 = PLANE('',#3082);
#3082 = AXIS2_PLACEMENT_3D('',#3083,#3084,#3085);
#3083 = CARTESIAN_POINT('',(-0.15,-47.,-47.));
#3084 = DIRECTION('',(1.,0.,-0.));
#3085 = DIRECTION('',(0.,0.,1.));
#3086 = DEFINITIONAL_REPRESENTATION('',(#3087),#3118);
#3087 = B_SPLINE_CURVE_WITH_KNOTS('',8,(#3088,#3089,#3090,#3091,#3092,
    #3093,#3094,#3095,#3096,#3097,#3098,#3099,#3100,#3101,#3102,#3103,
    #3104,#3105,#3106,#3107,#3108,#3109,#3110,#3111,#3112,#3113,#3114,
    #3115,#3116,#3117),.UNSPECIFIED.,.T.,.F.,(9,7,7,7,9),(0.,
    0.251631552196,0.500949494978,0.752362656783,1.),.UNSPECIFIED.);
#3088 = CARTESIAN_POINT('',(67.,-83.18801544569));
#3089 = CARTESIAN_POINT('',(67.067168283083,-83.18801544569));
#3090 = CARTESIAN_POINT('',(67.134416642016,-83.17285049484));
#3091 = CARTESIAN_POINT('',(67.197627556868,-83.14245600474));
#3092 = CARTESIAN_POINT('',(67.252760047219,-83.09819289351));
#3093 = CARTESIAN_POINT('',(67.296454393653,-83.04260840247));
#3094 = CARTESIAN_POINT('',(67.326198032311,-82.97908826376));
#3095 = CARTESIAN_POINT('',(67.340671642338,-82.91168723791));
#3096 = CARTESIAN_POINT('',(67.339298862841,-82.77797425177));
#3097 = CARTESIAN_POINT('',(67.323728422917,-82.71150292268));
#3098 = CARTESIAN_POINT('',(67.293250806506,-82.6491110584));
#3099 = CARTESIAN_POINT('',(67.249215699309,-82.59471402134));
#3100 = CARTESIAN_POINT('',(67.194111203226,-82.55156768673));
#3101 = CARTESIAN_POINT('',(67.131233128691,-82.5221070108));
#3102 = CARTESIAN_POINT('',(67.064518224003,-82.50761795629));
#3103 = CARTESIAN_POINT('',(66.930859916362,-82.50841650557));
#3104 = CARTESIAN_POINT('',(66.863761846823,-82.52395630129));
#3105 = CARTESIAN_POINT('',(66.800781387024,-82.55467465788));
#3106 = CARTESIAN_POINT('',(66.745940679246,-82.59919152548));
#3107 = CARTESIAN_POINT('',(66.702576774543,-82.65494853208));
#3108 = CARTESIAN_POINT('',(66.673177892184,-82.71855599433));
#3109 = CARTESIAN_POINT('',(66.659039920972,-82.78596386011));
#3110 = CARTESIAN_POINT('',(66.661020238524,-82.91916226462));
#3111 = CARTESIAN_POINT('',(66.676689580411,-82.98511311663));
#3112 = CARTESIAN_POINT('',(66.707045890783,-83.04699845931));
#3113 = CARTESIAN_POINT('',(66.75075908486,-83.10098862614));
#3114 = CARTESIAN_POINT('',(66.805392639307,-83.14389480474));
#3115 = CARTESIAN_POINT('',(66.867721911126,-83.17332809275));
#3116 = CARTESIAN_POINT('',(66.933897899499,-83.18801544569));
#3117 = CARTESIAN_POINT('',(67.,-83.18801544569));
#3118 = ( GEOMETRIC_REPRESENTATION_CONTEXT(2)
PARAMETRIC_REPRESENTATION_CONTEXT() REPRESENTATION_CONTEXT('2D SPACE',''
  ) );
#3119 = ORIENTED_EDGE('',*,*,#3120,.T.);
#3120 = EDGE_CURVE('',#3007,#3121,#3123,.T.);
#3121 = VERTEX_POINT('',#3122);
#3122 = CARTESIAN_POINT('',(-0.15,-36.18801544569,20.));
#3123 = SEAM_CURVE('',#3124,(#3129,#3136),.PCURVE_S1.);
#3124 = CIRCLE('',#3125,36.188326320764);
#3125 = AXIS2_PLACEMENT_3D('',#3126,#3127,#3128);
#3126 = CARTESIAN_POINT('',(0.,0.,20.));
#3127 = DIRECTION('',(0.,0.,1.));
#3128 = DIRECTION('',(1.,0.,-0.));
#3129 = PCURVE('',#3042,#3130);
#3130 = DEFINITIONAL_REPRESENTATION('',(#3131),#3135);
#3131 = LINE('',#3132,#3133);
#3132 = CARTESIAN_POINT('',(0.,6.28318530718));
#3133 = VECTOR('',#3134,1.);
#3134 = DIRECTION('',(1.,0.));
#3135 = ( GEOMETRIC_REPRESENTATION_CONTEXT(2)
PARAMETRIC_REPRESENTATION_CONTEXT() REPRESENTATION_CONTEXT('2D SPACE',''
  ) );
#3136 = PCURVE('',#3042,#3137);
#3137 = DEFINITIONAL_REPRESENTATION('',(#3138),#3142);
#3138 = LINE('',#3139,#3140);
#3139 = CARTESIAN_POINT('',(0.,0.));
#3140 = VECTOR('',#3141,1.);
#3141 = DIRECTION('',(1.,0.));
#3142 = ( GEOMETRIC_REPRESENTATION_CONTEXT(2)
PARAMETRIC_REPRESENTATION_CONTEXT() REPRESENTATION_CONTEXT('2D SPACE',''
  ) );
#3143 = ORIENTED_EDGE('',*,*,#3144,.T.);
#3144 = EDGE_CURVE('',#3121,#3121,#3145,.T.);
#3145 = SURFACE_CURVE('',#3146,(#3177,#3211),.PCURVE_S1.);
#3146 = B_SPLINE_CURVE_WITH_KNOTS('',8,(#3147,#3148,#3149,#3150,#3151,
    #3152,#3153,#3154,#3155,#3156,#3157,#3158,#3159,#3160,#3161,#3162,
    #3163,#3164,#3165,#3166,#3167,#3168,#3169,#3170,#3171,#3172,#3173,
    #3174,#3175,#3176),.UNSPECIFIED.,.T.,.F.,(9,7,7,7,9),(0.,
    0.251631552092,0.500949494927,0.752362657861,1.),.UNSPECIFIED.);
#3147 = CARTESIAN_POINT('',(-0.15,-36.18801544569,20.));
#3148 = CARTESIAN_POINT('',(-0.15,-36.18801544569,20.067168283054));
#3149 = CARTESIAN_POINT('',(-0.15,-36.17285049485,20.13441664196));
#3150 = CARTESIAN_POINT('',(-0.15,-36.14245600478,20.197627556786));
#3151 = CARTESIAN_POINT('',(-0.15,-36.09819289358,20.252760047126));
#3152 = CARTESIAN_POINT('',(-0.15,-36.04260840259,20.29645439356));
#3153 = CARTESIAN_POINT('',(-0.15,-35.97908826392,20.326198032235));
#3154 = CARTESIAN_POINT('',(-0.15,-35.91168723811,20.340671642295));
#3155 = CARTESIAN_POINT('',(-0.15,-35.77797425199,20.339298862888));
#3156 = CARTESIAN_POINT('',(-0.15,-35.71150292286,20.323728423001));
#3157 = CARTESIAN_POINT('',(-0.15,-35.64911105856,20.293250806623));
#3158 = CARTESIAN_POINT('',(-0.15,-35.59471402146,20.249215699437));
#3159 = CARTESIAN_POINT('',(-0.15,-35.55156768682,20.19411120337));
#3160 = CARTESIAN_POINT('',(-0.15,-35.52210701085,20.131233128828));
#3161 = CARTESIAN_POINT('',(-0.15,-35.50761795631,20.064518224133));
#3162 = CARTESIAN_POINT('',(-0.15,-35.50841650555,19.930859916174));
#3163 = CARTESIAN_POINT('',(-0.15,-35.52395630139,19.86376184633));
#3164 = CARTESIAN_POINT('',(-0.15,-35.55467465822,19.800781386271));
#3165 = CARTESIAN_POINT('',(-0.15,-35.5991915262,19.745940678344));
#3166 = CARTESIAN_POINT('',(-0.15,-35.65494853324,19.702576773633));
#3167 = CARTESIAN_POINT('',(-0.15,-35.71855599593,19.673177891435));
#3168 = CARTESIAN_POINT('',(-0.15,-35.78596386212,19.659039920548));
#3169 = CARTESIAN_POINT('',(-0.15,-35.91916226663,19.661020239002));
#3170 = CARTESIAN_POINT('',(-0.15,-35.98511311824,19.676689581203));
#3171 = CARTESIAN_POINT('',(-0.15,-36.04699846048,19.707045891734));
#3172 = CARTESIAN_POINT('',(-0.15,-36.10098862689,19.750759085811));
#3173 = CARTESIAN_POINT('',(-0.15,-36.14389480513,19.805392640122));
#3174 = CARTESIAN_POINT('',(-0.15,-36.17332809288,19.867721911701));
#3175 = CARTESIAN_POINT('',(-0.15,-36.18801544569,19.933897899787));
#3176 = CARTESIAN_POINT('',(-0.15,-36.18801544569,20.));
#3177 = PCURVE('',#3042,#3178);
#3178 = DEFINITIONAL_REPRESENTATION('',(#3179),#3210);
#3179 = B_SPLINE_CURVE_WITH_KNOTS('',8,(#3180,#3181,#3182,#3183,#3184,
    #3185,#3186,#3187,#3188,#3189,#3190,#3191,#3192,#3193,#3194,#3195,
    #3196,#3197,#3198,#3199,#3200,#3201,#3202,#3203,#3204,#3205,#3206,
    #3207,#3208,#3209),.UNSPECIFIED.,.F.,.F.,(9,7,7,7,9),(0.,
    0.251631552092,0.500949494927,0.752362657861,1.),.UNSPECIFIED.);
#3180 = CARTESIAN_POINT('',(4.708243985444,0.));
#3181 = CARTESIAN_POINT('',(4.708243985444,0.197553773688));
#3182 = CARTESIAN_POINT('',(4.708242248463,0.395343565665));
#3183 = CARTESIAN_POINT('',(4.708238767092,0.593003569245));
#3184 = CARTESIAN_POINT('',(4.708233689109,0.790531599122));
#3185 = CARTESIAN_POINT('',(4.708227289635,0.98805958581));
#3186 = CARTESIAN_POINT('',(4.708219941298,1.185719474081));
#3187 = CARTESIAN_POINT('',(4.708212106153,1.383509086447));
#3188 = CARTESIAN_POINT('',(4.708196495839,1.776799857385));
#3189 = CARTESIAN_POINT('',(4.708188702676,1.972762351928));
#3190 = CARTESIAN_POINT('',(4.708181352708,2.168601450588));
#3191 = CARTESIAN_POINT('',(4.708174913945,2.364314612251));
#3192 = CARTESIAN_POINT('',(4.708169788684,2.560027817026));
#3193 = CARTESIAN_POINT('',(4.708166283665,2.755867038957));
#3194 = CARTESIAN_POINT('',(4.708164559927,2.951829713088));
#3195 = CARTESIAN_POINT('',(4.708164654929,3.344949399511));
#3196 = CARTESIAN_POINT('',(4.708166503672,3.542566698317));
#3197 = CARTESIAN_POINT('',(4.708170157992,3.740054816563));
#3198 = CARTESIAN_POINT('',(4.708175445057,3.937411533383));
#3199 = CARTESIAN_POINT('',(4.708182042734,4.134768206307));
#3200 = CARTESIAN_POINT('',(4.708189532805,4.332256210042));
#3201 = CARTESIAN_POINT('',(4.708197432081,4.529873328086));
#3202 = CARTESIAN_POINT('',(4.70821297491,4.921673208201));
#3203 = CARTESIAN_POINT('',(4.708220638169,5.116308730064));
#3204 = CARTESIAN_POINT('',(4.708227795025,5.310825294916));
#3205 = CARTESIAN_POINT('',(4.708234009832,5.505220117755));
#3206 = CARTESIAN_POINT('',(4.708238931893,5.699614982692));
#3207 = CARTESIAN_POINT('',(4.708242303167,5.89413166769));
#3208 = CARTESIAN_POINT('',(4.708243985444,6.088767365376));
#3209 = CARTESIAN_POINT('',(4.708243985444,6.28318530718));
#3210 = ( GEOMETRIC_REPRESENTATION_CONTEXT(2)
PARAMETRIC_REPRESENTATION_CONTEXT() REPRESENTATION_CONTEXT('2D SPACE',''
  ) );
#3211 = PCURVE('',#3212,#3217);
#3212 = PLANE('',#3213);
#3213 = AXIS2_PLACEMENT_3D('',#3214,#3215,#3216);
#3214 = CARTESIAN_POINT('',(-0.15,-47.,-47.));
#3215 = DIRECTION('',(1.,0.,-0.));
#3216 = DIRECTION('',(0.,0.,1.));
#3217 = DEFINITIONAL_REPRESENTATION('',(#3218),#3249);
#3218 = B_SPLINE_CURVE_WITH_KNOTS('',8,(#3219,#3220,#3221,#3222,#3223,
    #3224,#3225,#3226,#3227,#3228,#3229,#3230,#3231,#3232,#3233,#3234,
    #3235,#3236,#3237,#3238,#3239,#3240,#3241,#3242,#3243,#3244,#3245,
    #3246,#3247,#3248),.UNSPECIFIED.,.T.,.F.,(9,7,7,7,9),(0.,
    0.251631552092,0.500949494927,0.752362657861,1.),.UNSPECIFIED.);
#3219 = CARTESIAN_POINT('',(67.,-10.8119845543));
#3220 = CARTESIAN_POINT('',(67.067168283054,-10.8119845543));
#3221 = CARTESIAN_POINT('',(67.13441664196,-10.82714950514));
#3222 = CARTESIAN_POINT('',(67.197627556786,-10.85754399521));
#3223 = CARTESIAN_POINT('',(67.252760047126,-10.90180710641));
#3224 = CARTESIAN_POINT('',(67.29645439356,-10.9573915974));
#3225 = CARTESIAN_POINT('',(67.326198032235,-11.02091173607));
#3226 = CARTESIAN_POINT('',(67.340671642295,-11.08831276188));
#3227 = CARTESIAN_POINT('',(67.339298862888,-11.222025748));
#3228 = CARTESIAN_POINT('',(67.323728423001,-11.28849707713));
#3229 = CARTESIAN_POINT('',(67.293250806623,-11.35088894143));
#3230 = CARTESIAN_POINT('',(67.249215699437,-11.40528597853));
#3231 = CARTESIAN_POINT('',(67.19411120337,-11.44843231317));
#3232 = CARTESIAN_POINT('',(67.131233128828,-11.47789298914));
#3233 = CARTESIAN_POINT('',(67.064518224133,-11.49238204368));
#3234 = CARTESIAN_POINT('',(66.930859916174,-11.49158349444));
#3235 = CARTESIAN_POINT('',(66.86376184633,-11.4760436986));
#3236 = CARTESIAN_POINT('',(66.800781386271,-11.44532534177));
#3237 = CARTESIAN_POINT('',(66.745940678344,-11.40080847379));
#3238 = CARTESIAN_POINT('',(66.702576773633,-11.34505146675));
#3239 = CARTESIAN_POINT('',(66.673177891435,-11.28144400406));
#3240 = CARTESIAN_POINT('',(66.659039920548,-11.21403613787));
#3241 = CARTESIAN_POINT('',(66.661020239002,-11.08083773336));
#3242 = CARTESIAN_POINT('',(66.676689581203,-11.01488688175));
#3243 = CARTESIAN_POINT('',(66.707045891734,-10.95300153951));
#3244 = CARTESIAN_POINT('',(66.750759085811,-10.89901137311));
#3245 = CARTESIAN_POINT('',(66.805392640122,-10.85610519486));
#3246 = CARTESIAN_POINT('',(66.867721911701,-10.82667190711));
#3247 = CARTESIAN_POINT('',(66.933897899787,-10.8119845543));
#3248 = CARTESIAN_POINT('',(67.,-10.8119845543));
#3249 = ( GEOMETRIC_REPRESENTATION_CONTEXT(2)
PARAMETRIC_REPRESENTATION_CONTEXT() REPRESENTATION_CONTEXT('2D SPACE',''
  ) );
#3250 = ORIENTED_EDGE('',*,*,#3120,.F.);
#3251 = ADVANCED_FACE('',(#3252),#3081,.T.);
#3252 = FACE_BOUND('',#3253,.T.);
#3253 = EDGE_LOOP('',(#3254));
#3254 = ORIENTED_EDGE('',*,*,#3006,.T.);
#3255 = ADVANCED_FACE('',(#3256),#3212,.T.);
#3256 = FACE_BOUND('',#3257,.T.);
#3257 = EDGE_LOOP('',(#3258));
#3258 = ORIENTED_EDGE('',*,*,#3144,.F.);
#3259 = ( GEOMETRIC_REPRESENTATION_CONTEXT(3)
GLOBAL_UNCERTAINTY_ASSIGNED_CONTEXT((#3263))
GLOBAL_UNIT_ASSIGNED_CONTEXT((#3260,#3261,#3262)) REPRESENTATION_CONTEXT
('Context #1','3D Context with UNIT and UNCERTAINTY') );
#3260 = ( LENGTH_UNIT() NAMED_UNIT(*) SI_UNIT(.MILLI.,.METRE.) );
#3261 = ( NAMED_UNIT(*) PLANE_ANGLE_UNIT() SI_UNIT($,.RADIAN.) );
#3262 = ( NAMED_UNIT(*) SI_UNIT($,.STERADIAN.) SOLID_ANGLE_UNIT() );
#3263 = UNCERTAINTY_MEASURE_WITH_UNIT(LENGTH_MEASURE(1.E-06),#3260,
  'distance_accuracy_value','confusion accuracy');
#3264 = CONTEXT_DEPENDENT_SHAPE_REPRESENTATION(#3265,#3267);
#3265 = ( REPRESENTATION_RELATIONSHIP('','',#2999,#10)
REPRESENTATION_RELATIONSHIP_WITH_TRANSFORMATION(#3266)
SHAPE_REPRESENTATION_RELATIONSHIP() );
#3266 = ITEM_DEFINED_TRANSFORMATION('','',#11,#43);
#3267 = PRODUCT_DEFINITION_SHAPE('Placement','Placement of an item',
  #3268);
#3268 = NEXT_ASSEMBLY_USAGE_OCCURRENCE('8','','',#5,#2994,$);
#3269 = PRODUCT_RELATED_PRODUCT_CATEGORY('part',$,(#2996));
#3270 = SHAPE_DEFINITION_REPRESENTATION(#3271,#3277);
#3271 = PRODUCT_DEFINITION_SHAPE('','',#3272);
#3272 = PRODUCT_DEFINITION('design','',#3273,#3276);
#3273 = PRODUCT_DEFINITION_FORMATION('','',#3274);
#3274 = PRODUCT('Open CASCADE STEP translator 7.9 1.9',
  'Open CASCADE STEP translator 7.9 1.9','',(#3275));
#3275 = PRODUCT_CONTEXT('',#2,'mechanical');
#3276 = PRODUCT_DEFINITION_CONTEXT('part definition',#2,'design');
#3277 = ADVANCED_BREP_SHAPE_REPRESENTATION('',(#11,#3278),#3537);
#3278 = MANIFOLD_SOLID_BREP('',#3279);
#3279 = CLOSED_SHELL('',(#3280,#3529,#3533));
#3280 = ADVANCED_FACE('',(#3281),#3320,.T.);
#3281 = FACE_BOUND('',#3282,.T.);
#3282 = EDGE_LOOP('',(#3283,#3397,#3421,#3528));
#3283 = ORIENTED_EDGE('',*,*,#3284,.F.);
#3284 = EDGE_CURVE('',#3285,#3285,#3287,.T.);
#3285 = VERTEX_POINT('',#3286);
#3286 = CARTESIAN_POINT('',(-0.15,29.393059395937,29.));
#3287 = SURFACE_CURVE('',#3288,(#3319,#3358),.PCURVE_S1.);
#3288 = B_SPLINE_CURVE_WITH_KNOTS('',8,(#3289,#3290,#3291,#3292,#3293,
    #3294,#3295,#3296,#3297,#3298,#3299,#3300,#3301,#3302,#3303,#3304,
    #3305,#3306,#3307,#3308,#3309,#3310,#3311,#3312,#3313,#3314,#3315,
    #3316,#3317,#3318),.UNSPECIFIED.,.T.,.F.,(9,7,7,7,9),(0.,
    0.251631634586,0.500633193553,0.754359826724,1.),.UNSPECIFIED.);
#3289 = CARTESIAN_POINT('',(-0.15,29.393059395937,29.));
#3290 = CARTESIAN_POINT('',(-0.15,29.393059395937,29.067168299333));
#3291 = CARTESIAN_POINT('',(-0.15,29.377894370551,29.134416674371));
#3292 = CARTESIAN_POINT('',(-0.15,29.34749973119,29.197627597267));
#3293 = CARTESIAN_POINT('',(-0.15,29.303236409235,29.252760082734));
#3294 = CARTESIAN_POINT('',(-0.15,29.247651665353,29.296454414998));
#3295 = CARTESIAN_POINT('',(-0.15,29.184131248625,29.32619803932));
#3296 = CARTESIAN_POINT('',(-0.15,29.116729932693,29.340671642024));
#3297 = CARTESIAN_POINT('',(-0.15,28.983100839469,29.339299730394));
#3298 = CARTESIAN_POINT('',(-0.15,28.916713789959,29.323767936593));
#3299 = CARTESIAN_POINT('',(-0.15,28.854390769656,29.29336705604));
#3300 = CARTESIAN_POINT('',(-0.15,28.800032076734,29.249439693947));
#3301 = CARTESIAN_POINT('',(-0.15,28.756883052349,29.194461361353));
#3302 = CARTESIAN_POINT('',(-0.15,28.727372801709,29.131712278569));
#3303 = CARTESIAN_POINT('',(-0.15,28.712788280534,29.065111452624));
#3304 = CARTESIAN_POINT('',(-0.15,28.713322800962,28.93091875023));
#3305 = CARTESIAN_POINT('',(-0.15,28.729011376353,28.86316970319));
#3306 = CARTESIAN_POINT('',(-0.15,28.760169870323,28.799622307762));
#3307 = CARTESIAN_POINT('',(-0.15,28.805372892872,28.744415188751));
#3308 = CARTESIAN_POINT('',(-0.15,28.861973407841,28.700969267065));
#3309 = CARTESIAN_POINT('',(-0.15,28.926468971006,28.671822732367));
#3310 = CARTESIAN_POINT('',(-0.15,28.994678188827,28.658270207048));
#3311 = CARTESIAN_POINT('',(-0.15,29.127926119659,28.661926439933));
#3312 = CARTESIAN_POINT('',(-0.15,29.193145733801,28.678172704679));
#3313 = CARTESIAN_POINT('',(-0.15,29.25421514771,28.708817555465));
#3314 = CARTESIAN_POINT('',(-0.15,29.307414105311,28.752527681413));
#3315 = CARTESIAN_POINT('',(-0.15,29.349649219184,28.806904842373));
#3316 = CARTESIAN_POINT('',(-0.15,29.37860792328,28.868791088273));
#3317 = CARTESIAN_POINT('',(-0.15,29.393059395937,28.934431013602));
#3318 = CARTESIAN_POINT('',(-0.15,29.393059395937,29.));
#3319 = PCURVE('',#3320,#3325);
#3320 = TOROIDAL_SURFACE('',#3321,29.053442136862,0.34);
#3321 = AXIS2_PLACEMENT_3D('',#3322,#3323,#3324);
#3322 = CARTESIAN_POINT('',(0.,0.,29.));
#3323 = DIRECTION('',(0.,0.,1.));
#3324 = DIRECTION('',(1.,0.,-0.));
#3325 = DEFINITIONAL_REPRESENTATION('',(#3326),#3357);
#3326 = B_SPLINE_CURVE_WITH_KNOTS('',8,(#3327,#3328,#3329,#3330,#3331,
    #3332,#3333,#3334,#3335,#3336,#3337,#3338,#3339,#3340,#3341,#3342,
    #3343,#3344,#3345,#3346,#3347,#3348,#3349,#3350,#3351,#3352,#3353,
    #3354,#3355,#3356),.UNSPECIFIED.,.F.,.F.,(9,7,7,7,9),(0.,
    0.251631634586,0.500633193553,0.754359826724,1.),.UNSPECIFIED.);
#3327 = CARTESIAN_POINT('',(1.575899528059,0.));
#3328 = CARTESIAN_POINT('',(1.575899528059,0.197553821569));
#3329 = CARTESIAN_POINT('',(1.575902160951,0.395343660986));
#3330 = CARTESIAN_POINT('',(1.57590743797,0.593003696871));
#3331 = CARTESIAN_POINT('',(1.575915137963,0.790531737831));
#3332 = CARTESIAN_POINT('',(1.575924849702,0.988059713048));
#3333 = CARTESIAN_POINT('',(1.57593601386,1.185719569092));
#3334 = CARTESIAN_POINT('',(1.575947931098,1.38350913459));
#3335 = CARTESIAN_POINT('',(1.575971683167,1.776551352603));
#3336 = CARTESIAN_POINT('',(1.575983544999,1.972263909686));
#3337 = CARTESIAN_POINT('',(1.575994746526,2.167853930981));
#3338 = CARTESIAN_POINT('',(1.576004574203,2.363318833947));
#3339 = CARTESIAN_POINT('',(1.576012409676,2.558783802407));
#3340 = CARTESIAN_POINT('',(1.576017778836,2.754374010755));
#3341 = CARTESIAN_POINT('',(1.576020432303,2.950086840934));
#3342 = CARTESIAN_POINT('',(1.576020335054,3.344774390699));
#3343 = CARTESIAN_POINT('',(1.576017480718,3.544219041079));
#3344 = CARTESIAN_POINT('',(1.576011812098,3.743527914253));
#3345 = CARTESIAN_POINT('',(1.576003605363,3.942699206499));
#3346 = CARTESIAN_POINT('',(1.575993377008,4.141870430719));
#3347 = CARTESIAN_POINT('',(1.575981792996,4.341179128656));
#3348 = CARTESIAN_POINT('',(1.57596961573,4.540623499494));
#3349 = CARTESIAN_POINT('',(1.575945952295,4.93267146881));
#3350 = CARTESIAN_POINT('',(1.575934429981,5.125730219188));
#3351 = CARTESIAN_POINT('',(1.575923703106,5.318675127566));
#3352 = CARTESIAN_POINT('',(1.575914411258,5.511503154896));
#3353 = CARTESIAN_POINT('',(1.575907064781,5.704331245097));
#3354 = CARTESIAN_POINT('',(1.575902037067,5.897276333294));
#3355 = CARTESIAN_POINT('',(1.575899528059,6.090335347184));
#3356 = CARTESIAN_POINT('',(1.575899528059,6.28318530718));
#3357 = ( GEOMETRIC_REPRESENTATION_CONTEXT(2)
PARAMETRIC_REPRESENTATION_CONTEXT() REPRESENTATION_CONTEXT('2D SPACE',''
  ) );
#3358 = PCURVE('',#3359,#3364);
#3359 = PLANE('',#3360);
#3360 = AXIS2_PLACEMENT_3D('',#3361,#3362,#3363);
#3361 = CARTESIAN_POINT('',(-0.15,-47.,-47.));
#3362 = DIRECTION('',(1.,0.,-0.));
#3363 = DIRECTION('',(0.,0.,1.));
#3364 = DEFINITIONAL_REPRESENTATION('',(#3365),#3396);
#3365 = B_SPLINE_CURVE_WITH_KNOTS('',8,(#3366,#3367,#3368,#3369,#3370,
    #3371,#3372,#3373,#3374,#3375,#3376,#3377,#3378,#3379,#3380,#3381,
    #3382,#3383,#3384,#3385,#3386,#3387,#3388,#3389,#3390,#3391,#3392,
    #3393,#3394,#3395),.UNSPECIFIED.,.T.,.F.,(9,7,7,7,9),(0.,
    0.251631634586,0.500633193553,0.754359826724,1.),.UNSPECIFIED.);
#3366 = CARTESIAN_POINT('',(76.,-76.39305939593));
#3367 = CARTESIAN_POINT('',(76.067168299333,-76.39305939593));
#3368 = CARTESIAN_POINT('',(76.134416674371,-76.37789437055));
#3369 = CARTESIAN_POINT('',(76.197627597267,-76.34749973119));
#3370 = CARTESIAN_POINT('',(76.252760082734,-76.30323640923));
#3371 = CARTESIAN_POINT('',(76.296454414998,-76.24765166535));
#3372 = CARTESIAN_POINT('',(76.32619803932,-76.18413124862));
#3373 = CARTESIAN_POINT('',(76.340671642024,-76.11672993269));
#3374 = CARTESIAN_POINT('',(76.339299730394,-75.98310083946));
#3375 = CARTESIAN_POINT('',(76.323767936593,-75.91671378995));
#3376 = CARTESIAN_POINT('',(76.29336705604,-75.85439076965));
#3377 = CARTESIAN_POINT('',(76.249439693947,-75.80003207673));
#3378 = CARTESIAN_POINT('',(76.194461361353,-75.75688305234));
#3379 = CARTESIAN_POINT('',(76.131712278569,-75.7273728017));
#3380 = CARTESIAN_POINT('',(76.065111452624,-75.71278828053));
#3381 = CARTESIAN_POINT('',(75.93091875023,-75.71332280096));
#3382 = CARTESIAN_POINT('',(75.86316970319,-75.72901137635));
#3383 = CARTESIAN_POINT('',(75.799622307762,-75.76016987032));
#3384 = CARTESIAN_POINT('',(75.744415188751,-75.80537289287));
#3385 = CARTESIAN_POINT('',(75.700969267065,-75.86197340784));
#3386 = CARTESIAN_POINT('',(75.671822732367,-75.926468971));
#3387 = CARTESIAN_POINT('',(75.658270207048,-75.99467818882));
#3388 = CARTESIAN_POINT('',(75.661926439933,-76.12792611965));
#3389 = CARTESIAN_POINT('',(75.678172704679,-76.1931457338));
#3390 = CARTESIAN_POINT('',(75.708817555465,-76.25421514771));
#3391 = CARTESIAN_POINT('',(75.752527681413,-76.30741410531));
#3392 = CARTESIAN_POINT('',(75.806904842373,-76.34964921918));
#3393 = CARTESIAN_POINT('',(75.868791088273,-76.37860792328));
#3394 = CARTESIAN_POINT('',(75.934431013602,-76.39305939593));
#3395 = CARTESIAN_POINT('',(76.,-76.39305939593));
#3396 = ( GEOMETRIC_REPRESENTATION_CONTEXT(2)
PARAMETRIC_REPRESENTATION_CONTEXT() REPRESENTATION_CONTEXT('2D SPACE',''
  ) );
#3397 = ORIENTED_EDGE('',*,*,#3398,.T.);
#3398 = EDGE_CURVE('',#3285,#3399,#3401,.T.);
#3399 = VERTEX_POINT('',#3400);
#3400 = CARTESIAN_POINT('',(-0.15,-29.39305939593,29.));
#3401 = SEAM_CURVE('',#3402,(#3407,#3414),.PCURVE_S1.);
#3402 = CIRCLE('',#3403,29.393442136862);
#3403 = AXIS2_PLACEMENT_3D('',#3404,#3405,#3406);
#3404 = CARTESIAN_POINT('',(0.,0.,29.));
#3405 = DIRECTION('',(0.,0.,1.));
#3406 = DIRECTION('',(1.,0.,-0.));
#3407 = PCURVE('',#3320,#3408);
#3408 = DEFINITIONAL_REPRESENTATION('',(#3409),#3413);
#3409 = LINE('',#3410,#3411);
#3410 = CARTESIAN_POINT('',(0.,6.28318530718));
#3411 = VECTOR('',#3412,1.);
#3412 = DIRECTION('',(1.,0.));
#3413 = ( GEOMETRIC_REPRESENTATION_CONTEXT(2)
PARAMETRIC_REPRESENTATION_CONTEXT() REPRESENTATION_CONTEXT('2D SPACE',''
  ) );
#3414 = PCURVE('',#3320,#3415);
#3415 = DEFINITIONAL_REPRESENTATION('',(#3416),#3420);
#3416 = LINE('',#3417,#3418);
#3417 = CARTESIAN_POINT('',(0.,0.));
#3418 = VECTOR('',#3419,1.);
#3419 = DIRECTION('',(1.,0.));
#3420 = ( GEOMETRIC_REPRESENTATION_CONTEXT(2)
PARAMETRIC_REPRESENTATION_CONTEXT() REPRESENTATION_CONTEXT('2D SPACE',''
  ) );
#3421 = ORIENTED_EDGE('',*,*,#3422,.T.);
#3422 = EDGE_CURVE('',#3399,#3399,#3423,.T.);
#3423 = SURFACE_CURVE('',#3424,(#3455,#3489),.PCURVE_S1.);
#3424 = B_SPLINE_CURVE_WITH_KNOTS('',8,(#3425,#3426,#3427,#3428,#3429,
    #3430,#3431,#3432,#3433,#3434,#3435,#3436,#3437,#3438,#3439,#3440,
    #3441,#3442,#3443,#3444,#3445,#3446,#3447,#3448,#3449,#3450,#3451,
    #3452,#3453,#3454),.UNSPECIFIED.,.T.,.F.,(9,7,7,7,9),(0.,
    0.251631634187,0.500633193152,0.754359822166,1.),.UNSPECIFIED.);
#3425 = CARTESIAN_POINT('',(-0.15,-29.39305939593,29.));
#3426 = CARTESIAN_POINT('',(-0.15,-29.39305939593,29.067168299227));
#3427 = CARTESIAN_POINT('',(-0.15,-29.37789437059,29.134416674158));
#3428 = CARTESIAN_POINT('',(-0.15,-29.34749973133,29.197627596968));
#3429 = CARTESIAN_POINT('',(-0.15,-29.30323640951,29.252760082385));
#3430 = CARTESIAN_POINT('',(-0.15,-29.24765166579,29.296454414654));
#3431 = CARTESIAN_POINT('',(-0.15,-29.18413124922,29.326198039038));
#3432 = CARTESIAN_POINT('',(-0.15,-29.11672993343,29.340671641864));
#3433 = CARTESIAN_POINT('',(-0.15,-28.98310084031,29.339299730569));
#3434 = CARTESIAN_POINT('',(-0.15,-28.91671379076,29.323767936933));
#3435 = CARTESIAN_POINT('',(-0.15,-28.85439077038,29.293367056536));
#3436 = CARTESIAN_POINT('',(-0.15,-28.80003207735,29.249439694579));
#3437 = CARTESIAN_POINT('',(-0.15,-28.75688305283,29.194461362092));
#3438 = CARTESIAN_POINT('',(-0.15,-28.72737280203,29.131712279382));
#3439 = CARTESIAN_POINT('',(-0.15,-28.71278828069,29.065111453474));
#3440 = CARTESIAN_POINT('',(-0.15,-28.71332280078,28.930918752187));
#3441 = CARTESIAN_POINT('',(-0.15,-28.72901137549,28.863169706224));
#3442 = CARTESIAN_POINT('',(-0.15,-28.76016986828,28.799622311623));
#3443 = CARTESIAN_POINT('',(-0.15,-28.80537288926,28.744415192996));
#3444 = CARTESIAN_POINT('',(-0.15,-28.86197340245,28.700969271104));
#3445 = CARTESIAN_POINT('',(-0.15,-28.92646896384,28.671822735551));
#3446 = CARTESIAN_POINT('',(-0.15,-28.99467818014,28.658270208751));
#3447 = CARTESIAN_POINT('',(-0.15,-29.12792611118,28.661926437821));
#3448 = CARTESIAN_POINT('',(-0.15,-29.19314572699,28.678172701266));
#3449 = CARTESIAN_POINT('',(-0.15,-29.25421514277,28.708817551412));
#3450 = CARTESIAN_POINT('',(-0.15,-29.30741410216,28.752527677368));
#3451 = CARTESIAN_POINT('',(-0.15,-29.34964921757,28.806904838927));
#3452 = CARTESIAN_POINT('',(-0.15,-29.37860792274,28.868791085832));
#3453 = CARTESIAN_POINT('',(-0.15,-29.39305939593,28.934431012387));
#3454 = CARTESIAN_POINT('',(-0.15,-29.39305939593,29.));
#3455 = PCURVE('',#3320,#3456);
#3456 = DEFINITIONAL_REPRESENTATION('',(#3457),#3488);
#3457 = B_SPLINE_CURVE_WITH_KNOTS('',8,(#3458,#3459,#3460,#3461,#3462,
    #3463,#3464,#3465,#3466,#3467,#3468,#3469,#3470,#3471,#3472,#3473,
    #3474,#3475,#3476,#3477,#3478,#3479,#3480,#3481,#3482,#3483,#3484,
    #3485,#3486,#3487),.UNSPECIFIED.,.F.,.F.,(9,7,7,7,9),(0.,
    0.251631634187,0.500633193152,0.754359822166,1.),.UNSPECIFIED.);
#3458 = CARTESIAN_POINT('',(4.707285779121,0.));
#3459 = CARTESIAN_POINT('',(4.707285779121,0.197553821257));
#3460 = CARTESIAN_POINT('',(4.707283146228,0.395343660361));
#3461 = CARTESIAN_POINT('',(4.70727786921,0.593003695934));
#3462 = CARTESIAN_POINT('',(4.707270169216,0.790531736582));
#3463 = CARTESIAN_POINT('',(4.707260457478,0.988059711488));
#3464 = CARTESIAN_POINT('',(4.70724929332,1.18571956722));
#3465 = CARTESIAN_POINT('',(4.707237376082,1.383509132405));
#3466 = CARTESIAN_POINT('',(4.707213624013,1.776551350107));
#3467 = CARTESIAN_POINT('',(4.70720176218,1.972263907187));
#3468 = CARTESIAN_POINT('',(4.707190560654,2.167853928489));
#3469 = CARTESIAN_POINT('',(4.707180732977,2.363318831445));
#3470 = CARTESIAN_POINT('',(4.707172897504,2.558783799912));
#3471 = CARTESIAN_POINT('',(4.707167528343,2.754374008257));
#3472 = CARTESIAN_POINT('',(4.707164874876,2.950086838436));
#3473 = CARTESIAN_POINT('',(4.707164972125,3.344774384939));
#3474 = CARTESIAN_POINT('',(4.707167826461,3.544219032031));
#3475 = CARTESIAN_POINT('',(4.707173495081,3.743527901945));
#3476 = CARTESIAN_POINT('',(4.707181701816,3.942699190914));
#3477 = CARTESIAN_POINT('',(4.70719193017,4.141870411887));
#3478 = CARTESIAN_POINT('',(4.707203514182,4.341179106546));
#3479 = CARTESIAN_POINT('',(4.707215691448,4.540623474102));
#3480 = CARTESIAN_POINT('',(4.707239354883,4.932671443733));
#3481 = CARTESIAN_POINT('',(4.707250877197,5.125730197692));
#3482 = CARTESIAN_POINT('',(4.707261604073,5.318675109689));
#3483 = CARTESIAN_POINT('',(4.707270895922,5.511503140537));
#3484 = CARTESIAN_POINT('',(4.707278242398,5.704331234365));
#3485 = CARTESIAN_POINT('',(4.707283270112,5.897276326112));
#3486 = CARTESIAN_POINT('',(4.707285779121,6.090335343611));
#3487 = CARTESIAN_POINT('',(4.707285779121,6.28318530718));
#3488 = ( GEOMETRIC_REPRESENTATION_CONTEXT(2)
PARAMETRIC_REPRESENTATION_CONTEXT() REPRESENTATION_CONTEXT('2D SPACE',''
  ) );
#3489 = PCURVE('',#3490,#3495);
#3490 = PLANE('',#3491);
#3491 = AXIS2_PLACEMENT_3D('',#3492,#3493,#3494);
#3492 = CARTESIAN_POINT('',(-0.15,-47.,-47.));
#3493 = DIRECTION('',(1.,0.,-0.));
#3494 = DIRECTION('',(0.,0.,1.));
#3495 = DEFINITIONAL_REPRESENTATION('',(#3496),#3527);
#3496 = B_SPLINE_CURVE_WITH_KNOTS('',8,(#3497,#3498,#3499,#3500,#3501,
    #3502,#3503,#3504,#3505,#3506,#3507,#3508,#3509,#3510,#3511,#3512,
    #3513,#3514,#3515,#3516,#3517,#3518,#3519,#3520,#3521,#3522,#3523,
    #3524,#3525,#3526),.UNSPECIFIED.,.T.,.F.,(9,7,7,7,9),(0.,
    0.251631634187,0.500633193152,0.754359822166,1.),.UNSPECIFIED.);
#3497 = CARTESIAN_POINT('',(76.,-17.60694060406));
#3498 = CARTESIAN_POINT('',(76.067168299227,-17.60694060406));
#3499 = CARTESIAN_POINT('',(76.134416674158,-17.6221056294));
#3500 = CARTESIAN_POINT('',(76.197627596968,-17.65250026866));
#3501 = CARTESIAN_POINT('',(76.252760082385,-17.69676359048));
#3502 = CARTESIAN_POINT('',(76.296454414654,-17.7523483342));
#3503 = CARTESIAN_POINT('',(76.326198039038,-17.81586875077));
#3504 = CARTESIAN_POINT('',(76.340671641864,-17.88327006656));
#3505 = CARTESIAN_POINT('',(76.339299730569,-18.01689915968));
#3506 = CARTESIAN_POINT('',(76.323767936933,-18.08328620923));
#3507 = CARTESIAN_POINT('',(76.293367056536,-18.14560922961));
#3508 = CARTESIAN_POINT('',(76.249439694579,-18.19996792264));
#3509 = CARTESIAN_POINT('',(76.194461362092,-18.24311694716));
#3510 = CARTESIAN_POINT('',(76.131712279382,-18.27262719796));
#3511 = CARTESIAN_POINT('',(76.065111453474,-18.2872117193));
#3512 = CARTESIAN_POINT('',(75.930918752187,-18.28667719921));
#3513 = CARTESIAN_POINT('',(75.863169706224,-18.2709886245));
#3514 = CARTESIAN_POINT('',(75.799622311623,-18.23983013171));
#3515 = CARTESIAN_POINT('',(75.744415192996,-18.19462711073));
#3516 = CARTESIAN_POINT('',(75.700969271104,-18.13802659755));
#3517 = CARTESIAN_POINT('',(75.671822735551,-18.07353103615));
#3518 = CARTESIAN_POINT('',(75.658270208751,-18.00532181985));
#3519 = CARTESIAN_POINT('',(75.661926437821,-17.87207388881));
#3520 = CARTESIAN_POINT('',(75.678172701266,-17.806854273));
#3521 = CARTESIAN_POINT('',(75.708817551412,-17.74578485722));
#3522 = CARTESIAN_POINT('',(75.752527677368,-17.69258589783));
#3523 = CARTESIAN_POINT('',(75.806904838927,-17.65035078242));
#3524 = CARTESIAN_POINT('',(75.868791085832,-17.62139207725));
#3525 = CARTESIAN_POINT('',(75.934431012387,-17.60694060406));
#3526 = CARTESIAN_POINT('',(76.,-17.60694060406));
#3527 = ( GEOMETRIC_REPRESENTATION_CONTEXT(2)
PARAMETRIC_REPRESENTATION_CONTEXT() REPRESENTATION_CONTEXT('2D SPACE',''
  ) );
#3528 = ORIENTED_EDGE('',*,*,#3398,.F.);
#3529 = ADVANCED_FACE('',(#3530),#3359,.T.);
#3530 = FACE_BOUND('',#3531,.T.);
#3531 = EDGE_LOOP('',(#3532));
#3532 = ORIENTED_EDGE('',*,*,#3284,.T.);
#3533 = ADVANCED_FACE('',(#3534),#3490,.T.);
#3534 = FACE_BOUND('',#3535,.T.);
#3535 = EDGE_LOOP('',(#3536));
#3536 = ORIENTED_EDGE('',*,*,#3422,.F.);
#3537 = ( GEOMETRIC_REPRESENTATION_CONTEXT(3)
GLOBAL_UNCERTAINTY_ASSIGNED_CONTEXT((#3541))
GLOBAL_UNIT_ASSIGNED_CONTEXT((#3538,#3539,#3540)) REPRESENTATION_CONTEXT
('Context #1','3D Context with UNIT and UNCERTAINTY') );
#3538 = ( LENGTH_UNIT() NAMED_UNIT(*) SI_UNIT(.MILLI.,.METRE.) );
#3539 = ( NAMED_UNIT(*) PLANE_ANGLE_UNIT() SI_UNIT($,.RADIAN.) );
#3540 = ( NAMED_UNIT(*) SI_UNIT($,.STERADIAN.) SOLID_ANGLE_UNIT() );
#3541 = UNCERTAINTY_MEASURE_WITH_UNIT(LENGTH_MEASURE(1.E-06),#3538,
  'distance_accuracy_value','confusion accuracy');
#3542 = CONTEXT_DEPENDENT_SHAPE_REPRESENTATION(#3543,#3545);
#3543 = ( REPRESENTATION_RELATIONSHIP('','',#3277,#10)
REPRESENTATION_RELATIONSHIP_WITH_TRANSFORMATION(#3544)
SHAPE_REPRESENTATION_RELATIONSHIP() );
#3544 = ITEM_DEFINED_TRANSFORMATION('','',#11,#47);
#3545 = PRODUCT_DEFINITION_SHAPE('Placement','Placement of an item',
  #3546);
#3546 = NEXT_ASSEMBLY_USAGE_OCCURRENCE('9','','',#5,#3272,$);
#3547 = PRODUCT_RELATED_PRODUCT_CATEGORY('part',$,(#3274));
#3548 = SHAPE_DEFINITION_REPRESENTATION(#3549,#3555);
#3549 = PRODUCT_DEFINITION_SHAPE('','',#3550);
#3550 = PRODUCT_DEFINITION('design','',#3551,#3554);
#3551 = PRODUCT_DEFINITION_FORMATION('','',#3552);
#3552 = PRODUCT('Open CASCADE STEP translator 7.9 1.10',
  'Open CASCADE STEP translator 7.9 1.10','',(#3553));
#3553 = PRODUCT_CONTEXT('',#2,'mechanical');
#3554 = PRODUCT_DEFINITION_CONTEXT('part definition',#2,'design');
#3555 = ADVANCED_BREP_SHAPE_REPRESENTATION('',(#11,#3556),#3815);
#3556 = MANIFOLD_SOLID_BREP('',#3557);
#3557 = CLOSED_SHELL('',(#3558,#3807,#3811));
#3558 = ADVANCED_FACE('',(#3559),#3598,.T.);
#3559 = FACE_BOUND('',#3560,.T.);
#3560 = EDGE_LOOP('',(#3561,#3675,#3699,#3806));
#3561 = ORIENTED_EDGE('',*,*,#3562,.F.);
#3562 = EDGE_CURVE('',#3563,#3563,#3565,.T.);
#3563 = VERTEX_POINT('',#3564);
#3564 = CARTESIAN_POINT('',(-0.15,-32.58403026864,-25.45743450255));
#3565 = SURFACE_CURVE('',#3566,(#3597,#3636),.PCURVE_S1.);
#3566 = B_SPLINE_CURVE_WITH_KNOTS('',8,(#3567,#3568,#3569,#3570,#3571,
    #3572,#3573,#3574,#3575,#3576,#3577,#3578,#3579,#3580,#3581,#3582,
    #3583,#3584,#3585,#3586,#3587,#3588,#3589,#3590,#3591,#3592,#3593,
    #3594,#3595,#3596),.UNSPECIFIED.,.T.,.F.,(9,7,7,7,9),(0.,
    0.251631990202,0.500949724273,0.751364458541,1.),.UNSPECIFIED.);
#3567 = CARTESIAN_POINT('',(-0.15,-32.58403026864,-25.45743450255));
#3568 = CARTESIAN_POINT('',(-0.15,-32.54753955436,-25.50414048695));
#3569 = CARTESIAN_POINT('',(-0.15,-32.5004680671,-25.54265180473));
#3570 = CARTESIAN_POINT('',(-0.15,-32.44500322814,-25.57009416812));
#3571 = CARTESIAN_POINT('',(-0.15,-32.38427006947,-25.58439036169));
#3572 = CARTESIAN_POINT('',(-0.15,-32.32187715515,-25.58457055336));
#3573 = CARTESIAN_POINT('',(-0.15,-32.26155958971,-25.57074116642));
#3574 = CARTESIAN_POINT('',(-0.15,-32.20683898459,-25.54419795141));
#3575 = CARTESIAN_POINT('',(-0.15,-32.11460669756,-25.47060094176));
#3576 = CARTESIAN_POINT('',(-0.15,-32.07685557999,-25.42366955752));
#3577 = CARTESIAN_POINT('',(-0.15,-32.0500281074,-25.36859148571));
#3578 = CARTESIAN_POINT('',(-0.15,-32.03612001181,-25.30841671219));
#3579 = CARTESIAN_POINT('',(-0.15,-32.03605994332,-25.24665568304));
#3580 = CARTESIAN_POINT('',(-0.15,-32.04973717613,-25.18693791016));
#3581 = CARTESIAN_POINT('',(-0.15,-32.07589740118,-25.13268567782));
#3582 = CARTESIAN_POINT('',(-0.15,-32.14891957596,-25.04036382162));
#3583 = CARTESIAN_POINT('',(-0.15,-32.19594028743,-25.0022802449));
#3584 = CARTESIAN_POINT('',(-0.15,-32.25121776576,-24.97519409133));
#3585 = CARTESIAN_POINT('',(-0.15,-32.31166538843,-24.96113762782));
#3586 = CARTESIAN_POINT('',(-0.15,-32.37372586881,-24.96105680213));
#3587 = CARTESIAN_POINT('',(-0.15,-32.43371996252,-24.97484073896));
#3588 = CARTESIAN_POINT('',(-0.15,-32.48817928836,-25.00121360407));
#3589 = CARTESIAN_POINT('',(-0.15,-32.58018512531,-25.0743768062));
#3590 = CARTESIAN_POINT('',(-0.15,-32.61793351027,-25.12108791502));
#3591 = CARTESIAN_POINT('',(-0.15,-32.64483939869,-25.1759250484));
#3592 = CARTESIAN_POINT('',(-0.15,-32.65891638791,-25.23586949527));
#3593 = CARTESIAN_POINT('',(-0.15,-32.6592313525,-25.29744375271));
#3594 = CARTESIAN_POINT('',(-0.15,-32.64587927185,-25.35704855356));
#3595 = CARTESIAN_POINT('',(-0.15,-32.62008644765,-25.41128469794));
#3596 = CARTESIAN_POINT('',(-0.15,-32.58403026864,-25.45743450255));
#3597 = PCURVE('',#3598,#3603);
#3598 = TOROIDAL_SURFACE('',#3599,41.05,0.3);
#3599 = AXIS2_PLACEMENT_3D('',#3600,#3601,#3602);
#3600 = CARTESIAN_POINT('',(0.,0.,0.));
#3601 = DIRECTION('',(0.,0.615661475326,-0.788010753607));
#3602 = DIRECTION('',(0.,-0.788010753607,-0.615661475326));
#3603 = DEFINITIONAL_REPRESENTATION('',(#3604),#3635);
#3604 = B_SPLINE_CURVE_WITH_KNOTS('',8,(#3605,#3606,#3607,#3608,#3609,
    #3610,#3611,#3612,#3613,#3614,#3615,#3616,#3617,#3618,#3619,#3620,
    #3621,#3622,#3623,#3624,#3625,#3626,#3627,#3628,#3629,#3630,#3631,
    #3632,#3633,#3634),.UNSPECIFIED.,.F.,.F.,(9,7,7,7,9),(0.,
    0.251631990202,0.500949724273,0.751364458541,1.),.UNSPECIFIED.);
#3605 = CARTESIAN_POINT('',(3.627577484485E-03,0.));
#3606 = CARTESIAN_POINT('',(3.627577484485E-03,0.197569149847));
#3607 = CARTESIAN_POINT('',(3.628751543861E-03,0.395327756278));
#3608 = CARTESIAN_POINT('',(3.631103698549E-03,0.592984223544));
#3609 = CARTESIAN_POINT('',(3.634534315026E-03,0.790531494889));
#3610 = CARTESIAN_POINT('',(3.638855025839E-03,0.988078740355));
#3611 = CARTESIAN_POINT('',(3.643809730361E-03,1.185735138551));
#3612 = CARTESIAN_POINT('',(3.649086145444E-03,1.383493635293));
#3613 = CARTESIAN_POINT('',(3.659590721678E-03,1.776814661693));
#3614 = CARTESIAN_POINT('',(3.664828652638E-03,1.972747488966));
#3615 = CARTESIAN_POINT('',(3.669763860475E-03,2.168583176078));
#3616 = CARTESIAN_POINT('',(3.674083503818E-03,2.364314714975));
#3617 = CARTESIAN_POINT('',(3.67751850644E-03,2.560046280485));
#3618 = CARTESIAN_POINT('',(3.679866103291E-03,2.755882043314));
#3619 = CARTESIAN_POINT('',(3.681021116949E-03,2.95181497979));
#3620 = CARTESIAN_POINT('',(3.680957591915E-03,3.34418050006));
#3621 = CARTESIAN_POINT('',(3.679728528203E-03,3.540978790113));
#3622 = CARTESIAN_POINT('',(3.677300230342E-03,3.737677577082));
#3623 = CARTESIAN_POINT('',(3.673783764921E-03,3.934269823537));
#3624 = CARTESIAN_POINT('',(3.669388755835E-03,4.130862044148));
#3625 = CARTESIAN_POINT('',(3.664390942808E-03,4.32756076357));
#3626 = CARTESIAN_POINT('',(3.65910898846E-03,4.524358944096));
#3627 = CARTESIAN_POINT('',(3.648646959411E-03,4.916188608245));
#3628 = CARTESIAN_POINT('',(3.643456822747E-03,5.111583324039));
#3629 = CARTESIAN_POINT('',(3.638598691453E-03,5.306882324361));
#3630 = CARTESIAN_POINT('',(3.634371523828E-03,5.502078615596));
#3631 = CARTESIAN_POINT('',(3.631020030452E-03,5.697274932984));
#3632 = CARTESIAN_POINT('',(3.628723749758E-03,5.892574007885));
#3633 = CARTESIAN_POINT('',(3.627577484485E-03,6.087968831587));
#3634 = CARTESIAN_POINT('',(3.627577484485E-03,6.28318530718));
#3635 = ( GEOMETRIC_REPRESENTATION_CONTEXT(2)
PARAMETRIC_REPRESENTATION_CONTEXT() REPRESENTATION_CONTEXT('2D SPACE',''
  ) );
#3636 = PCURVE('',#3637,#3642);
#3637 = PLANE('',#3638);
#3638 = AXIS2_PLACEMENT_3D('',#3639,#3640,#3641);
#3639 = CARTESIAN_POINT('',(-0.15,-47.,-47.));
#3640 = DIRECTION('',(1.,0.,-0.));
#3641 = DIRECTION('',(0.,0.,1.));
#3642 = DEFINITIONAL_REPRESENTATION('',(#3643),#3674);
#3643 = B_SPLINE_CURVE_WITH_KNOTS('',8,(#3644,#3645,#3646,#3647,#3648,
    #3649,#3650,#3651,#3652,#3653,#3654,#3655,#3656,#3657,#3658,#3659,
    #3660,#3661,#3662,#3663,#3664,#3665,#3666,#3667,#3668,#3669,#3670,
    #3671,#3672,#3673),.UNSPECIFIED.,.T.,.F.,(9,7,7,7,9),(0.,
    0.251631990202,0.500949724273,0.751364458541,1.),.UNSPECIFIED.);
#3644 = CARTESIAN_POINT('',(21.542565497446,-14.41596973135));
#3645 = CARTESIAN_POINT('',(21.495859513047,-14.45246044563));
#3646 = CARTESIAN_POINT('',(21.457348195263,-14.49953193289));
#3647 = CARTESIAN_POINT('',(21.429905831874,-14.55499677185));
#3648 = CARTESIAN_POINT('',(21.415609638304,-14.61572993053));
#3649 = CARTESIAN_POINT('',(21.415429446636,-14.67812284484));
#3650 = CARTESIAN_POINT('',(21.429258833578,-14.73844041028));
#3651 = CARTESIAN_POINT('',(21.45580204859,-14.7931610154));
#3652 = CARTESIAN_POINT('',(21.529399058233,-14.88539330243));
#3653 = CARTESIAN_POINT('',(21.576330442472,-14.92314442));
#3654 = CARTESIAN_POINT('',(21.631408514289,-14.94997189259));
#3655 = CARTESIAN_POINT('',(21.69158328781,-14.96387998818));
#3656 = CARTESIAN_POINT('',(21.753344316955,-14.96394005667));
#3657 = CARTESIAN_POINT('',(21.813062089831,-14.95026282386));
#3658 = CARTESIAN_POINT('',(21.867314322176,-14.92410259881));
#3659 = CARTESIAN_POINT('',(21.959636178377,-14.85108042403));
#3660 = CARTESIAN_POINT('',(21.9977197551,-14.80405971256));
#3661 = CARTESIAN_POINT('',(22.024805908664,-14.74878223423));
#3662 = CARTESIAN_POINT('',(22.038862372174,-14.68833461156));
#3663 = CARTESIAN_POINT('',(22.038943197863,-14.62627413118));
#3664 = CARTESIAN_POINT('',(22.025159261039,-14.56628003747));
#3665 = CARTESIAN_POINT('',(21.998786395926,-14.51182071163));
#3666 = CARTESIAN_POINT('',(21.925623193799,-14.41981487468));
#3667 = CARTESIAN_POINT('',(21.878912084977,-14.38206648972));
#3668 = CARTESIAN_POINT('',(21.824074951599,-14.3551606013));
#3669 = CARTESIAN_POINT('',(21.764130504725,-14.34108361208));
#3670 = CARTESIAN_POINT('',(21.702556247285,-14.34076864749));
#3671 = CARTESIAN_POINT('',(21.64295144644,-14.35412072814));
#3672 = CARTESIAN_POINT('',(21.58871530206,-14.37991355234));
#3673 = CARTESIAN_POINT('',(21.542565497446,-14.41596973135));
#3674 = ( GEOMETRIC_REPRESENTATION_CONTEXT(2)
PARAMETRIC_REPRESENTATION_CONTEXT() REPRESENTATION_CONTEXT('2D SPACE',''
  ) );
#3675 = ORIENTED_EDGE('',*,*,#3676,.T.);
#3676 = EDGE_CURVE('',#3563,#3677,#3679,.T.);
#3677 = VERTEX_POINT('',#3678);
#3678 = CARTESIAN_POINT('',(-0.15,32.584030268648,25.457434502554));
#3679 = SEAM_CURVE('',#3680,(#3685,#3692),.PCURVE_S1.);
#3680 = CIRCLE('',#3681,41.35);
#3681 = AXIS2_PLACEMENT_3D('',#3682,#3683,#3684);
#3682 = CARTESIAN_POINT('',(0.,-4.523807130695E-17,5.790209082589E-17));
#3683 = DIRECTION('',(0.,0.615661475326,-0.788010753607));
#3684 = DIRECTION('',(0.,-0.788010753607,-0.615661475326));
#3685 = PCURVE('',#3598,#3686);
#3686 = DEFINITIONAL_REPRESENTATION('',(#3687),#3691);
#3687 = LINE('',#3688,#3689);
#3688 = CARTESIAN_POINT('',(0.,6.28318530718));
#3689 = VECTOR('',#3690,1.);
#3690 = DIRECTION('',(1.,0.));
#3691 = ( GEOMETRIC_REPRESENTATION_CONTEXT(2)
PARAMETRIC_REPRESENTATION_CONTEXT() REPRESENTATION_CONTEXT('2D SPACE',''
  ) );
#3692 = PCURVE('',#3598,#3693);
#3693 = DEFINITIONAL_REPRESENTATION('',(#3694),#3698);
#3694 = LINE('',#3695,#3696);
#3695 = CARTESIAN_POINT('',(0.,0.));
#3696 = VECTOR('',#3697,1.);
#3697 = DIRECTION('',(1.,0.));
#3698 = ( GEOMETRIC_REPRESENTATION_CONTEXT(2)
PARAMETRIC_REPRESENTATION_CONTEXT() REPRESENTATION_CONTEXT('2D SPACE',''
  ) );
#3699 = ORIENTED_EDGE('',*,*,#3700,.T.);
#3700 = EDGE_CURVE('',#3677,#3677,#3701,.T.);
#3701 = SURFACE_CURVE('',#3702,(#3733,#3767),.PCURVE_S1.);
#3702 = B_SPLINE_CURVE_WITH_KNOTS('',8,(#3703,#3704,#3705,#3706,#3707,
    #3708,#3709,#3710,#3711,#3712,#3713,#3714,#3715,#3716,#3717,#3718,
    #3719,#3720,#3721,#3722,#3723,#3724,#3725,#3726,#3727,#3728,#3729,
    #3730,#3731,#3732),.UNSPECIFIED.,.T.,.F.,(9,7,7,7,9),(0.,
    0.25163198961,0.50094972289,0.751364451379,1.),.UNSPECIFIED.);
#3703 = CARTESIAN_POINT('',(-0.15,32.584030268648,25.457434502554));
#3704 = CARTESIAN_POINT('',(-0.15,32.620520982844,25.410728518266));
#3705 = CARTESIAN_POINT('',(-0.15,32.64650072644,25.355738524494));
#3706 = CARTESIAN_POINT('',(-0.15,32.659709775404,25.295282319895));
#3707 = CARTESIAN_POINT('',(-0.15,32.658888630156,25.232894633498));
#3708 = CARTESIAN_POINT('',(-0.15,32.643969257427,25.172311463207));
#3709 = CARTESIAN_POINT('',(-0.15,32.61595852283,25.117131218809));
#3710 = CARTESIAN_POINT('',(-0.15,32.576965642469,25.070457434399));
#3711 = CARTESIAN_POINT('',(-0.15,32.483241769357,24.998769568401));
#3712 = CARTESIAN_POINT('',(-0.15,32.428571626173,24.973493549645));
#3713 = CARTESIAN_POINT('',(-0.15,32.368639455722,24.960787558927));
#3714 = CARTESIAN_POINT('',(-0.15,32.306887457514,24.961850188127));
#3715 = CARTESIAN_POINT('',(-0.15,32.246946463104,24.976733248729));
#3716 = CARTESIAN_POINT('',(-0.15,32.192311385378,25.004451245584));
#3717 = CARTESIAN_POINT('',(-0.15,32.14599940727,25.042959202542));
#3718 = CARTESIAN_POINT('',(-0.15,32.074085567835,25.136146983256));
#3719 = CARTESIAN_POINT('',(-0.15,32.048508575624,25.190984228039));
#3720 = CARTESIAN_POINT('',(-0.15,32.035599828113,25.251172460881));
#3721 = CARTESIAN_POINT('',(-0.15,32.036584503574,25.313225095571));
#3722 = CARTESIAN_POINT('',(-0.15,32.051519865649,25.373461666857));
#3723 = CARTESIAN_POINT('',(-0.15,32.079408242903,25.428339043066));
#3724 = CARTESIAN_POINT('',(-0.15,32.118172621745,25.474800521088));
#3725 = CARTESIAN_POINT('',(-0.15,32.211420787605,25.546373615324));
#3726 = CARTESIAN_POINT('',(-0.15,32.265876538372,25.571700274825));
#3727 = CARTESIAN_POINT('',(-0.15,32.325593899512,25.584540642453));
#3728 = CARTESIAN_POINT('',(-0.15,32.387163274015,25.583697612285));
#3729 = CARTESIAN_POINT('',(-0.15,32.446984711868,25.56910706068));
#3730 = CARTESIAN_POINT('',(-0.15,32.501588836781,25.541731887317));
#3731 = CARTESIAN_POINT('',(-0.15,32.547974088598,25.503584308498));
#3732 = CARTESIAN_POINT('',(-0.15,32.584030268648,25.457434502554));
#3733 = PCURVE('',#3598,#3734);
#3734 = DEFINITIONAL_REPRESENTATION('',(#3735),#3766);
#3735 = B_SPLINE_CURVE_WITH_KNOTS('',8,(#3736,#3737,#3738,#3739,#3740,
    #3741,#3742,#3743,#3744,#3745,#3746,#3747,#3748,#3749,#3750,#3751,
    #3752,#3753,#3754,#3755,#3756,#3757,#3758,#3759,#3760,#3761,#3762,
    #3763,#3764,#3765),.UNSPECIFIED.,.F.,.F.,(9,7,7,7,9),(0.,
    0.25163198961,0.50094972289,0.751364451379,1.),.UNSPECIFIED.);
#3736 = CARTESIAN_POINT('',(3.137965076105,0.));
#3737 = CARTESIAN_POINT('',(3.137965076105,0.197569149383));
#3738 = CARTESIAN_POINT('',(3.137963902046,0.395327755348));
#3739 = CARTESIAN_POINT('',(3.137961549891,0.592984222148));
#3740 = CARTESIAN_POINT('',(3.137958119275,0.79053149303));
#3741 = CARTESIAN_POINT('',(3.137953798564,0.988078738032));
#3742 = CARTESIAN_POINT('',(3.13794884386,1.185735135763));
#3743 = CARTESIAN_POINT('',(3.137943567444,1.383493632038));
#3744 = CARTESIAN_POINT('',(3.137933062868,1.776814657354));
#3745 = CARTESIAN_POINT('',(3.137927824937,1.972747483993));
#3746 = CARTESIAN_POINT('',(3.137922889729,2.16858317051));
#3747 = CARTESIAN_POINT('',(3.137918570086,2.364314708739));
#3748 = CARTESIAN_POINT('',(3.137915135083,2.560046273676));
#3749 = CARTESIAN_POINT('',(3.137912787487,2.75588203585));
#3750 = CARTESIAN_POINT('',(3.137911632473,2.951814971714));
#3751 = CARTESIAN_POINT('',(3.137911695998,3.34418048682));
#3752 = CARTESIAN_POINT('',(3.137912925061,3.54097877233));
#3753 = CARTESIAN_POINT('',(3.137915353359,3.737677554718));
#3754 = CARTESIAN_POINT('',(3.137918869824,3.934269796688));
#3755 = CARTESIAN_POINT('',(3.137923264833,4.130862012724));
#3756 = CARTESIAN_POINT('',(3.137928262646,4.327560727622));
#3757 = CARTESIAN_POINT('',(3.1379335446,4.524358903582));
#3758 = CARTESIAN_POINT('',(3.137944006629,4.916188568819));
#3759 = CARTESIAN_POINT('',(3.137949196766,5.111583290258));
#3760 = CARTESIAN_POINT('',(3.137954054898,5.306882296225));
#3761 = CARTESIAN_POINT('',(3.137958282066,5.502078593058));
#3762 = CARTESIAN_POINT('',(3.137961633559,5.69727491609));
#3763 = CARTESIAN_POINT('',(3.13796392984,5.892573996607));
#3764 = CARTESIAN_POINT('',(3.137965076105,6.087968825966));
#3765 = CARTESIAN_POINT('',(3.137965076105,6.28318530718));
#3766 = ( GEOMETRIC_REPRESENTATION_CONTEXT(2)
PARAMETRIC_REPRESENTATION_CONTEXT() REPRESENTATION_CONTEXT('2D SPACE',''
  ) );
#3767 = PCURVE('',#3768,#3773);
#3768 = PLANE('',#3769);
#3769 = AXIS2_PLACEMENT_3D('',#3770,#3771,#3772);
#3770 = CARTESIAN_POINT('',(-0.15,-47.,-47.));
#3771 = DIRECTION('',(1.,0.,-0.));
#3772 = DIRECTION('',(0.,0.,1.));
#3773 = DEFINITIONAL_REPRESENTATION('',(#3774),#3805);
#3774 = B_SPLINE_CURVE_WITH_KNOTS('',8,(#3775,#3776,#3777,#3778,#3779,
    #3780,#3781,#3782,#3783,#3784,#3785,#3786,#3787,#3788,#3789,#3790,
    #3791,#3792,#3793,#3794,#3795,#3796,#3797,#3798,#3799,#3800,#3801,
    #3802,#3803,#3804),.UNSPECIFIED.,.T.,.F.,(9,7,7,7,9),(0.,
    0.25163198961,0.50094972289,0.751364451379,1.),.UNSPECIFIED.);
#3775 = CARTESIAN_POINT('',(72.457434502554,-79.58403026864));
#3776 = CARTESIAN_POINT('',(72.410728518266,-79.62052098284));
#3777 = CARTESIAN_POINT('',(72.355738524494,-79.64650072644));
#3778 = CARTESIAN_POINT('',(72.295282319895,-79.6597097754));
#3779 = CARTESIAN_POINT('',(72.232894633498,-79.65888863015));
#3780 = CARTESIAN_POINT('',(72.172311463207,-79.64396925742));
#3781 = CARTESIAN_POINT('',(72.117131218809,-79.61595852283));
#3782 = CARTESIAN_POINT('',(72.070457434399,-79.57696564246));
#3783 = CARTESIAN_POINT('',(71.998769568401,-79.48324176935));
#3784 = CARTESIAN_POINT('',(71.973493549645,-79.42857162617));
#3785 = CARTESIAN_POINT('',(71.960787558927,-79.36863945572));
#3786 = CARTESIAN_POINT('',(71.961850188127,-79.30688745751));
#3787 = CARTESIAN_POINT('',(71.976733248729,-79.2469464631));
#3788 = CARTESIAN_POINT('',(72.004451245584,-79.19231138537));
#3789 = CARTESIAN_POINT('',(72.042959202542,-79.14599940727));
#3790 = CARTESIAN_POINT('',(72.136146983256,-79.07408556783));
#3791 = CARTESIAN_POINT('',(72.190984228039,-79.04850857562));
#3792 = CARTESIAN_POINT('',(72.251172460881,-79.03559982811));
#3793 = CARTESIAN_POINT('',(72.313225095571,-79.03658450357));
#3794 = CARTESIAN_POINT('',(72.373461666857,-79.05151986564));
#3795 = CARTESIAN_POINT('',(72.428339043066,-79.0794082429));
#3796 = CARTESIAN_POINT('',(72.474800521088,-79.11817262174));
#3797 = CARTESIAN_POINT('',(72.546373615324,-79.2114207876));
#3798 = CARTESIAN_POINT('',(72.571700274825,-79.26587653837));
#3799 = CARTESIAN_POINT('',(72.584540642453,-79.32559389951));
#3800 = CARTESIAN_POINT('',(72.583697612285,-79.38716327401));
#3801 = CARTESIAN_POINT('',(72.56910706068,-79.44698471186));
#3802 = CARTESIAN_POINT('',(72.541731887317,-79.50158883678));
#3803 = CARTESIAN_POINT('',(72.503584308498,-79.54797408859));
#3804 = CARTESIAN_POINT('',(72.457434502554,-79.58403026864));
#3805 = ( GEOMETRIC_REPRESENTATION_CONTEXT(2)
PARAMETRIC_REPRESENTATION_CONTEXT() REPRESENTATION_CONTEXT('2D SPACE',''
  ) );
#3806 = ORIENTED_EDGE('',*,*,#3676,.F.);
#3807 = ADVANCED_FACE('',(#3808),#3637,.T.);
#3808 = FACE_BOUND('',#3809,.T.);
#3809 = EDGE_LOOP('',(#3810));
#3810 = ORIENTED_EDGE('',*,*,#3562,.T.);
#3811 = ADVANCED_FACE('',(#3812),#3768,.T.);
#3812 = FACE_BOUND('',#3813,.T.);
#3813 = EDGE_LOOP('',(#3814));
#3814 = ORIENTED_EDGE('',*,*,#3700,.F.);
#3815 = ( GEOMETRIC_REPRESENTATION_CONTEXT(3)
GLOBAL_UNCERTAINTY_ASSIGNED_CONTEXT((#3819))
GLOBAL_UNIT_ASSIGNED_CONTEXT((#3816,#3817,#3818)) REPRESENTATION_CONTEXT
('Context #1','3D Context with UNIT and UNCERTAINTY') );
#3816 = ( LENGTH_UNIT() NAMED_UNIT(*) SI_UNIT(.MILLI.,.METRE.) );
#3817 = ( NAMED_UNIT(*) PLANE_ANGLE_UNIT() SI_UNIT($,.RADIAN.) );
#3818 = ( NAMED_UNIT(*) SI_UNIT($,.STERADIAN.) SOLID_ANGLE_UNIT() );
#3819 = UNCERTAINTY_MEASURE_WITH_UNIT(LENGTH_MEASURE(1.E-06),#3816,
  'distance_accuracy_value','confusion accuracy');
#3820 = CONTEXT_DEPENDENT_SHAPE_REPRESENTATION(#3821,#3823);
#3821 = ( REPRESENTATION_RELATIONSHIP('','',#3555,#10)
REPRESENTATION_RELATIONSHIP_WITH_TRANSFORMATION(#3822)
SHAPE_REPRESENTATION_RELATIONSHIP() );
#3822 = ITEM_DEFINED_TRANSFORMATION('','',#11,#51);
#3823 = PRODUCT_DEFINITION_SHAPE('Placement','Placement of an item',
  #3824);
#3824 = NEXT_ASSEMBLY_USAGE_OCCURRENCE('10','','',#5,#3550,$);
#3825 = PRODUCT_RELATED_PRODUCT_CATEGORY('part',$,(#3552));
#3826 = SHAPE_DEFINITION_REPRESENTATION(#3827,#3833);
#3827 = PRODUCT_DEFINITION_SHAPE('','',#3828);
#3828 = PRODUCT_DEFINITION('design','',#3829,#3832);
#3829 = PRODUCT_DEFINITION_FORMATION('','',#3830);
#3830 = PRODUCT('Open CASCADE STEP translator 7.9 1.11',
  'Open CASCADE STEP translator 7.9 1.11','',(#3831));
#3831 = PRODUCT_CONTEXT('',#2,'mechanical');
#3832 = PRODUCT_DEFINITION_CONTEXT('part definition',#2,'design');
#3833 = ADVANCED_BREP_SHAPE_REPRESENTATION('',(#11,#3834),#4093);
#3834 = MANIFOLD_SOLID_BREP('',#3835);
#3835 = CLOSED_SHELL('',(#3836,#4085,#4089));
#3836 = ADVANCED_FACE('',(#3837),#3876,.T.);
#3837 = FACE_BOUND('',#3838,.T.);
#3838 = EDGE_LOOP('',(#3839,#3953,#3977,#4084));
#3839 = ORIENTED_EDGE('',*,*,#3840,.F.);
#3840 = EDGE_CURVE('',#3841,#3841,#3843,.T.);
#3841 = VERTEX_POINT('',#3842);
#3842 = CARTESIAN_POINT('',(-0.15,-16.81844953091,-37.77485612647));
#3843 = SURFACE_CURVE('',#3844,(#3875,#3914),.PCURVE_S1.);
#3844 = B_SPLINE_CURVE_WITH_KNOTS('',8,(#3845,#3846,#3847,#3848,#3849,
    #3850,#3851,#3852,#3853,#3854,#3855,#3856,#3857,#3858,#3859,#3860,
    #3861,#3862,#3863,#3864,#3865,#3866,#3867,#3868,#3869,#3870,#3871,
    #3872,#3873,#3874),.UNSPECIFIED.,.T.,.F.,(9,7,7,7,9),(0.,
    0.251631989977,0.500949724054,0.751364457929,1.),.UNSPECIFIED.);
#3845 = CARTESIAN_POINT('',(-0.15,-16.81844953091,-37.77485612647));
#3846 = CARTESIAN_POINT('',(-0.15,-16.76430301113,-37.79896371029));
#3847 = CARTESIAN_POINT('',(-0.15,-16.70466138627,-37.81086846094));
#3848 = CARTESIAN_POINT('',(-0.15,-16.64280543106,-37.80905946503));
#3849 = CARTESIAN_POINT('',(-0.15,-16.58246957851,-37.79316976387));
#3850 = CARTESIAN_POINT('',(-0.15,-16.52729531018,-37.76403716476));
#3851 = CARTESIAN_POINT('',(-0.15,-16.48053056487,-37.72350915922));
#3852 = CARTESIAN_POINT('',(-0.15,-16.4446764229,-37.6743831235));
#3853 = CARTESIAN_POINT('',(-0.15,-16.39779185008,-37.56610038518));
#3854 = CARTESIAN_POINT('',(-0.15,-16.38649254192,-37.50693935629));
#3855 = CARTESIAN_POINT('',(-0.15,-16.38866287794,-37.44571356987));
#3856 = CARTESIAN_POINT('',(-0.15,-16.4046331033,-37.38605294305));
#3857 = CARTESIAN_POINT('',(-0.15,-16.43357511277,-37.33149299054));
#3858 = CARTESIAN_POINT('',(-0.15,-16.47368718865,-37.28518639853));
#3859 = CARTESIAN_POINT('',(-0.15,-16.52225517664,-37.24956600224));
#3860 = CARTESIAN_POINT('',(-0.15,-16.63007241605,-37.20233247594));
#3861 = CARTESIAN_POINT('',(-0.15,-16.68946839622,-37.19078156036));
#3862 = CARTESIAN_POINT('',(-0.15,-16.75099169139,-37.19281711028));
#3863 = CARTESIAN_POINT('',(-0.15,-16.81096288415,-37.20878442937));
#3864 = CARTESIAN_POINT('',(-0.15,-16.86579698126,-37.23784869503));
#3865 = CARTESIAN_POINT('',(-0.15,-16.91229745558,-37.27818470959));
#3866 = CARTESIAN_POINT('',(-0.15,-16.94800087615,-37.32703767196));
#3867 = CARTESIAN_POINT('',(-0.15,-16.994889166,-37.43483106909));
#3868 = CARTESIAN_POINT('',(-0.15,-17.00628947461,-37.49379632358));
#3869 = CARTESIAN_POINT('',(-0.15,-17.00430148948,-37.55484618815));
#3870 = CARTESIAN_POINT('',(-0.15,-16.98858852017,-37.61438273954));
#3871 = CARTESIAN_POINT('',(-0.15,-16.95995925453,-37.66889744905));
#3872 = CARTESIAN_POINT('',(-0.15,-16.92018730801,-37.71525694247));
#3873 = CARTESIAN_POINT('',(-0.15,-16.8719512684,-37.75103561823));
#3874 = CARTESIAN_POINT('',(-0.15,-16.81844953091,-37.77485612647));
#3875 = PCURVE('',#3876,#3881);
#3876 = TOROIDAL_SURFACE('',#3877,41.05,0.3);
#3877 = AXIS2_PLACEMENT_3D('',#3878,#3879,#3880);
#3878 = CARTESIAN_POINT('',(0.,0.,0.));
#3879 = DIRECTION('',(0.,0.913545457643,-0.406736643076));
#3880 = DIRECTION('',(0.,0.406736643076,0.913545457643));
#3881 = DEFINITIONAL_REPRESENTATION('',(#3882),#3913);
#3882 = B_SPLINE_CURVE_WITH_KNOTS('',8,(#3883,#3884,#3885,#3886,#3887,
    #3888,#3889,#3890,#3891,#3892,#3893,#3894,#3895,#3896,#3897,#3898,
    #3899,#3900,#3901,#3902,#3903,#3904,#3905,#3906,#3907,#3908,#3909,
    #3910,#3911,#3912),.UNSPECIFIED.,.F.,.F.,(9,7,7,7,9),(0.,
    0.251631989977,0.500949724054,0.751364457929,1.),.UNSPECIFIED.);
#3883 = CARTESIAN_POINT('',(3.145220231074,0.));
#3884 = CARTESIAN_POINT('',(3.145220231074,0.19756914967));
#3885 = CARTESIAN_POINT('',(3.145221405134,0.395327755926));
#3886 = CARTESIAN_POINT('',(3.145223757288,0.592984223008));
#3887 = CARTESIAN_POINT('',(3.145227187905,0.790531494188));
#3888 = CARTESIAN_POINT('',(3.145231508616,0.988078739464));
#3889 = CARTESIAN_POINT('',(3.14523646332,1.185735137492));
#3890 = CARTESIAN_POINT('',(3.145241739735,1.383493634052));
#3891 = CARTESIAN_POINT('',(3.145252244311,1.776814660281));
#3892 = CARTESIAN_POINT('',(3.145257482242,1.972747487558));
#3893 = CARTESIAN_POINT('',(3.14526241745,2.168583174681));
#3894 = CARTESIAN_POINT('',(3.145266737094,2.364314713571));
#3895 = CARTESIAN_POINT('',(3.145270172096,2.560046279098));
#3896 = CARTESIAN_POINT('',(3.145272519693,2.755882041924));
#3897 = CARTESIAN_POINT('',(3.145273674707,2.951814978408));
#3898 = CARTESIAN_POINT('',(3.145273611182,3.344180498374));
#3899 = CARTESIAN_POINT('',(3.145272382118,3.540978788127));
#3900 = CARTESIAN_POINT('',(3.14526995382,3.737677574769));
#3901 = CARTESIAN_POINT('',(3.145266437355,3.934269820941));
#3902 = CARTESIAN_POINT('',(3.145262042346,4.13086204123));
#3903 = CARTESIAN_POINT('',(3.145257044533,4.32756076035));
#3904 = CARTESIAN_POINT('',(3.145251762578,4.524358940567));
#3905 = CARTESIAN_POINT('',(3.145241300549,4.91618860489));
#3906 = CARTESIAN_POINT('',(3.145236110413,5.111583321148));
#3907 = CARTESIAN_POINT('',(3.145231252281,5.306882321997));
#3908 = CARTESIAN_POINT('',(3.145227025114,5.502078613635));
#3909 = CARTESIAN_POINT('',(3.14522367362,5.697274931578));
#3910 = CARTESIAN_POINT('',(3.14522137734,5.89257400691));
#3911 = CARTESIAN_POINT('',(3.145220231074,6.087968831111));
#3912 = CARTESIAN_POINT('',(3.145220231074,6.28318530718));
#3913 = ( GEOMETRIC_REPRESENTATION_CONTEXT(2)
PARAMETRIC_REPRESENTATION_CONTEXT() REPRESENTATION_CONTEXT('2D SPACE',''
  ) );
#3914 = PCURVE('',#3915,#3920);
#3915 = PLANE('',#3916);
#3916 = AXIS2_PLACEMENT_3D('',#3917,#3918,#3919);
#3917 = CARTESIAN_POINT('',(-0.15,-47.,-47.));
#3918 = DIRECTION('',(1.,0.,-0.));
#3919 = DIRECTION('',(0.,0.,1.));
#3920 = DEFINITIONAL_REPRESENTATION('',(#3921),#3952);
#3921 = B_SPLINE_CURVE_WITH_KNOTS('',8,(#3922,#3923,#3924,#3925,#3926,
    #3927,#3928,#3929,#3930,#3931,#3932,#3933,#3934,#3935,#3936,#3937,
    #3938,#3939,#3940,#3941,#3942,#3943,#3944,#3945,#3946,#3947,#3948,
    #3949,#3950,#3951),.UNSPECIFIED.,.T.,.F.,(9,7,7,7,9),(0.,
    0.251631989977,0.500949724054,0.751364457929,1.),.UNSPECIFIED.);
#3922 = CARTESIAN_POINT('',(9.225143873521,-30.18155046908));
#3923 = CARTESIAN_POINT('',(9.201036289707,-30.23569698886));
#3924 = CARTESIAN_POINT('',(9.18913153906,-30.29533861372));
#3925 = CARTESIAN_POINT('',(9.190940534961,-30.35719456893));
#3926 = CARTESIAN_POINT('',(9.206830236127,-30.41753042148));
#3927 = CARTESIAN_POINT('',(9.23596283524,-30.47270468981));
#3928 = CARTESIAN_POINT('',(9.276490840777,-30.51946943512));
#3929 = CARTESIAN_POINT('',(9.325616876492,-30.55532357709));
#3930 = CARTESIAN_POINT('',(9.433899614816,-30.60220814991));
#3931 = CARTESIAN_POINT('',(9.493060643707,-30.61350745807));
#3932 = CARTESIAN_POINT('',(9.554286430123,-30.61133712205));
#3933 = CARTESIAN_POINT('',(9.613947056947,-30.59536689669));
#3934 = CARTESIAN_POINT('',(9.668507009457,-30.56642488722));
#3935 = CARTESIAN_POINT('',(9.714813601464,-30.52631281135));
#3936 = CARTESIAN_POINT('',(9.750433997751,-30.47774482335));
#3937 = CARTESIAN_POINT('',(9.797667524053,-30.36992758395));
#3938 = CARTESIAN_POINT('',(9.809218439634,-30.31053160377));
#3939 = CARTESIAN_POINT('',(9.807182889712,-30.2490083086));
#3940 = CARTESIAN_POINT('',(9.791215570626,-30.18903711584));
#3941 = CARTESIAN_POINT('',(9.762151304966,-30.13420301873));
#3942 = CARTESIAN_POINT('',(9.721815290409,-30.08770254441));
#3943 = CARTESIAN_POINT('',(9.672962328036,-30.05199912385));
#3944 = CARTESIAN_POINT('',(9.565168930907,-30.00511083399));
#3945 = CARTESIAN_POINT('',(9.50620367642,-29.99371052538));
#3946 = CARTESIAN_POINT('',(9.445153811844,-29.99569851051));
#3947 = CARTESIAN_POINT('',(9.385617260456,-30.01141147983));
#3948 = CARTESIAN_POINT('',(9.331102550947,-30.04004074546));
#3949 = CARTESIAN_POINT('',(9.284743057527,-30.07981269198));
#3950 = CARTESIAN_POINT('',(9.248964381766,-30.12804873159));
#3951 = CARTESIAN_POINT('',(9.225143873521,-30.18155046908));
#3952 = ( GEOMETRIC_REPRESENTATION_CONTEXT(2)
PARAMETRIC_REPRESENTATION_CONTEXT() REPRESENTATION_CONTEXT('2D SPACE',''
  ) );
#3953 = ORIENTED_EDGE('',*,*,#3954,.T.);
#3954 = EDGE_CURVE('',#3841,#3955,#3957,.T.);
#3955 = VERTEX_POINT('',#3956);
#3956 = CARTESIAN_POINT('',(-0.15,16.818449530911,37.774856126479));
#3957 = SEAM_CURVE('',#3958,(#3963,#3970),.PCURVE_S1.);
#3958 = CIRCLE('',#3959,41.35);
#3959 = AXIS2_PLACEMENT_3D('',#3960,#3961,#3962);
#3960 = CARTESIAN_POINT('',(0.,-6.712623123466E-17,2.988652368232E-17));
#3961 = DIRECTION('',(0.,0.913545457643,-0.406736643076));
#3962 = DIRECTION('',(0.,0.406736643076,0.913545457643));
#3963 = PCURVE('',#3876,#3964);
#3964 = DEFINITIONAL_REPRESENTATION('',(#3965),#3969);
#3965 = LINE('',#3966,#3967);
#3966 = CARTESIAN_POINT('',(0.,6.28318530718));
#3967 = VECTOR('',#3968,1.);
#3968 = DIRECTION('',(1.,0.));
#3969 = ( GEOMETRIC_REPRESENTATION_CONTEXT(2)
PARAMETRIC_REPRESENTATION_CONTEXT() REPRESENTATION_CONTEXT('2D SPACE',''
  ) );
#3970 = PCURVE('',#3876,#3971);
#3971 = DEFINITIONAL_REPRESENTATION('',(#3972),#3976);
#3972 = LINE('',#3973,#3974);
#3973 = CARTESIAN_POINT('',(0.,0.));
#3974 = VECTOR('',#3975,1.);
#3975 = DIRECTION('',(1.,0.));
#3976 = ( GEOMETRIC_REPRESENTATION_CONTEXT(2)
PARAMETRIC_REPRESENTATION_CONTEXT() REPRESENTATION_CONTEXT('2D SPACE',''
  ) );
#3977 = ORIENTED_EDGE('',*,*,#3978,.T.);
#3978 = EDGE_CURVE('',#3955,#3955,#3979,.T.);
#3979 = SURFACE_CURVE('',#3980,(#4011,#4045),.PCURVE_S1.);
#3980 = B_SPLINE_CURVE_WITH_KNOTS('',8,(#3981,#3982,#3983,#3984,#3985,
    #3986,#3987,#3988,#3989,#3990,#3991,#3992,#3993,#3994,#3995,#3996,
    #3997,#3998,#3999,#4000,#4001,#4002,#4003,#4004,#4005,#4006,#4007,
    #4008,#4009,#4010),.UNSPECIFIED.,.T.,.F.,(9,7,7,7,9),(0.,
    0.25163199066,0.500949724394,0.751364459068,1.),.UNSPECIFIED.);
#3981 = CARTESIAN_POINT('',(-0.15,16.818449530911,37.774856126479));
#3982 = CARTESIAN_POINT('',(-0.15,16.872596050834,37.7507485426));
#3983 = CARTESIAN_POINT('',(-0.15,16.9213510414,37.714392010591));
#3984 = CARTESIAN_POINT('',(-0.15,16.961396408335,37.66721362284));
#3985 = CARTESIAN_POINT('',(-0.15,16.989960624721,37.611743060633));
#3986 = CARTESIAN_POINT('',(-0.15,17.005229675959,37.551247074691));
#3987 = CARTESIAN_POINT('',(-0.15,17.006403220556,37.489375567094));
#3988 = CARTESIAN_POINT('',(-0.15,16.993886564816,37.42985901283));
#3989 = CARTESIAN_POINT('',(-0.15,16.944788710286,37.322561690931));
#3990 = CARTESIAN_POINT('',(-0.15,16.90838421058,37.274578213614));
#3991 = CARTESIAN_POINT('',(-0.15,16.861432345886,37.235223040246));
#3992 = CARTESIAN_POINT('',(-0.15,16.806409693183,37.207170479406));
#3993 = CARTESIAN_POINT('',(-0.15,16.7464977625,37.192170850083));
#3994 = CARTESIAN_POINT('',(-0.15,16.685245040697,37.190994773891));
#3995 = CARTESIAN_POINT('',(-0.15,16.626275600374,37.203253125614));
#3996 = CARTESIAN_POINT('',(-0.15,16.51903043494,37.251771551355));
#3997 = CARTESIAN_POINT('',(-0.15,16.470702763511,37.288182295786));
#3998 = CARTESIAN_POINT('',(-0.15,16.431048352123,37.335265063303));
#3999 = CARTESIAN_POINT('',(-0.15,16.402785822246,37.390516567087));
#4000 = CARTESIAN_POINT('',(-0.15,16.387693608479,37.450714032615));
#4001 = CARTESIAN_POINT('',(-0.15,16.386554218751,37.512260681576));
#4002 = CARTESIAN_POINT('',(-0.15,16.39896879392,37.571482506281));
#4003 = CARTESIAN_POINT('',(-0.15,16.447700510128,37.678455157022));
#4004 = CARTESIAN_POINT('',(-0.15,16.483891938598,37.726382693406));
#4005 = CARTESIAN_POINT('',(-0.15,16.530591051214,37.765755665004));
#4006 = CARTESIAN_POINT('',(-0.15,16.585349359837,37.793916381537));
#4007 = CARTESIAN_POINT('',(-0.15,16.645018401732,37.809118151286));
#4008 = CARTESIAN_POINT('',(-0.15,16.706082845778,37.810582390844));
#4009 = CARTESIAN_POINT('',(-0.15,16.764947793665,37.798676634615));
#4010 = CARTESIAN_POINT('',(-0.15,16.818449530911,37.774856126479));
#4011 = PCURVE('',#3876,#4012);
#4012 = DEFINITIONAL_REPRESENTATION('',(#4013),#4044);
#4013 = B_SPLINE_CURVE_WITH_KNOTS('',8,(#4014,#4015,#4016,#4017,#4018,
    #4019,#4020,#4021,#4022,#4023,#4024,#4025,#4026,#4027,#4028,#4029,
    #4030,#4031,#4032,#4033,#4034,#4035,#4036,#4037,#4038,#4039,#4040,
    #4041,#4042,#4043),.UNSPECIFIED.,.F.,.F.,(9,7,7,7,9),(0.,
    0.25163199066,0.500949724394,0.751364459068,1.),.UNSPECIFIED.);
#4014 = CARTESIAN_POINT('',(6.279557729695,0.));
#4015 = CARTESIAN_POINT('',(6.279557729695,0.197569150206));
#4016 = CARTESIAN_POINT('',(6.279556555636,0.395327757));
#4017 = CARTESIAN_POINT('',(6.279554203481,0.592984224621));
#4018 = CARTESIAN_POINT('',(6.279550772865,0.790531496333));
#4019 = CARTESIAN_POINT('',(6.279546452154,0.988078742151));
#4020 = CARTESIAN_POINT('',(6.279541497449,1.185735140711));
#4021 = CARTESIAN_POINT('',(6.279536221034,1.383493637812));
#4022 = CARTESIAN_POINT('',(6.279525716458,1.776814664307));
#4023 = CARTESIAN_POINT('',(6.279520478527,1.972747491322));
#4024 = CARTESIAN_POINT('',(6.279515543319,2.168583178159));
#4025 = CARTESIAN_POINT('',(6.279511223676,2.364314716806));
#4026 = CARTESIAN_POINT('',(6.279507788673,2.560046282043));
#4027 = CARTESIAN_POINT('',(6.279505441076,2.755882044614));
#4028 = CARTESIAN_POINT('',(6.279504286063,2.951814980824));
#4029 = CARTESIAN_POINT('',(6.279504349588,3.344180501151));
#4030 = CARTESIAN_POINT('',(6.279505578651,3.540978791522));
#4031 = CARTESIAN_POINT('',(6.279508006949,3.737677578826));
#4032 = CARTESIAN_POINT('',(6.279511523415,3.934269825567));
#4033 = CARTESIAN_POINT('',(6.279515918424,4.130862046542));
#4034 = CARTESIAN_POINT('',(6.279520916237,4.32756076625));
#4035 = CARTESIAN_POINT('',(6.279526198191,4.524358947113));
#4036 = CARTESIAN_POINT('',(6.27953666022,4.916188611162));
#4037 = CARTESIAN_POINT('',(6.279541850357,5.111583326538));
#4038 = CARTESIAN_POINT('',(6.279546708488,5.306882326444));
#4039 = CARTESIAN_POINT('',(6.279550935656,5.502078617262));
#4040 = CARTESIAN_POINT('',(6.279554287149,5.697274934234));
#4041 = CARTESIAN_POINT('',(6.27955658343,5.89257400872));
#4042 = CARTESIAN_POINT('',(6.279557729695,6.087968832003));
#4043 = CARTESIAN_POINT('',(6.279557729695,6.28318530718));
#4044 = ( GEOMETRIC_REPRESENTATION_CONTEXT(2)
PARAMETRIC_REPRESENTATION_CONTEXT() REPRESENTATION_CONTEXT('2D SPACE',''
  ) );
#4045 = PCURVE('',#4046,#4051);
#4046 = PLANE('',#4047);
#4047 = AXIS2_PLACEMENT_3D('',#4048,#4049,#4050);
#4048 = CARTESIAN_POINT('',(-0.15,-47.,-47.));
#4049 = DIRECTION('',(1.,0.,-0.));
#4050 = DIRECTION('',(0.,0.,1.));
#4051 = DEFINITIONAL_REPRESENTATION('',(#4052),#4083);
#4052 = B_SPLINE_CURVE_WITH_KNOTS('',8,(#4053,#4054,#4055,#4056,#4057,
    #4058,#4059,#4060,#4061,#4062,#4063,#4064,#4065,#4066,#4067,#4068,
    #4069,#4070,#4071,#4072,#4073,#4074,#4075,#4076,#4077,#4078,#4079,
    #4080,#4081,#4082),.UNSPECIFIED.,.T.,.F.,(9,7,7,7,9),(0.,
    0.25163199066,0.500949724394,0.751364459068,1.),.UNSPECIFIED.);
#4053 = CARTESIAN_POINT('',(84.774856126479,-63.81844953091));
#4054 = CARTESIAN_POINT('',(84.7507485426,-63.87259605083));
#4055 = CARTESIAN_POINT('',(84.714392010591,-63.9213510414));
#4056 = CARTESIAN_POINT('',(84.66721362284,-63.96139640833));
#4057 = CARTESIAN_POINT('',(84.611743060633,-63.98996062472));
#4058 = CARTESIAN_POINT('',(84.551247074691,-64.00522967595));
#4059 = CARTESIAN_POINT('',(84.489375567094,-64.00640322055));
#4060 = CARTESIAN_POINT('',(84.42985901283,-63.99388656481));
#4061 = CARTESIAN_POINT('',(84.322561690931,-63.94478871028));
#4062 = CARTESIAN_POINT('',(84.274578213614,-63.90838421058));
#4063 = CARTESIAN_POINT('',(84.235223040246,-63.86143234588));
#4064 = CARTESIAN_POINT('',(84.207170479406,-63.80640969318));
#4065 = CARTESIAN_POINT('',(84.192170850083,-63.7464977625));
#4066 = CARTESIAN_POINT('',(84.190994773891,-63.68524504069));
#4067 = CARTESIAN_POINT('',(84.203253125614,-63.62627560037));
#4068 = CARTESIAN_POINT('',(84.251771551355,-63.51903043494));
#4069 = CARTESIAN_POINT('',(84.288182295786,-63.47070276351));
#4070 = CARTESIAN_POINT('',(84.335265063303,-63.43104835212));
#4071 = CARTESIAN_POINT('',(84.390516567087,-63.40278582224));
#4072 = CARTESIAN_POINT('',(84.450714032615,-63.38769360847));
#4073 = CARTESIAN_POINT('',(84.512260681576,-63.38655421875));
#4074 = CARTESIAN_POINT('',(84.571482506281,-63.39896879392));
#4075 = CARTESIAN_POINT('',(84.678455157022,-63.44770051012));
#4076 = CARTESIAN_POINT('',(84.726382693406,-63.48389193859));
#4077 = CARTESIAN_POINT('',(84.765755665004,-63.53059105121));
#4078 = CARTESIAN_POINT('',(84.793916381537,-63.58534935983));
#4079 = CARTESIAN_POINT('',(84.809118151286,-63.64501840173));
#4080 = CARTESIAN_POINT('',(84.810582390844,-63.70608284577));
#4081 = CARTESIAN_POINT('',(84.798676634615,-63.76494779366));
#4082 = CARTESIAN_POINT('',(84.774856126479,-63.81844953091));
#4083 = ( GEOMETRIC_REPRESENTATION_CONTEXT(2)
PARAMETRIC_REPRESENTATION_CONTEXT() REPRESENTATION_CONTEXT('2D SPACE',''
  ) );
#4084 = ORIENTED_EDGE('',*,*,#3954,.F.);
#4085 = ADVANCED_FACE('',(#4086),#3915,.T.);
#4086 = FACE_BOUND('',#4087,.T.);
#4087 = EDGE_LOOP('',(#4088));
#4088 = ORIENTED_EDGE('',*,*,#3840,.T.);
#4089 = ADVANCED_FACE('',(#4090),#4046,.T.);
#4090 = FACE_BOUND('',#4091,.T.);
#4091 = EDGE_LOOP('',(#4092));
#4092 = ORIENTED_EDGE('',*,*,#3978,.F.);
#4093 = ( GEOMETRIC_REPRESENTATION_CONTEXT(3)
GLOBAL_UNCERTAINTY_ASSIGNED_CONTEXT((#4097))
GLOBAL_UNIT_ASSIGNED_CONTEXT((#4094,#4095,#4096)) REPRESENTATION_CONTEXT
('Context #1','3D Context with UNIT and UNCERTAINTY') );
#4094 = ( LENGTH_UNIT() NAMED_UNIT(*) SI_UNIT(.MILLI.,.METRE.) );
#4095 = ( NAMED_UNIT(*) PLANE_ANGLE_UNIT() SI_UNIT($,.RADIAN.) );
#4096 = ( NAMED_UNIT(*) SI_UNIT($,.STERADIAN.) SOLID_ANGLE_UNIT() );
#4097 = UNCERTAINTY_MEASURE_WITH_UNIT(LENGTH_MEASURE(1.E-06),#4094,
  'distance_accuracy_value','confusion accuracy');
#4098 = CONTEXT_DEPENDENT_SHAPE_REPRESENTATION(#4099,#4101);
#4099 = ( REPRESENTATION_RELATIONSHIP('','',#3833,#10)
REPRESENTATION_RELATIONSHIP_WITH_TRANSFORMATION(#4100)
SHAPE_REPRESENTATION_RELATIONSHIP() );
#4100 = ITEM_DEFINED_TRANSFORMATION('','',#11,#55);
#4101 = PRODUCT_DEFINITION_SHAPE('Placement','Placement of an item',
  #4102);
#4102 = NEXT_ASSEMBLY_USAGE_OCCURRENCE('11','','',#5,#3828,$);
#4103 = PRODUCT_RELATED_PRODUCT_CATEGORY('part',$,(#3830));
#4104 = SHAPE_DEFINITION_REPRESENTATION(#4105,#4111);
#4105 = PRODUCT_DEFINITION_SHAPE('','',#4106);
#4106 = PRODUCT_DEFINITION('design','',#4107,#4110);
#4107 = PRODUCT_DEFINITION_FORMATION('','',#4108);
#4108 = PRODUCT('Open CASCADE STEP translator 7.9 1.12',
  'Open CASCADE STEP translator 7.9 1.12','',(#4109));
#4109 = PRODUCT_CONTEXT('',#2,'mechanical');
#4110 = PRODUCT_DEFINITION_CONTEXT('part definition',#2,'design');
#4111 = ADVANCED_BREP_SHAPE_REPRESENTATION('',(#11,#4112),#4371);
#4112 = MANIFOLD_SOLID_BREP('',#4113);
#4113 = CLOSED_SHELL('',(#4114,#4363,#4367));
#4114 = ADVANCED_FACE('',(#4115),#4154,.T.);
#4115 = FACE_BOUND('',#4116,.T.);
#4116 = EDGE_LOOP('',(#4117,#4231,#4255,#4362));
#4117 = ORIENTED_EDGE('',*,*,#4118,.F.);
#4118 = EDGE_CURVE('',#4119,#4119,#4121,.T.);
#4119 = VERTEX_POINT('',#4120);
#4120 = CARTESIAN_POINT('',(-0.15,16.818449530911,-37.77485612647));
#4121 = SURFACE_CURVE('',#4122,(#4153,#4192),.PCURVE_S1.);
#4122 = B_SPLINE_CURVE_WITH_KNOTS('',8,(#4123,#4124,#4125,#4126,#4127,
    #4128,#4129,#4130,#4131,#4132,#4133,#4134,#4135,#4136,#4137,#4138,
    #4139,#4140,#4141,#4142,#4143,#4144,#4145,#4146,#4147,#4148,#4149,
    #4150,#4151,#4152),.UNSPECIFIED.,.T.,.F.,(9,7,7,7,9),(0.,
    0.251631989976,0.500949724053,0.751364457929,1.),.UNSPECIFIED.);
#4123 = CARTESIAN_POINT('',(-0.15,16.818449530911,-37.77485612647));
#4124 = CARTESIAN_POINT('',(-0.15,16.872596050687,-37.75074854266));
#4125 = CARTESIAN_POINT('',(-0.15,16.921351041135,-37.71439201078));
#4126 = CARTESIAN_POINT('',(-0.15,16.961396408008,-37.66721362322));
#4127 = CARTESIAN_POINT('',(-0.15,16.98996062441,-37.61174306123));
#4128 = CARTESIAN_POINT('',(-0.15,17.005229675752,-37.55124707551));
#4129 = CARTESIAN_POINT('',(-0.15,17.006403220537,-37.4893755681));
#4130 = CARTESIAN_POINT('',(-0.15,16.993886565054,-37.42985901396));
#4131 = CARTESIAN_POINT('',(-0.15,16.944788711018,-37.32256169192));
#4132 = CARTESIAN_POINT('',(-0.15,16.908384211453,-37.27457821439));
#4133 = CARTESIAN_POINT('',(-0.15,16.861432346831,-37.23522304079));
#4134 = CARTESIAN_POINT('',(-0.15,16.806409694145,-37.20717047972));
#4135 = CARTESIAN_POINT('',(-0.15,16.746497763412,-37.19217085019));
#4136 = CARTESIAN_POINT('',(-0.15,16.685245041525,-37.19099477383));
#4137 = CARTESIAN_POINT('',(-0.15,16.626275601086,-37.20325312543));
#4138 = CARTESIAN_POINT('',(-0.15,16.519030435646,-37.25177155089));
#4139 = CARTESIAN_POINT('',(-0.15,16.470702764275,-37.28818229507));
#4140 = CARTESIAN_POINT('',(-0.15,16.43104835286,-37.33526506227));
#4141 = CARTESIAN_POINT('',(-0.15,16.402785822843,-37.39051656575));
#4142 = CARTESIAN_POINT('',(-0.15,16.387693608826,-37.45071403098));
#4143 = CARTESIAN_POINT('',(-0.15,16.38655421875,-37.51226067973));
#4144 = CARTESIAN_POINT('',(-0.15,16.398968793491,-37.57148250431));
#4145 = CARTESIAN_POINT('',(-0.15,16.447700508966,-37.67845515548));
#4146 = CARTESIAN_POINT('',(-0.15,16.483891937311,-37.72638269232));
#4147 = CARTESIAN_POINT('',(-0.15,16.530591049961,-37.76575566436));
#4148 = CARTESIAN_POINT('',(-0.15,16.585349358736,-37.79391638125));
#4149 = CARTESIAN_POINT('',(-0.15,16.645018400895,-37.80911815126));
#4150 = CARTESIAN_POINT('',(-0.15,16.706082845235,-37.81058239095));
#4151 = CARTESIAN_POINT('',(-0.15,16.76494779342,-37.79867663472));
#4152 = CARTESIAN_POINT('',(-0.15,16.818449530911,-37.77485612647));
#4153 = PCURVE('',#4154,#4159);
#4154 = TOROIDAL_SURFACE('',#4155,41.05,0.3);
#4155 = AXIS2_PLACEMENT_3D('',#4156,#4157,#4158);
#4156 = CARTESIAN_POINT('',(0.,0.,0.));
#4157 = DIRECTION('',(0.,0.913545457643,0.406736643076));
#4158 = DIRECTION('',(0.,-0.406736643076,0.913545457643));
#4159 = DEFINITIONAL_REPRESENTATION('',(#4160),#4191);
#4160 = B_SPLINE_CURVE_WITH_KNOTS('',8,(#4161,#4162,#4163,#4164,#4165,
    #4166,#4167,#4168,#4169,#4170,#4171,#4172,#4173,#4174,#4175,#4176,
    #4177,#4178,#4179,#4180,#4181,#4182,#4183,#4184,#4185,#4186,#4187,
    #4188,#4189,#4190),.UNSPECIFIED.,.F.,.F.,(9,7,7,7,9),(0.,
    0.251631989976,0.500949724053,0.751364457929,1.),.UNSPECIFIED.);
#4161 = CARTESIAN_POINT('',(3.145220231074,0.));
#4162 = CARTESIAN_POINT('',(3.145220231074,0.19756914967));
#4163 = CARTESIAN_POINT('',(3.145221405134,0.395327755926));
#4164 = CARTESIAN_POINT('',(3.145223757288,0.592984223007));
#4165 = CARTESIAN_POINT('',(3.145227187905,0.790531494189));
#4166 = CARTESIAN_POINT('',(3.145231508616,0.988078739464));
#4167 = CARTESIAN_POINT('',(3.14523646332,1.185735137492));
#4168 = CARTESIAN_POINT('',(3.145241739735,1.383493634052));
#4169 = CARTESIAN_POINT('',(3.145252244311,1.776814660281));
#4170 = CARTESIAN_POINT('',(3.145257482242,1.972747487557));
#4171 = CARTESIAN_POINT('',(3.14526241745,2.168583174684));
#4172 = CARTESIAN_POINT('',(3.145266737094,2.364314713565));
#4173 = CARTESIAN_POINT('',(3.145270172096,2.560046279105));
#4174 = CARTESIAN_POINT('',(3.145272519693,2.75588204192));
#4175 = CARTESIAN_POINT('',(3.145273674707,2.951814978409));
#4176 = CARTESIAN_POINT('',(3.145273611182,3.344180498374));
#4177 = CARTESIAN_POINT('',(3.145272382118,3.540978788128));
#4178 = CARTESIAN_POINT('',(3.14526995382,3.737677574764));
#4179 = CARTESIAN_POINT('',(3.145266437355,3.934269820951));
#4180 = CARTESIAN_POINT('',(3.145262042346,4.130862041219));
#4181 = CARTESIAN_POINT('',(3.145257044533,4.327560760355));
#4182 = CARTESIAN_POINT('',(3.145251762578,4.524358940565));
#4183 = CARTESIAN_POINT('',(3.145241300549,4.916188604891));
#4184 = CARTESIAN_POINT('',(3.145236110413,5.111583321149));
#4185 = CARTESIAN_POINT('',(3.145231252281,5.306882321991));
#4186 = CARTESIAN_POINT('',(3.145227025114,5.502078613645));
#4187 = CARTESIAN_POINT('',(3.14522367362,5.697274931568));
#4188 = CARTESIAN_POINT('',(3.14522137734,5.892574006915));
#4189 = CARTESIAN_POINT('',(3.145220231074,6.08796883111));
#4190 = CARTESIAN_POINT('',(3.145220231074,6.28318530718));
#4191 = ( GEOMETRIC_REPRESENTATION_CONTEXT(2)
PARAMETRIC_REPRESENTATION_CONTEXT() REPRESENTATION_CONTEXT('2D SPACE',''
  ) );
#4192 = PCURVE('',#4193,#4198);
#4193 = PLANE('',#4194);
#4194 = AXIS2_PLACEMENT_3D('',#4195,#4196,#4197);
#4195 = CARTESIAN_POINT('',(-0.15,-47.,-47.));
#4196 = DIRECTION('',(1.,0.,-0.));
#4197 = DIRECTION('',(0.,0.,1.));
#4198 = DEFINITIONAL_REPRESENTATION('',(#4199),#4230);
#4199 = B_SPLINE_CURVE_WITH_KNOTS('',8,(#4200,#4201,#4202,#4203,#4204,
    #4205,#4206,#4207,#4208,#4209,#4210,#4211,#4212,#4213,#4214,#4215,
    #4216,#4217,#4218,#4219,#4220,#4221,#4222,#4223,#4224,#4225,#4226,
    #4227,#4228,#4229),.UNSPECIFIED.,.T.,.F.,(9,7,7,7,9),(0.,
    0.251631989976,0.500949724053,0.751364457929,1.),.UNSPECIFIED.);
#4200 = CARTESIAN_POINT('',(9.225143873521,-63.81844953091));
#4201 = CARTESIAN_POINT('',(9.249251457335,-63.87259605068));
#4202 = CARTESIAN_POINT('',(9.285607989212,-63.92135104113));
#4203 = CARTESIAN_POINT('',(9.332786376775,-63.961396408));
#4204 = CARTESIAN_POINT('',(9.388256938765,-63.98996062441));
#4205 = CARTESIAN_POINT('',(9.448752924487,-64.00522967575));
#4206 = CARTESIAN_POINT('',(9.510624431899,-64.00640322053));
#4207 = CARTESIAN_POINT('',(9.570140986039,-63.99388656505));
#4208 = CARTESIAN_POINT('',(9.677438308076,-63.94478871101));
#4209 = CARTESIAN_POINT('',(9.725421785606,-63.90838421145));
#4210 = CARTESIAN_POINT('',(9.764776959208,-63.86143234683));
#4211 = CARTESIAN_POINT('',(9.792829520276,-63.80640969414));
#4212 = CARTESIAN_POINT('',(9.807829149804,-63.74649776341));
#4213 = CARTESIAN_POINT('',(9.809005226167,-63.68524504152));
#4214 = CARTESIAN_POINT('',(9.796746874569,-63.62627560108));
#4215 = CARTESIAN_POINT('',(9.748228449104,-63.51903043564));
#4216 = CARTESIAN_POINT('',(9.71181770493,-63.47070276427));
#4217 = CARTESIAN_POINT('',(9.664734937724,-63.43104835286));
#4218 = CARTESIAN_POINT('',(9.609483434241,-63.40278582284));
#4219 = CARTESIAN_POINT('',(9.549285969017,-63.38769360882));
#4220 = CARTESIAN_POINT('',(9.487739320263,-63.38655421875));
#4221 = CARTESIAN_POINT('',(9.428517495682,-63.39896879349));
#4222 = CARTESIAN_POINT('',(9.321544844517,-63.44770050896));
#4223 = CARTESIAN_POINT('',(9.27361730768,-63.48389193731));
#4224 = CARTESIAN_POINT('',(9.234244335639,-63.53059104996));
#4225 = CARTESIAN_POINT('',(9.206083618746,-63.58534935873));
#4226 = CARTESIAN_POINT('',(9.190881848733,-63.64501840089));
#4227 = CARTESIAN_POINT('',(9.189417609047,-63.70608284523));
#4228 = CARTESIAN_POINT('',(9.201323365276,-63.76494779342));
#4229 = CARTESIAN_POINT('',(9.225143873521,-63.81844953091));
#4230 = ( GEOMETRIC_REPRESENTATION_CONTEXT(2)
PARAMETRIC_REPRESENTATION_CONTEXT() REPRESENTATION_CONTEXT('2D SPACE',''
  ) );
#4231 = ORIENTED_EDGE('',*,*,#4232,.T.);
#4232 = EDGE_CURVE('',#4119,#4233,#4235,.T.);
#4233 = VERTEX_POINT('',#4234);
#4234 = CARTESIAN_POINT('',(-0.15,-16.81844953091,37.774856126479));
#4235 = SEAM_CURVE('',#4236,(#4241,#4248),.PCURVE_S1.);
#4236 = CIRCLE('',#4237,41.35);
#4237 = AXIS2_PLACEMENT_3D('',#4238,#4239,#4240);
#4238 = CARTESIAN_POINT('',(0.,-6.712623123466E-17,-2.988652368232E-17)
  );
#4239 = DIRECTION('',(0.,0.913545457643,0.406736643076));
#4240 = DIRECTION('',(0.,-0.406736643076,0.913545457643));
#4241 = PCURVE('',#4154,#4242);
#4242 = DEFINITIONAL_REPRESENTATION('',(#4243),#4247);
#4243 = LINE('',#4244,#4245);
#4244 = CARTESIAN_POINT('',(0.,6.28318530718));
#4245 = VECTOR('',#4246,1.);
#4246 = DIRECTION('',(1.,0.));
#4247 = ( GEOMETRIC_REPRESENTATION_CONTEXT(2)
PARAMETRIC_REPRESENTATION_CONTEXT() REPRESENTATION_CONTEXT('2D SPACE',''
  ) );
#4248 = PCURVE('',#4154,#4249);
#4249 = DEFINITIONAL_REPRESENTATION('',(#4250),#4254);
#4250 = LINE('',#4251,#4252);
#4251 = CARTESIAN_POINT('',(0.,0.));
#4252 = VECTOR('',#4253,1.);
#4253 = DIRECTION('',(1.,0.));
#4254 = ( GEOMETRIC_REPRESENTATION_CONTEXT(2)
PARAMETRIC_REPRESENTATION_CONTEXT() REPRESENTATION_CONTEXT('2D SPACE',''
  ) );
#4255 = ORIENTED_EDGE('',*,*,#4256,.T.);
#4256 = EDGE_CURVE('',#4233,#4233,#4257,.T.);
#4257 = SURFACE_CURVE('',#4258,(#4289,#4323),.PCURVE_S1.);
#4258 = B_SPLINE_CURVE_WITH_KNOTS('',8,(#4259,#4260,#4261,#4262,#4263,
    #4264,#4265,#4266,#4267,#4268,#4269,#4270,#4271,#4272,#4273,#4274,
    #4275,#4276,#4277,#4278,#4279,#4280,#4281,#4282,#4283,#4284,#4285,
    #4286,#4287,#4288),.UNSPECIFIED.,.T.,.F.,(9,7,7,7,9),(0.,
    0.25163199066,0.500949724394,0.751364459068,1.),.UNSPECIFIED.);
#4259 = CARTESIAN_POINT('',(-0.15,-16.81844953091,37.774856126479));
#4260 = CARTESIAN_POINT('',(-0.15,-16.76430301098,37.798963710358));
#4261 = CARTESIAN_POINT('',(-0.15,-16.70466138595,37.810868461005));
#4262 = CARTESIAN_POINT('',(-0.15,-16.64280543056,37.809059465025));
#4263 = CARTESIAN_POINT('',(-0.15,-16.58246957786,37.7931697637));
#4264 = CARTESIAN_POINT('',(-0.15,-16.52729530943,37.764037164364));
#4265 = CARTESIAN_POINT('',(-0.15,-16.48053056411,37.723509158562));
#4266 = CARTESIAN_POINT('',(-0.15,-16.44467642222,37.674383122574));
#4267 = CARTESIAN_POINT('',(-0.15,-16.39779184984,37.566100383975));
#4268 = CARTESIAN_POINT('',(-0.15,-16.38649254192,37.506939355123));
#4269 = CARTESIAN_POINT('',(-0.15,-16.38866287817,37.445713568809));
#4270 = CARTESIAN_POINT('',(-0.15,-16.40463310371,37.386052942124));
#4271 = CARTESIAN_POINT('',(-0.15,-16.4335751133,37.331492989789));
#4272 = CARTESIAN_POINT('',(-0.15,-16.47368718924,37.285186397959));
#4273 = CARTESIAN_POINT('',(-0.15,-16.52225517725,37.249566001843));
#4274 = CARTESIAN_POINT('',(-0.15,-16.63007241686,37.202332475729));
#4275 = CARTESIAN_POINT('',(-0.15,-16.68946839726,37.190781560278));
#4276 = CARTESIAN_POINT('',(-0.15,-16.75099169265,37.192817110425));
#4277 = CARTESIAN_POINT('',(-0.15,-16.81096288554,37.208784429823));
#4278 = CARTESIAN_POINT('',(-0.15,-16.8657969827,37.237848695864));
#4279 = CARTESIAN_POINT('',(-0.15,-16.91229745694,37.278184710826));
#4280 = CARTESIAN_POINT('',(-0.15,-16.94800087732,37.327037673596));
#4281 = CARTESIAN_POINT('',(-0.15,-16.99488916637,37.434831070987));
#4282 = CARTESIAN_POINT('',(-0.15,-17.00628947455,37.493796325262));
#4283 = CARTESIAN_POINT('',(-0.15,-17.00430148912,37.554846189518));
#4284 = CARTESIAN_POINT('',(-0.15,-16.98858851964,37.61438274055));
#4285 = CARTESIAN_POINT('',(-0.15,-16.95995925398,37.668897449688));
#4286 = CARTESIAN_POINT('',(-0.15,-16.92018730756,37.715256942803));
#4287 = CARTESIAN_POINT('',(-0.15,-16.87195126815,37.751035618343));
#4288 = CARTESIAN_POINT('',(-0.15,-16.81844953091,37.774856126479));
#4289 = PCURVE('',#4154,#4290);
#4290 = DEFINITIONAL_REPRESENTATION('',(#4291),#4322);
#4291 = B_SPLINE_CURVE_WITH_KNOTS('',8,(#4292,#4293,#4294,#4295,#4296,
    #4297,#4298,#4299,#4300,#4301,#4302,#4303,#4304,#4305,#4306,#4307,
    #4308,#4309,#4310,#4311,#4312,#4313,#4314,#4315,#4316,#4317,#4318,
    #4319,#4320,#4321),.UNSPECIFIED.,.F.,.F.,(9,7,7,7,9),(0.,
    0.25163199066,0.500949724394,0.751364459068,1.),.UNSPECIFIED.);
#4292 = CARTESIAN_POINT('',(6.279557729695,0.));
#4293 = CARTESIAN_POINT('',(6.279557729695,0.197569150206));
#4294 = CARTESIAN_POINT('',(6.279556555636,0.395327757));
#4295 = CARTESIAN_POINT('',(6.279554203481,0.592984224619));
#4296 = CARTESIAN_POINT('',(6.279550772865,0.790531496336));
#4297 = CARTESIAN_POINT('',(6.279546452154,0.988078742147));
#4298 = CARTESIAN_POINT('',(6.279541497449,1.185735140712));
#4299 = CARTESIAN_POINT('',(6.279536221034,1.383493637812));
#4300 = CARTESIAN_POINT('',(6.279525716458,1.776814664307));
#4301 = CARTESIAN_POINT('',(6.279520478527,1.972747491321));
#4302 = CARTESIAN_POINT('',(6.279515543319,2.168583178161));
#4303 = CARTESIAN_POINT('',(6.279511223676,2.364314716804));
#4304 = CARTESIAN_POINT('',(6.279507788673,2.560046282045));
#4305 = CARTESIAN_POINT('',(6.279505441076,2.755882044612));
#4306 = CARTESIAN_POINT('',(6.279504286063,2.951814980824));
#4307 = CARTESIAN_POINT('',(6.279504349588,3.344180501151));
#4308 = CARTESIAN_POINT('',(6.279505578651,3.540978791523));
#4309 = CARTESIAN_POINT('',(6.279508006949,3.737677578822));
#4310 = CARTESIAN_POINT('',(6.279511523415,3.934269825575));
#4311 = CARTESIAN_POINT('',(6.279515918424,4.130862046534));
#4312 = CARTESIAN_POINT('',(6.279520916237,4.327560766255));
#4313 = CARTESIAN_POINT('',(6.279526198191,4.524358947111));
#4314 = CARTESIAN_POINT('',(6.27953666022,4.916188611164));
#4315 = CARTESIAN_POINT('',(6.279541850357,5.111583326533));
#4316 = CARTESIAN_POINT('',(6.279546708488,5.306882326454));
#4317 = CARTESIAN_POINT('',(6.279550935656,5.50207861725));
#4318 = CARTESIAN_POINT('',(6.279554287149,5.697274934245));
#4319 = CARTESIAN_POINT('',(6.27955658343,5.892574008715));
#4320 = CARTESIAN_POINT('',(6.279557729695,6.087968832004));
#4321 = CARTESIAN_POINT('',(6.279557729695,6.28318530718));
#4322 = ( GEOMETRIC_REPRESENTATION_CONTEXT(2)
PARAMETRIC_REPRESENTATION_CONTEXT() REPRESENTATION_CONTEXT('2D SPACE',''
  ) );
#4323 = PCURVE('',#4324,#4329);
#4324 = PLANE('',#4325);
#4325 = AXIS2_PLACEMENT_3D('',#4326,#4327,#4328);
#4326 = CARTESIAN_POINT('',(-0.15,-47.,-47.));
#4327 = DIRECTION('',(1.,0.,-0.));
#4328 = DIRECTION('',(0.,0.,1.));
#4329 = DEFINITIONAL_REPRESENTATION('',(#4330),#4361);
#4330 = B_SPLINE_CURVE_WITH_KNOTS('',8,(#4331,#4332,#4333,#4334,#4335,
    #4336,#4337,#4338,#4339,#4340,#4341,#4342,#4343,#4344,#4345,#4346,
    #4347,#4348,#4349,#4350,#4351,#4352,#4353,#4354,#4355,#4356,#4357,
    #4358,#4359,#4360),.UNSPECIFIED.,.T.,.F.,(9,7,7,7,9),(0.,
    0.25163199066,0.500949724394,0.751364459068,1.),.UNSPECIFIED.);
#4331 = CARTESIAN_POINT('',(84.774856126479,-30.18155046908));
#4332 = CARTESIAN_POINT('',(84.798963710358,-30.23569698901));
#4333 = CARTESIAN_POINT('',(84.810868461005,-30.29533861404));
#4334 = CARTESIAN_POINT('',(84.809059465025,-30.35719456943));
#4335 = CARTESIAN_POINT('',(84.7931697637,-30.41753042213));
#4336 = CARTESIAN_POINT('',(84.764037164364,-30.47270469056));
#4337 = CARTESIAN_POINT('',(84.723509158562,-30.51946943589));
#4338 = CARTESIAN_POINT('',(84.674383122574,-30.55532357777));
#4339 = CARTESIAN_POINT('',(84.566100383975,-30.60220815016));
#4340 = CARTESIAN_POINT('',(84.506939355123,-30.61350745807));
#4341 = CARTESIAN_POINT('',(84.445713568809,-30.61133712182));
#4342 = CARTESIAN_POINT('',(84.386052942124,-30.59536689629));
#4343 = CARTESIAN_POINT('',(84.331492989789,-30.56642488669));
#4344 = CARTESIAN_POINT('',(84.285186397959,-30.52631281075));
#4345 = CARTESIAN_POINT('',(84.249566001843,-30.47774482274));
#4346 = CARTESIAN_POINT('',(84.202332475729,-30.36992758313));
#4347 = CARTESIAN_POINT('',(84.190781560278,-30.31053160273));
#4348 = CARTESIAN_POINT('',(84.192817110425,-30.24900830734));
#4349 = CARTESIAN_POINT('',(84.208784429823,-30.18903711445));
#4350 = CARTESIAN_POINT('',(84.237848695864,-30.13420301729));
#4351 = CARTESIAN_POINT('',(84.278184710826,-30.08770254305));
#4352 = CARTESIAN_POINT('',(84.327037673596,-30.05199912267));
#4353 = CARTESIAN_POINT('',(84.434831070987,-30.00511083362));
#4354 = CARTESIAN_POINT('',(84.493796325262,-29.99371052544));
#4355 = CARTESIAN_POINT('',(84.554846189518,-29.99569851087));
#4356 = CARTESIAN_POINT('',(84.61438274055,-30.01141148035));
#4357 = CARTESIAN_POINT('',(84.668897449688,-30.04004074601));
#4358 = CARTESIAN_POINT('',(84.715256942803,-30.07981269243));
#4359 = CARTESIAN_POINT('',(84.751035618343,-30.12804873184));
#4360 = CARTESIAN_POINT('',(84.774856126479,-30.18155046908));
#4361 = ( GEOMETRIC_REPRESENTATION_CONTEXT(2)
PARAMETRIC_REPRESENTATION_CONTEXT() REPRESENTATION_CONTEXT('2D SPACE',''
  ) );
#4362 = ORIENTED_EDGE('',*,*,#4232,.F.);
#4363 = ADVANCED_FACE('',(#4364),#4193,.T.);
#4364 = FACE_BOUND('',#4365,.T.);
#4365 = EDGE_LOOP('',(#4366));
#4366 = ORIENTED_EDGE('',*,*,#4118,.T.);
#4367 = ADVANCED_FACE('',(#4368),#4324,.T.);
#4368 = FACE_BOUND('',#4369,.T.);
#4369 = EDGE_LOOP('',(#4370));
#4370 = ORIENTED_EDGE('',*,*,#4256,.F.);
#4371 = ( GEOMETRIC_REPRESENTATION_CONTEXT(3)
GLOBAL_UNCERTAINTY_ASSIGNED_CONTEXT((#4375))
GLOBAL_UNIT_ASSIGNED_CONTEXT((#4372,#4373,#4374)) REPRESENTATION_CONTEXT
('Context #1','3D Context with UNIT and UNCERTAINTY') );
#4372 = ( LENGTH_UNIT() NAMED_UNIT(*) SI_UNIT(.MILLI.,.METRE.) );
#4373 = ( NAMED_UNIT(*) PLANE_ANGLE_UNIT() SI_UNIT($,.RADIAN.) );
#4374 = ( NAMED_UNIT(*) SI_UNIT($,.STERADIAN.) SOLID_ANGLE_UNIT() );
#4375 = UNCERTAINTY_MEASURE_WITH_UNIT(LENGTH_MEASURE(1.E-06),#4372,
  'distance_accuracy_value','confusion accuracy');
#4376 = CONTEXT_DEPENDENT_SHAPE_REPRESENTATION(#4377,#4379);
#4377 = ( REPRESENTATION_RELATIONSHIP('','',#4111,#10)
REPRESENTATION_RELATIONSHIP_WITH_TRANSFORMATION(#4378)
SHAPE_REPRESENTATION_RELATIONSHIP() );
#4378 = ITEM_DEFINED_TRANSFORMATION('','',#11,#59);
#4379 = PRODUCT_DEFINITION_SHAPE('Placement','Placement of an item',
  #4380);
#4380 = NEXT_ASSEMBLY_USAGE_OCCURRENCE('12','','',#5,#4106,$);
#4381 = PRODUCT_RELATED_PRODUCT_CATEGORY('part',$,(#4108));
#4382 = SHAPE_DEFINITION_REPRESENTATION(#4383,#4389);
#4383 = PRODUCT_DEFINITION_SHAPE('','',#4384);
#4384 = PRODUCT_DEFINITION('design','',#4385,#4388);
#4385 = PRODUCT_DEFINITION_FORMATION('','',#4386);
#4386 = PRODUCT('Open CASCADE STEP translator 7.9 1.13',
  'Open CASCADE STEP translator 7.9 1.13','',(#4387));
#4387 = PRODUCT_CONTEXT('',#2,'mechanical');
#4388 = PRODUCT_DEFINITION_CONTEXT('part definition',#2,'design');
#4389 = ADVANCED_BREP_SHAPE_REPRESENTATION('',(#11,#4390),#4649);
#4390 = MANIFOLD_SOLID_BREP('',#4391);
#4391 = CLOSED_SHELL('',(#4392,#4641,#4645));
#4392 = ADVANCED_FACE('',(#4393),#4432,.T.);
#4393 = FACE_BOUND('',#4394,.T.);
#4394 = EDGE_LOOP('',(#4395,#4509,#4533,#4640));
#4395 = ORIENTED_EDGE('',*,*,#4396,.F.);
#4396 = EDGE_CURVE('',#4397,#4397,#4399,.T.);
#4397 = VERTEX_POINT('',#4398);
#4398 = CARTESIAN_POINT('',(-0.15,32.584030268648,-25.45743450255));
#4399 = SURFACE_CURVE('',#4400,(#4431,#4470),.PCURVE_S1.);
#4400 = B_SPLINE_CURVE_WITH_KNOTS('',8,(#4401,#4402,#4403,#4404,#4405,
    #4406,#4407,#4408,#4409,#4410,#4411,#4412,#4413,#4414,#4415,#4416,
    #4417,#4418,#4419,#4420,#4421,#4422,#4423,#4424,#4425,#4426,#4427,
    #4428,#4429,#4430),.UNSPECIFIED.,.T.,.F.,(9,7,7,7,9),(0.,
    0.251631990202,0.50094972427,0.751364458536,1.),.UNSPECIFIED.);
#4401 = CARTESIAN_POINT('',(-0.15,32.584030268648,-25.45743450255));
#4402 = CARTESIAN_POINT('',(-0.15,32.62052098293,-25.41072851815));
#4403 = CARTESIAN_POINT('',(-0.15,32.646500726562,-25.35573852423));
#4404 = CARTESIAN_POINT('',(-0.15,32.659709775498,-25.29528231946));
#4405 = CARTESIAN_POINT('',(-0.15,32.658888630148,-25.23289463291));
#4406 = CARTESIAN_POINT('',(-0.15,32.643969257252,-25.17231146249));
#4407 = CARTESIAN_POINT('',(-0.15,32.615958522435,-25.11713121803));
#4408 = CARTESIAN_POINT('',(-0.15,32.576965641828,-25.07045743363));
#4409 = CARTESIAN_POINT('',(-0.15,32.483241768191,-24.99876956778));
#4410 = CARTESIAN_POINT('',(-0.15,32.428571624709,-24.97349354918));
#4411 = CARTESIAN_POINT('',(-0.15,32.368639453998,-24.96078755872));
#4412 = CARTESIAN_POINT('',(-0.15,32.306887455563,-24.96185018829));
#4413 = CARTESIAN_POINT('',(-0.15,32.246946461057,-24.97673324933));
#4414 = CARTESIAN_POINT('',(-0.15,32.192311383335,-25.00445124669));
#4415 = CARTESIAN_POINT('',(-0.15,32.145999405386,-25.04295920414));
#4416 = CARTESIAN_POINT('',(-0.15,32.074085565814,-25.13614698671));
#4417 = CARTESIAN_POINT('',(-0.15,32.048508573732,-25.19098423316));
#4418 = CARTESIAN_POINT('',(-0.15,32.035599827027,-25.25117246778));
#4419 = CARTESIAN_POINT('',(-0.15,32.036584504018,-25.31322510399));
#4420 = CARTESIAN_POINT('',(-0.15,32.051519868256,-25.3734616764));
#4421 = CARTESIAN_POINT('',(-0.15,32.079408248117,-25.42833905299));
#4422 = CARTESIAN_POINT('',(-0.15,32.11817262977,-25.47480053059));
#4423 = CARTESIAN_POINT('',(-0.15,32.211420798594,-25.54637362043));
#4424 = CARTESIAN_POINT('',(-0.15,32.2658765487,-25.57170027704));
#4425 = CARTESIAN_POINT('',(-0.15,32.325593908388,-25.58454064233));
#4426 = CARTESIAN_POINT('',(-0.15,32.38716328092,-25.5836976106));
#4427 = CARTESIAN_POINT('',(-0.15,32.446984716594,-25.56910705831));
#4428 = CARTESIAN_POINT('',(-0.15,32.501588839457,-25.54173188511));
#4429 = CARTESIAN_POINT('',(-0.15,32.547974089636,-25.50358430716));
#4430 = CARTESIAN_POINT('',(-0.15,32.584030268648,-25.45743450255));
#4431 = PCURVE('',#4432,#4437);
#4432 = TOROIDAL_SURFACE('',#4433,41.05,0.3);
#4433 = AXIS2_PLACEMENT_3D('',#4434,#4435,#4436);
#4434 = CARTESIAN_POINT('',(0.,0.,0.));
#4435 = DIRECTION('',(0.,0.615661475326,0.788010753607));
#4436 = DIRECTION('',(0.,0.788010753607,-0.615661475326));
#4437 = DEFINITIONAL_REPRESENTATION('',(#4438),#4469);
#4438 = B_SPLINE_CURVE_WITH_KNOTS('',8,(#4439,#4440,#4441,#4442,#4443,
    #4444,#4445,#4446,#4447,#4448,#4449,#4450,#4451,#4452,#4453,#4454,
    #4455,#4456,#4457,#4458,#4459,#4460,#4461,#4462,#4463,#4464,#4465,
    #4466,#4467,#4468),.UNSPECIFIED.,.F.,.F.,(9,7,7,7,9),(0.,
    0.251631990202,0.50094972427,0.751364458536,1.),.UNSPECIFIED.);
#4439 = CARTESIAN_POINT('',(3.627577484485E-03,0.));
#4440 = CARTESIAN_POINT('',(3.627577484485E-03,0.197569149847));
#4441 = CARTESIAN_POINT('',(3.628751543861E-03,0.395327756279));
#4442 = CARTESIAN_POINT('',(3.631103698549E-03,0.592984223543));
#4443 = CARTESIAN_POINT('',(3.634534315026E-03,0.790531494891));
#4444 = CARTESIAN_POINT('',(3.638855025839E-03,0.988078740354));
#4445 = CARTESIAN_POINT('',(3.643809730361E-03,1.185735138551));
#4446 = CARTESIAN_POINT('',(3.649086145444E-03,1.383493635293));
#4447 = CARTESIAN_POINT('',(3.659590721677E-03,1.77681466169));
#4448 = CARTESIAN_POINT('',(3.664828652638E-03,1.972747488977));
#4449 = CARTESIAN_POINT('',(3.669763860474E-03,2.168583176057));
#4450 = CARTESIAN_POINT('',(3.674083503818E-03,2.364314715));
#4451 = CARTESIAN_POINT('',(3.677518506439E-03,2.560046280467));
#4452 = CARTESIAN_POINT('',(3.679866103291E-03,2.755882043321));
#4453 = CARTESIAN_POINT('',(3.681021116949E-03,2.951814979789));
#4454 = CARTESIAN_POINT('',(3.680957591915E-03,3.344180500063));
#4455 = CARTESIAN_POINT('',(3.679728528203E-03,3.540978790098));
#4456 = CARTESIAN_POINT('',(3.677300230342E-03,3.737677577117));
#4457 = CARTESIAN_POINT('',(3.673783764922E-03,3.934269823488));
#4458 = CARTESIAN_POINT('',(3.669388755835E-03,4.130862044189));
#4459 = CARTESIAN_POINT('',(3.664390942808E-03,4.327560763551));
#4460 = CARTESIAN_POINT('',(3.65910898846E-03,4.5243589441));
#4461 = CARTESIAN_POINT('',(3.648646959411E-03,4.916188608245));
#4462 = CARTESIAN_POINT('',(3.643456822747E-03,5.111583324038));
#4463 = CARTESIAN_POINT('',(3.638598691453E-03,5.306882324364));
#4464 = CARTESIAN_POINT('',(3.634371523828E-03,5.502078615591));
#4465 = CARTESIAN_POINT('',(3.631020030452E-03,5.697274932988));
#4466 = CARTESIAN_POINT('',(3.628723749758E-03,5.892574007884));
#4467 = CARTESIAN_POINT('',(3.627577484485E-03,6.087968831587));
#4468 = CARTESIAN_POINT('',(3.627577484485E-03,6.28318530718));
#4469 = ( GEOMETRIC_REPRESENTATION_CONTEXT(2)
PARAMETRIC_REPRESENTATION_CONTEXT() REPRESENTATION_CONTEXT('2D SPACE',''
  ) );
#4470 = PCURVE('',#4471,#4476);
#4471 = PLANE('',#4472);
#4472 = AXIS2_PLACEMENT_3D('',#4473,#4474,#4475);
#4473 = CARTESIAN_POINT('',(-0.15,-47.,-47.));
#4474 = DIRECTION('',(1.,0.,-0.));
#4475 = DIRECTION('',(0.,0.,1.));
#4476 = DEFINITIONAL_REPRESENTATION('',(#4477),#4508);
#4477 = B_SPLINE_CURVE_WITH_KNOTS('',8,(#4478,#4479,#4480,#4481,#4482,
    #4483,#4484,#4485,#4486,#4487,#4488,#4489,#4490,#4491,#4492,#4493,
    #4494,#4495,#4496,#4497,#4498,#4499,#4500,#4501,#4502,#4503,#4504,
    #4505,#4506,#4507),.UNSPECIFIED.,.T.,.F.,(9,7,7,7,9),(0.,
    0.251631990202,0.50094972427,0.751364458536,1.),.UNSPECIFIED.);
#4478 = CARTESIAN_POINT('',(21.542565497446,-79.58403026864));
#4479 = CARTESIAN_POINT('',(21.589271481844,-79.62052098293));
#4480 = CARTESIAN_POINT('',(21.644261475765,-79.64650072656));
#4481 = CARTESIAN_POINT('',(21.704717680532,-79.65970977549));
#4482 = CARTESIAN_POINT('',(21.767105367089,-79.65888863014));
#4483 = CARTESIAN_POINT('',(21.827688537505,-79.64396925725));
#4484 = CARTESIAN_POINT('',(21.882868781969,-79.61595852243));
#4485 = CARTESIAN_POINT('',(21.929542566369,-79.57696564182));
#4486 = CARTESIAN_POINT('',(22.001230432216,-79.48324176819));
#4487 = CARTESIAN_POINT('',(22.026506450819,-79.4285716247));
#4488 = CARTESIAN_POINT('',(22.039212441271,-79.36863945399));
#4489 = CARTESIAN_POINT('',(22.038149811707,-79.30688745556));
#4490 = CARTESIAN_POINT('',(22.023266750663,-79.24694646105));
#4491 = CARTESIAN_POINT('',(21.995548753308,-79.19231138333));
#4492 = CARTESIAN_POINT('',(21.957040795852,-79.14599940538));
#4493 = CARTESIAN_POINT('',(21.863853013285,-79.07408556581));
#4494 = CARTESIAN_POINT('',(21.809015766831,-79.04850857373));
#4495 = CARTESIAN_POINT('',(21.748827532217,-79.03559982702));
#4496 = CARTESIAN_POINT('',(21.686774896002,-79.03658450401));
#4497 = CARTESIAN_POINT('',(21.626538323598,-79.05151986825));
#4498 = CARTESIAN_POINT('',(21.571660947003,-79.07940824811));
#4499 = CARTESIAN_POINT('',(21.525199469403,-79.11817262977));
#4500 = CARTESIAN_POINT('',(21.453626379567,-79.21142079859));
#4501 = CARTESIAN_POINT('',(21.428299722954,-79.2658765487));
#4502 = CARTESIAN_POINT('',(21.415459357665,-79.32559390838));
#4503 = CARTESIAN_POINT('',(21.416302389399,-79.38716328092));
#4504 = CARTESIAN_POINT('',(21.430892941689,-79.44698471659));
#4505 = CARTESIAN_POINT('',(21.458268114885,-79.50158883945));
#4506 = CARTESIAN_POINT('',(21.496415692831,-79.54797408963));
#4507 = CARTESIAN_POINT('',(21.542565497446,-79.58403026864));
#4508 = ( GEOMETRIC_REPRESENTATION_CONTEXT(2)
PARAMETRIC_REPRESENTATION_CONTEXT() REPRESENTATION_CONTEXT('2D SPACE',''
  ) );
#4509 = ORIENTED_EDGE('',*,*,#4510,.T.);
#4510 = EDGE_CURVE('',#4397,#4511,#4513,.T.);
#4511 = VERTEX_POINT('',#4512);
#4512 = CARTESIAN_POINT('',(-0.15,-32.58403026864,25.457434502554));
#4513 = SEAM_CURVE('',#4514,(#4519,#4526),.PCURVE_S1.);
#4514 = CIRCLE('',#4515,41.35);
#4515 = AXIS2_PLACEMENT_3D('',#4516,#4517,#4518);
#4516 = CARTESIAN_POINT('',(0.,-4.523807130695E-17,-5.790209082589E-17)
  );
#4517 = DIRECTION('',(0.,0.615661475326,0.788010753607));
#4518 = DIRECTION('',(0.,0.788010753607,-0.615661475326));
#4519 = PCURVE('',#4432,#4520);
#4520 = DEFINITIONAL_REPRESENTATION('',(#4521),#4525);
#4521 = LINE('',#4522,#4523);
#4522 = CARTESIAN_POINT('',(0.,6.28318530718));
#4523 = VECTOR('',#4524,1.);
#4524 = DIRECTION('',(1.,0.));
#4525 = ( GEOMETRIC_REPRESENTATION_CONTEXT(2)
PARAMETRIC_REPRESENTATION_CONTEXT() REPRESENTATION_CONTEXT('2D SPACE',''
  ) );
#4526 = PCURVE('',#4432,#4527);
#4527 = DEFINITIONAL_REPRESENTATION('',(#4528),#4532);
#4528 = LINE('',#4529,#4530);
#4529 = CARTESIAN_POINT('',(0.,0.));
#4530 = VECTOR('',#4531,1.);
#4531 = DIRECTION('',(1.,0.));
#4532 = ( GEOMETRIC_REPRESENTATION_CONTEXT(2)
PARAMETRIC_REPRESENTATION_CONTEXT() REPRESENTATION_CONTEXT('2D SPACE',''
  ) );
#4533 = ORIENTED_EDGE('',*,*,#4534,.T.);
#4534 = EDGE_CURVE('',#4511,#4511,#4535,.T.);
#4535 = SURFACE_CURVE('',#4536,(#4567,#4601),.PCURVE_S1.);
#4536 = B_SPLINE_CURVE_WITH_KNOTS('',8,(#4537,#4538,#4539,#4540,#4541,
    #4542,#4543,#4544,#4545,#4546,#4547,#4548,#4549,#4550,#4551,#4552,
    #4553,#4554,#4555,#4556,#4557,#4558,#4559,#4560,#4561,#4562,#4563,
    #4564,#4565,#4566),.UNSPECIFIED.,.T.,.F.,(9,7,7,7,9),(0.,
    0.25163198961,0.500949722889,0.751364451378,1.),.UNSPECIFIED.);
#4537 = CARTESIAN_POINT('',(-0.15,-32.58403026864,25.457434502554));
#4538 = CARTESIAN_POINT('',(-0.15,-32.54753955445,25.504140486843));
#4539 = CARTESIAN_POINT('',(-0.15,-32.50046806732,25.542651804556));
#4540 = CARTESIAN_POINT('',(-0.15,-32.44500322854,25.570094167932));
#4541 = CARTESIAN_POINT('',(-0.15,-32.38427007004,25.58439036156));
#4542 = CARTESIAN_POINT('',(-0.15,-32.32187715589,25.584570553363));
#4543 = CARTESIAN_POINT('',(-0.15,-32.26155959056,25.570741166617));
#4544 = CARTESIAN_POINT('',(-0.15,-32.20683898549,25.544197951847));
#4545 = CARTESIAN_POINT('',(-0.15,-32.11460669844,25.47060094275));
#4546 = CARTESIAN_POINT('',(-0.15,-32.07685558079,25.423669558834));
#4547 = CARTESIAN_POINT('',(-0.15,-32.05002810802,25.368591487343));
#4548 = CARTESIAN_POINT('',(-0.15,-32.03612001212,25.308416714115));
#4549 = CARTESIAN_POINT('',(-0.15,-32.03605994323,25.246655685184));
#4550 = CARTESIAN_POINT('',(-0.15,-32.04973717555,25.186937912416));
#4551 = CARTESIAN_POINT('',(-0.15,-32.07589740008,25.132685680041));
#4552 = CARTESIAN_POINT('',(-0.15,-32.14891957309,25.040363824419));
#4553 = CARTESIAN_POINT('',(-0.15,-32.1959402829,25.002280247981));
#4554 = CARTESIAN_POINT('',(-0.15,-32.25121775934,24.975194094053));
#4555 = CARTESIAN_POINT('',(-0.15,-32.31166538013,24.961137629438));
#4556 = CARTESIAN_POINT('',(-0.15,-32.37372585893,24.961056801918));
#4557 = CARTESIAN_POINT('',(-0.15,-32.43371995162,24.974840736301));
#4558 = CARTESIAN_POINT('',(-0.15,-32.48817927719,25.001213598589));
#4559 = CARTESIAN_POINT('',(-0.15,-32.58018511769,25.074376796774));
#4560 = CARTESIAN_POINT('',(-0.15,-32.61793350562,25.12108790554));
#4561 = CARTESIAN_POINT('',(-0.15,-32.64483939666,25.175925039758));
#4562 = CARTESIAN_POINT('',(-0.15,-32.65891638788,25.235869488171));
#4563 = CARTESIAN_POINT('',(-0.15,-32.65923135366,25.297443747555));
#4564 = CARTESIAN_POINT('',(-0.15,-32.64587927334,25.357048550432));
#4565 = CARTESIAN_POINT('',(-0.15,-32.62008644869,25.411284696611));
#4566 = CARTESIAN_POINT('',(-0.15,-32.58403026864,25.457434502554));
#4567 = PCURVE('',#4432,#4568);
#4568 = DEFINITIONAL_REPRESENTATION('',(#4569),#4600);
#4569 = B_SPLINE_CURVE_WITH_KNOTS('',8,(#4570,#4571,#4572,#4573,#4574,
    #4575,#4576,#4577,#4578,#4579,#4580,#4581,#4582,#4583,#4584,#4585,
    #4586,#4587,#4588,#4589,#4590,#4591,#4592,#4593,#4594,#4595,#4596,
    #4597,#4598,#4599),.UNSPECIFIED.,.F.,.F.,(9,7,7,7,9),(0.,
    0.25163198961,0.500949722889,0.751364451378,1.),.UNSPECIFIED.);
#4570 = CARTESIAN_POINT('',(3.137965076105,0.));
#4571 = CARTESIAN_POINT('',(3.137965076105,0.197569149383));
#4572 = CARTESIAN_POINT('',(3.137963902046,0.39532775535));
#4573 = CARTESIAN_POINT('',(3.137961549891,0.592984222143));
#4574 = CARTESIAN_POINT('',(3.137958119275,0.790531493037));
#4575 = CARTESIAN_POINT('',(3.137953798564,0.988078738026));
#4576 = CARTESIAN_POINT('',(3.13794884386,1.185735135766));
#4577 = CARTESIAN_POINT('',(3.137943567444,1.383493632038));
#4578 = CARTESIAN_POINT('',(3.137933062868,1.776814657352));
#4579 = CARTESIAN_POINT('',(3.137927824937,1.972747484001));
#4580 = CARTESIAN_POINT('',(3.137922889729,2.168583170492));
#4581 = CARTESIAN_POINT('',(3.137918570086,2.364314708763));
#4582 = CARTESIAN_POINT('',(3.137915135083,2.560046273657));
#4583 = CARTESIAN_POINT('',(3.137912787487,2.755882035859));
#4584 = CARTESIAN_POINT('',(3.137911632473,2.951814971712));
#4585 = CARTESIAN_POINT('',(3.137911695998,3.344180486824));
#4586 = CARTESIAN_POINT('',(3.137912925061,3.540978772315));
#4587 = CARTESIAN_POINT('',(3.137915353359,3.737677554748));
#4588 = CARTESIAN_POINT('',(3.137918869824,3.93426979665));
#4589 = CARTESIAN_POINT('',(3.137923264833,4.130862012751));
#4590 = CARTESIAN_POINT('',(3.137928262646,4.327560727611));
#4591 = CARTESIAN_POINT('',(3.1379335446,4.524358903585));
#4592 = CARTESIAN_POINT('',(3.137944006629,4.916188568818));
#4593 = CARTESIAN_POINT('',(3.137949196766,5.111583290263));
#4594 = CARTESIAN_POINT('',(3.137954054898,5.306882296213));
#4595 = CARTESIAN_POINT('',(3.137958282066,5.502078593075));
#4596 = CARTESIAN_POINT('',(3.137961633559,5.697274916077));
#4597 = CARTESIAN_POINT('',(3.13796392984,5.892573996613));
#4598 = CARTESIAN_POINT('',(3.137965076105,6.087968825964));
#4599 = CARTESIAN_POINT('',(3.137965076105,6.28318530718));
#4600 = ( GEOMETRIC_REPRESENTATION_CONTEXT(2)
PARAMETRIC_REPRESENTATION_CONTEXT() REPRESENTATION_CONTEXT('2D SPACE',''
  ) );
#4601 = PCURVE('',#4602,#4607);
#4602 = PLANE('',#4603);
#4603 = AXIS2_PLACEMENT_3D('',#4604,#4605,#4606);
#4604 = CARTESIAN_POINT('',(-0.15,-47.,-47.));
#4605 = DIRECTION('',(1.,0.,-0.));
#4606 = DIRECTION('',(0.,0.,1.));
#4607 = DEFINITIONAL_REPRESENTATION('',(#4608),#4639);
#4608 = B_SPLINE_CURVE_WITH_KNOTS('',8,(#4609,#4610,#4611,#4612,#4613,
    #4614,#4615,#4616,#4617,#4618,#4619,#4620,#4621,#4622,#4623,#4624,
    #4625,#4626,#4627,#4628,#4629,#4630,#4631,#4632,#4633,#4634,#4635,
    #4636,#4637,#4638),.UNSPECIFIED.,.T.,.F.,(9,7,7,7,9),(0.,
    0.25163198961,0.500949722889,0.751364451378,1.),.UNSPECIFIED.);
#4609 = CARTESIAN_POINT('',(72.457434502554,-14.41596973135));
#4610 = CARTESIAN_POINT('',(72.504140486843,-14.45246044554));
#4611 = CARTESIAN_POINT('',(72.542651804556,-14.49953193267));
#4612 = CARTESIAN_POINT('',(72.570094167932,-14.55499677146));
#4613 = CARTESIAN_POINT('',(72.58439036156,-14.61572992996));
#4614 = CARTESIAN_POINT('',(72.584570553363,-14.6781228441));
#4615 = CARTESIAN_POINT('',(72.570741166617,-14.73844040943));
#4616 = CARTESIAN_POINT('',(72.544197951847,-14.7931610145));
#4617 = CARTESIAN_POINT('',(72.47060094275,-14.88539330155));
#4618 = CARTESIAN_POINT('',(72.423669558834,-14.9231444192));
#4619 = CARTESIAN_POINT('',(72.368591487343,-14.94997189197));
#4620 = CARTESIAN_POINT('',(72.308416714115,-14.96387998787));
#4621 = CARTESIAN_POINT('',(72.246655685184,-14.96394005676));
#4622 = CARTESIAN_POINT('',(72.186937912416,-14.95026282444));
#4623 = CARTESIAN_POINT('',(72.132685680041,-14.92410259991));
#4624 = CARTESIAN_POINT('',(72.040363824419,-14.8510804269));
#4625 = CARTESIAN_POINT('',(72.002280247981,-14.80405971709));
#4626 = CARTESIAN_POINT('',(71.975194094053,-14.74878224065));
#4627 = CARTESIAN_POINT('',(71.961137629438,-14.68833461986));
#4628 = CARTESIAN_POINT('',(71.961056801918,-14.62627414106));
#4629 = CARTESIAN_POINT('',(71.974840736301,-14.56628004838));
#4630 = CARTESIAN_POINT('',(72.001213598589,-14.5118207228));
#4631 = CARTESIAN_POINT('',(72.074376796774,-14.4198148823));
#4632 = CARTESIAN_POINT('',(72.12108790554,-14.38206649437));
#4633 = CARTESIAN_POINT('',(72.175925039758,-14.35516060333));
#4634 = CARTESIAN_POINT('',(72.235869488171,-14.34108361211));
#4635 = CARTESIAN_POINT('',(72.297443747555,-14.34076864634));
#4636 = CARTESIAN_POINT('',(72.357048550432,-14.35412072665));
#4637 = CARTESIAN_POINT('',(72.411284696611,-14.3799135513));
#4638 = CARTESIAN_POINT('',(72.457434502554,-14.41596973135));
#4639 = ( GEOMETRIC_REPRESENTATION_CONTEXT(2)
PARAMETRIC_REPRESENTATION_CONTEXT() REPRESENTATION_CONTEXT('2D SPACE',''
  ) );
#4640 = ORIENTED_EDGE('',*,*,#4510,.F.);
#4641 = ADVANCED_FACE('',(#4642),#4471,.T.);
#4642 = FACE_BOUND('',#4643,.T.);
#4643 = EDGE_LOOP('',(#4644));
#4644 = ORIENTED_EDGE('',*,*,#4396,.T.);
#4645 = ADVANCED_FACE('',(#4646),#4602,.T.);
#4646 = FACE_BOUND('',#4647,.T.);
#4647 = EDGE_LOOP('',(#4648));
#4648 = ORIENTED_EDGE('',*,*,#4534,.F.);
#4649 = ( GEOMETRIC_REPRESENTATION_CONTEXT(3)
GLOBAL_UNCERTAINTY_ASSIGNED_CONTEXT((#4653))
GLOBAL_UNIT_ASSIGNED_CONTEXT((#4650,#4651,#4652)) REPRESENTATION_CONTEXT
('Context #1','3D Context with UNIT and UNCERTAINTY') );
#4650 = ( LENGTH_UNIT() NAMED_UNIT(*) SI_UNIT(.MILLI.,.METRE.) );
#4651 = ( NAMED_UNIT(*) PLANE_ANGLE_UNIT() SI_UNIT($,.RADIAN.) );
#4652 = ( NAMED_UNIT(*) SI_UNIT($,.STERADIAN.) SOLID_ANGLE_UNIT() );
#4653 = UNCERTAINTY_MEASURE_WITH_UNIT(LENGTH_MEASURE(1.E-06),#4650,
  'distance_accuracy_value','confusion accuracy');
#4654 = CONTEXT_DEPENDENT_SHAPE_REPRESENTATION(#4655,#4657);
#4655 = ( REPRESENTATION_RELATIONSHIP('','',#4389,#10)
REPRESENTATION_RELATIONSHIP_WITH_TRANSFORMATION(#4656)
SHAPE_REPRESENTATION_RELATIONSHIP() );
#4656 = ITEM_DEFINED_TRANSFORMATION('','',#11,#63);
#4657 = PRODUCT_DEFINITION_SHAPE('Placement','Placement of an item',
  #4658);
#4658 = NEXT_ASSEMBLY_USAGE_OCCURRENCE('13','','',#5,#4384,$);
#4659 = PRODUCT_RELATED_PRODUCT_CATEGORY('part',$,(#4386));
#4660 = SHAPE_DEFINITION_REPRESENTATION(#4661,#4667);
#4661 = PRODUCT_DEFINITION_SHAPE('','',#4662);
#4662 = PRODUCT_DEFINITION('design','',#4663,#4666);
#4663 = PRODUCT_DEFINITION_FORMATION('','',#4664);
#4664 = PRODUCT('Open CASCADE STEP translator 7.9 1.14',
  'Open CASCADE STEP translator 7.9 1.14','',(#4665));
#4665 = PRODUCT_CONTEXT('',#2,'mechanical');
#4666 = PRODUCT_DEFINITION_CONTEXT('part definition',#2,'design');
#4667 = ADVANCED_BREP_SHAPE_REPRESENTATION('',(#11,#4668),#4935);
#4668 = MANIFOLD_SOLID_BREP('',#4669);
#4669 = CLOSED_SHELL('',(#4670,#4815,#4927,#4931));
#4670 = ADVANCED_FACE('',(#4671),#4684,.T.);
#4671 = FACE_BOUND('',#4672,.T.);
#4672 = EDGE_LOOP('',(#4673,#4707,#4731,#4814));
#4673 = ORIENTED_EDGE('',*,*,#4674,.F.);
#4674 = EDGE_CURVE('',#4675,#4675,#4677,.T.);
#4675 = VERTEX_POINT('',#4676);
#4676 = CARTESIAN_POINT('',(30.122573418742,-7.377902623869E-15,-28.));
#4677 = SURFACE_CURVE('',#4678,(#4683,#4695),.PCURVE_S1.);
#4678 = CIRCLE('',#4679,0.2);
#4679 = AXIS2_PLACEMENT_3D('',#4680,#4681,#4682);
#4680 = CARTESIAN_POINT('',(29.922573418742,-7.328916751903E-15,-28.));
#4681 = DIRECTION('',(-2.449293598295E-16,-1.,0.));
#4682 = DIRECTION('',(1.,-2.449293598295E-16,0.));
#4683 = PCURVE('',#4684,#4689);
#4684 = TOROIDAL_SURFACE('',#4685,29.922573418742,0.2);
#4685 = AXIS2_PLACEMENT_3D('',#4686,#4687,#4688);
#4686 = CARTESIAN_POINT('',(0.,0.,-28.));
#4687 = DIRECTION('',(0.,0.,1.));
#4688 = DIRECTION('',(1.,0.,-0.));
#4689 = DEFINITIONAL_REPRESENTATION('',(#4690),#4694);
#4690 = LINE('',#4691,#4692);
#4691 = CARTESIAN_POINT('',(0.,-0.));
#4692 = VECTOR('',#4693,1.);
#4693 = DIRECTION('',(0.,1.));
#4694 = ( GEOMETRIC_REPRESENTATION_CONTEXT(2)
PARAMETRIC_REPRESENTATION_CONTEXT() REPRESENTATION_CONTEXT('2D SPACE',''
  ) );
#4695 = PCURVE('',#4696,#4701);
#4696 = TOROIDAL_SURFACE('',#4697,29.922573418742,0.2);
#4697 = AXIS2_PLACEMENT_3D('',#4698,#4699,#4700);
#4698 = CARTESIAN_POINT('',(0.,0.,-28.));
#4699 = DIRECTION('',(0.,0.,1.));
#4700 = DIRECTION('',(1.,0.,-0.));
#4701 = DEFINITIONAL_REPRESENTATION('',(#4702),#4706);
#4702 = LINE('',#4703,#4704);
#4703 = CARTESIAN_POINT('',(6.28318530718,-0.));
#4704 = VECTOR('',#4705,1.);
#4705 = DIRECTION('',(0.,1.));
#4706 = ( GEOMETRIC_REPRESENTATION_CONTEXT(2)
PARAMETRIC_REPRESENTATION_CONTEXT() REPRESENTATION_CONTEXT('2D SPACE',''
  ) );
#4707 = ORIENTED_EDGE('',*,*,#4708,.T.);
#4708 = EDGE_CURVE('',#4675,#4709,#4711,.T.);
#4709 = VERTEX_POINT('',#4710);
#4710 = CARTESIAN_POINT('',(0.15,30.12219994236,-28.));
#4711 = SEAM_CURVE('',#4712,(#4717,#4724),.PCURVE_S1.);
#4712 = CIRCLE('',#4713,30.122573418742);
#4713 = AXIS2_PLACEMENT_3D('',#4714,#4715,#4716);
#4714 = CARTESIAN_POINT('',(0.,0.,-28.));
#4715 = DIRECTION('',(0.,0.,1.));
#4716 = DIRECTION('',(1.,0.,-0.));
#4717 = PCURVE('',#4684,#4718);
#4718 = DEFINITIONAL_REPRESENTATION('',(#4719),#4723);
#4719 = LINE('',#4720,#4721);
#4720 = CARTESIAN_POINT('',(0.,6.28318530718));
#4721 = VECTOR('',#4722,1.);
#4722 = DIRECTION('',(1.,0.));
#4723 = ( GEOMETRIC_REPRESENTATION_CONTEXT(2)
PARAMETRIC_REPRESENTATION_CONTEXT() REPRESENTATION_CONTEXT('2D SPACE',''
  ) );
#4724 = PCURVE('',#4684,#4725);
#4725 = DEFINITIONAL_REPRESENTATION('',(#4726),#4730);
#4726 = LINE('',#4727,#4728);
#4727 = CARTESIAN_POINT('',(0.,0.));
#4728 = VECTOR('',#4729,1.);
#4729 = DIRECTION('',(1.,0.));
#4730 = ( GEOMETRIC_REPRESENTATION_CONTEXT(2)
PARAMETRIC_REPRESENTATION_CONTEXT() REPRESENTATION_CONTEXT('2D SPACE',''
  ) );
#4731 = ORIENTED_EDGE('',*,*,#4732,.T.);
#4732 = EDGE_CURVE('',#4709,#4709,#4733,.T.);
#4733 = SURFACE_CURVE('',#4734,(#4757,#4783),.PCURVE_S1.);
#4734 = B_SPLINE_CURVE_WITH_KNOTS('',6,(#4735,#4736,#4737,#4738,#4739,
    #4740,#4741,#4742,#4743,#4744,#4745,#4746,#4747,#4748,#4749,#4750,
    #4751,#4752,#4753,#4754,#4755,#4756),.UNSPECIFIED.,.T.,.F.,(7,5,5,5,
    7),(0.,0.251632997596,0.500950313227,0.749366424138,1.),
  .UNSPECIFIED.);
#4735 = CARTESIAN_POINT('',(0.15,30.12219994236,-28.));
#4736 = CARTESIAN_POINT('',(0.15,30.12219994236,-27.94730600539));
#4737 = CARTESIAN_POINT('',(0.15,30.105540888724,-27.89457868451));
#4738 = CARTESIAN_POINT('',(0.15,30.072173969575,-27.84847765375));
#4739 = CARTESIAN_POINT('',(0.15,30.025732241951,-27.81558622063));
#4740 = CARTESIAN_POINT('',(0.15,29.972836041458,-27.79946957493));
#4741 = CARTESIAN_POINT('',(0.15,29.867937237632,-27.80054652614));
#4742 = CARTESIAN_POINT('',(0.15,29.815866387455,-27.81743566131));
#4743 = CARTESIAN_POINT('',(0.15,29.770407725121,-27.85065749275));
#4744 = CARTESIAN_POINT('',(0.15,29.737928068556,-27.89664910664));
#4745 = CARTESIAN_POINT('',(0.15,29.721886563923,-27.94898673944));
#4746 = CARTESIAN_POINT('',(0.15,29.722509279675,-28.05321430262));
#4747 = CARTESIAN_POINT('',(0.15,29.739055883401,-28.10516793271));
#4748 = CARTESIAN_POINT('',(0.15,29.771845016459,-28.15065027563));
#4749 = CARTESIAN_POINT('',(0.15,29.81739314296,-28.18334832397));
#4750 = CARTESIAN_POINT('',(0.15,29.869380249811,-28.19979121145));
#4751 = CARTESIAN_POINT('',(0.15,29.973885740344,-28.20020746508));
#4752 = CARTESIAN_POINT('',(0.15,30.026469146837,-28.18388999084));
#4753 = CARTESIAN_POINT('',(0.15,30.072571320919,-28.15097218833));
#4754 = CARTESIAN_POINT('',(0.15,30.105672934604,-28.10500206986));
#4755 = CARTESIAN_POINT('',(0.15,30.12219994236,-28.05248470649));
#4756 = CARTESIAN_POINT('',(0.15,30.12219994236,-28.));
#4757 = PCURVE('',#4684,#4758);
#4758 = DEFINITIONAL_REPRESENTATION('',(#4759),#4782);
#4759 = B_SPLINE_CURVE_WITH_KNOTS('',6,(#4760,#4761,#4762,#4763,#4764,
    #4765,#4766,#4767,#4768,#4769,#4770,#4771,#4772,#4773,#4774,#4775,
    #4776,#4777,#4778,#4779,#4780,#4781),.UNSPECIFIED.,.F.,.F.,(7,5,5,5,
    7),(0.,0.251632997596,0.500950313227,0.749366424138,1.),
  .UNSPECIFIED.);
#4760 = CARTESIAN_POINT('',(1.565816651989,0.));
#4761 = CARTESIAN_POINT('',(1.565816651989,0.263469973007));
#4762 = CARTESIAN_POINT('',(1.565813897664,0.527107445843));
#4763 = CARTESIAN_POINT('',(1.565808383435,0.790531484932));
#4764 = CARTESIAN_POINT('',(1.565800678658,1.053955483151));
#4765 = CARTESIAN_POINT('',(1.565791852665,1.317592827398));
#4766 = CARTESIAN_POINT('',(1.565774276525,1.842107896547));
#4767 = CARTESIAN_POINT('',(1.565765515624,2.103312960152));
#4768 = CARTESIAN_POINT('',(1.565757823894,2.36431472344));
#4769 = CARTESIAN_POINT('',(1.565752307025,2.625316535768));
#4770 = CARTESIAN_POINT('',(1.565749583676,2.886521727527));
#4771 = CARTESIAN_POINT('',(1.565749689408,3.407668844238));
#4772 = CARTESIAN_POINT('',(1.565752498528,3.667927521283));
#4773 = CARTESIAN_POINT('',(1.565758067384,3.927986626355));
#4774 = CARTESIAN_POINT('',(1.565765773147,4.188045693189));
#4775 = CARTESIAN_POINT('',(1.565774519029,4.448304243796));
#4776 = CARTESIAN_POINT('',(1.565792027798,4.970829275594));
#4777 = CARTESIAN_POINT('',(1.565800800928,5.233416839129));
#4778 = CARTESIAN_POINT('',(1.565808449083,5.495795436402));
#4779 = CARTESIAN_POINT('',(1.565813919503,5.758174082676));
#4780 = CARTESIAN_POINT('',(1.565816651989,6.020761774728));
#4781 = CARTESIAN_POINT('',(1.565816651989,6.28318530718));
#4782 = ( GEOMETRIC_REPRESENTATION_CONTEXT(2)
PARAMETRIC_REPRESENTATION_CONTEXT() REPRESENTATION_CONTEXT('2D SPACE',''
  ) );
#4783 = PCURVE('',#4784,#4789);
#4784 = PLANE('',#4785);
#4785 = AXIS2_PLACEMENT_3D('',#4786,#4787,#4788);
#4786 = CARTESIAN_POINT('',(0.15,-47.,-47.));
#4787 = DIRECTION('',(1.,0.,-0.));
#4788 = DIRECTION('',(0.,0.,1.));
#4789 = DEFINITIONAL_REPRESENTATION('',(#4790),#4813);
#4790 = B_SPLINE_CURVE_WITH_KNOTS('',6,(#4791,#4792,#4793,#4794,#4795,
    #4796,#4797,#4798,#4799,#4800,#4801,#4802,#4803,#4804,#4805,#4806,
    #4807,#4808,#4809,#4810,#4811,#4812),.UNSPECIFIED.,.T.,.F.,(7,5,5,5,
    7),(0.,0.251632997596,0.500950313227,0.749366424138,1.),
  .UNSPECIFIED.);
#4791 = CARTESIAN_POINT('',(19.,-77.12219994236));
#4792 = CARTESIAN_POINT('',(19.052693994601,-77.12219994236));
#4793 = CARTESIAN_POINT('',(19.105421315484,-77.10554088872));
#4794 = CARTESIAN_POINT('',(19.151522346248,-77.07217396957));
#4795 = CARTESIAN_POINT('',(19.184413779368,-77.02573224195));
#4796 = CARTESIAN_POINT('',(19.200530425065,-76.97283604145));
#4797 = CARTESIAN_POINT('',(19.199453473859,-76.86793723763));
#4798 = CARTESIAN_POINT('',(19.182564338685,-76.81586638745));
#4799 = CARTESIAN_POINT('',(19.14934250725,-76.77040772512));
#4800 = CARTESIAN_POINT('',(19.103350893353,-76.73792806855));
#4801 = CARTESIAN_POINT('',(19.051013260553,-76.72188656392));
#4802 = CARTESIAN_POINT('',(18.946785697379,-76.72250927967));
#4803 = CARTESIAN_POINT('',(18.894832067282,-76.7390558834));
#4804 = CARTESIAN_POINT('',(18.849349724368,-76.77184501645));
#4805 = CARTESIAN_POINT('',(18.816651676023,-76.81739314296));
#4806 = CARTESIAN_POINT('',(18.800208788543,-76.86938024981));
#4807 = CARTESIAN_POINT('',(18.799792534912,-76.97388574034));
#4808 = CARTESIAN_POINT('',(18.816110009155,-77.02646914683));
#4809 = CARTESIAN_POINT('',(18.84902781167,-77.07257132091));
#4810 = CARTESIAN_POINT('',(18.894997930139,-77.1056729346));
#4811 = CARTESIAN_POINT('',(18.94751529351,-77.12219994236));
#4812 = CARTESIAN_POINT('',(19.,-77.12219994236));
#4813 = ( GEOMETRIC_REPRESENTATION_CONTEXT(2)
PARAMETRIC_REPRESENTATION_CONTEXT() REPRESENTATION_CONTEXT('2D SPACE',''
  ) );
#4814 = ORIENTED_EDGE('',*,*,#4708,.F.);
#4815 = ADVANCED_FACE('',(#4816),#4696,.T.);
#4816 = FACE_BOUND('',#4817,.T.);
#4817 = EDGE_LOOP('',(#4818,#4819,#4843,#4926));
#4818 = ORIENTED_EDGE('',*,*,#4674,.T.);
#4819 = ORIENTED_EDGE('',*,*,#4820,.F.);
#4820 = EDGE_CURVE('',#4821,#4675,#4823,.T.);
#4821 = VERTEX_POINT('',#4822);
#4822 = CARTESIAN_POINT('',(0.15,-30.12219994236,-28.));
#4823 = SEAM_CURVE('',#4824,(#4829,#4836),.PCURVE_S1.);
#4824 = CIRCLE('',#4825,30.122573418742);
#4825 = AXIS2_PLACEMENT_3D('',#4826,#4827,#4828);
#4826 = CARTESIAN_POINT('',(0.,0.,-28.));
#4827 = DIRECTION('',(0.,0.,1.));
#4828 = DIRECTION('',(1.,0.,-0.));
#4829 = PCURVE('',#4696,#4830);
#4830 = DEFINITIONAL_REPRESENTATION('',(#4831),#4835);
#4831 = LINE('',#4832,#4833);
#4832 = CARTESIAN_POINT('',(0.,0.));
#4833 = VECTOR('',#4834,1.);
#4834 = DIRECTION('',(1.,0.));
#4835 = ( GEOMETRIC_REPRESENTATION_CONTEXT(2)
PARAMETRIC_REPRESENTATION_CONTEXT() REPRESENTATION_CONTEXT('2D SPACE',''
  ) );
#4836 = PCURVE('',#4696,#4837);
#4837 = DEFINITIONAL_REPRESENTATION('',(#4838),#4842);
#4838 = LINE('',#4839,#4840);
#4839 = CARTESIAN_POINT('',(0.,6.28318530718));
#4840 = VECTOR('',#4841,1.);
#4841 = DIRECTION('',(1.,0.));
#4842 = ( GEOMETRIC_REPRESENTATION_CONTEXT(2)
PARAMETRIC_REPRESENTATION_CONTEXT() REPRESENTATION_CONTEXT('2D SPACE',''
  ) );
#4843 = ORIENTED_EDGE('',*,*,#4844,.F.);
#4844 = EDGE_CURVE('',#4821,#4821,#4845,.T.);
#4845 = SURFACE_CURVE('',#4846,(#4869,#4895),.PCURVE_S1.);
#4846 = B_SPLINE_CURVE_WITH_KNOTS('',6,(#4847,#4848,#4849,#4850,#4851,
    #4852,#4853,#4854,#4855,#4856,#4857,#4858,#4859,#4860,#4861,#4862,
    #4863,#4864,#4865,#4866,#4867,#4868),.UNSPECIFIED.,.T.,.F.,(7,5,5,5,
    7),(0.,0.25163299814,0.500950314283,0.749366433106,1.),
  .UNSPECIFIED.);
#4847 = CARTESIAN_POINT('',(0.15,-30.12219994236,-28.));
#4848 = CARTESIAN_POINT('',(0.15,-30.12219994236,-27.94730600528));
#4849 = CARTESIAN_POINT('',(0.15,-30.10554088865,-27.89457868428));
#4850 = CARTESIAN_POINT('',(0.15,-30.07217396935,-27.84847765345));
#4851 = CARTESIAN_POINT('',(0.15,-30.02573224154,-27.81558622034));
#4852 = CARTESIAN_POINT('',(0.15,-29.97283604088,-27.79946957476));
#4853 = CARTESIAN_POINT('',(0.15,-29.86793723684,-27.80054652632));
#4854 = CARTESIAN_POINT('',(0.15,-29.81586638661,-27.81743566174));
#4855 = CARTESIAN_POINT('',(0.15,-29.77040772433,-27.85065749347));
#4856 = CARTESIAN_POINT('',(0.15,-29.73792806793,-27.89664910765));
#4857 = CARTESIAN_POINT('',(0.15,-29.72188656358,-27.94898674066));
#4858 = CARTESIAN_POINT('',(0.15,-29.72250928003,-28.0532143056));
#4859 = CARTESIAN_POINT('',(0.15,-29.73905588515,-28.10516793724));
#4860 = CARTESIAN_POINT('',(0.15,-29.77184502059,-28.15065028098));
#4861 = CARTESIAN_POINT('',(0.15,-29.81739314998,-28.18334832883));
#4862 = CARTESIAN_POINT('',(0.15,-29.86938025941,-28.19979121442));
#4863 = CARTESIAN_POINT('',(0.15,-29.97388574975,-28.20020746216));
#4864 = CARTESIAN_POINT('',(0.15,-30.02646915343,-28.18388998613));
#4865 = CARTESIAN_POINT('',(0.15,-30.07257132447,-28.15097218339));
#4866 = CARTESIAN_POINT('',(0.15,-30.10567293578,-28.10500206609));
#4867 = CARTESIAN_POINT('',(0.15,-30.12219994236,-28.05248470461));
#4868 = CARTESIAN_POINT('',(0.15,-30.12219994236,-28.));
#4869 = PCURVE('',#4696,#4870);
#4870 = DEFINITIONAL_REPRESENTATION('',(#4871),#4894);
#4871 = B_SPLINE_CURVE_WITH_KNOTS('',6,(#4872,#4873,#4874,#4875,#4876,
    #4877,#4878,#4879,#4880,#4881,#4882,#4883,#4884,#4885,#4886,#4887,
    #4888,#4889,#4890,#4891,#4892,#4893),.UNSPECIFIED.,.F.,.F.,(7,5,5,5,
    7),(0.,0.25163299814,0.500950314283,0.749366433106,1.),
  .UNSPECIFIED.);
#4872 = CARTESIAN_POINT('',(4.71736865519,0.));
#4873 = CARTESIAN_POINT('',(4.71736865519,0.263469973577));
#4874 = CARTESIAN_POINT('',(4.717371409515,0.527107446984));
#4875 = CARTESIAN_POINT('',(4.717376923745,0.790531486642));
#4876 = CARTESIAN_POINT('',(4.717384628522,1.05395548543));
#4877 = CARTESIAN_POINT('',(4.717393454514,1.317592830248));
#4878 = CARTESIAN_POINT('',(4.717411030655,1.842107900502));
#4879 = CARTESIAN_POINT('',(4.717419791556,2.103312964644));
#4880 = CARTESIAN_POINT('',(4.717427483286,2.364314728467));
#4881 = CARTESIAN_POINT('',(4.717433000154,2.62531654133));
#4882 = CARTESIAN_POINT('',(4.717435723504,2.886521733626));
#4883 = CARTESIAN_POINT('',(4.717435617771,3.407668859158));
#4884 = CARTESIAN_POINT('',(4.717432808651,3.667927544513));
#4885 = CARTESIAN_POINT('',(4.717427239795,3.927986657864));
#4886 = CARTESIAN_POINT('',(4.717419534031,4.188045732974));
#4887 = CARTESIAN_POINT('',(4.717410788149,4.448304291892));
#4888 = CARTESIAN_POINT('',(4.71739327938,4.970829322585));
#4889 = CARTESIAN_POINT('',(4.71738450625,5.233416876702));
#4890 = CARTESIAN_POINT('',(4.717376858096,5.495795464591));
#4891 = CARTESIAN_POINT('',(4.717371387676,5.758174101487));
#4892 = CARTESIAN_POINT('',(4.71736865519,6.020761784117));
#4893 = CARTESIAN_POINT('',(4.71736865519,6.28318530718));
#4894 = ( GEOMETRIC_REPRESENTATION_CONTEXT(2)
PARAMETRIC_REPRESENTATION_CONTEXT() REPRESENTATION_CONTEXT('2D SPACE',''
  ) );
#4895 = PCURVE('',#4896,#4901);
#4896 = PLANE('',#4897);
#4897 = AXIS2_PLACEMENT_3D('',#4898,#4899,#4900);
#4898 = CARTESIAN_POINT('',(0.15,-47.,-47.));
#4899 = DIRECTION('',(1.,0.,-0.));
#4900 = DIRECTION('',(0.,0.,1.));
#4901 = DEFINITIONAL_REPRESENTATION('',(#4902),#4925);
#4902 = B_SPLINE_CURVE_WITH_KNOTS('',6,(#4903,#4904,#4905,#4906,#4907,
    #4908,#4909,#4910,#4911,#4912,#4913,#4914,#4915,#4916,#4917,#4918,
    #4919,#4920,#4921,#4922,#4923,#4924),.UNSPECIFIED.,.T.,.F.,(7,5,5,5,
    7),(0.,0.25163299814,0.500950314283,0.749366433106,1.),
  .UNSPECIFIED.);
#4903 = CARTESIAN_POINT('',(19.,-16.87780005764));
#4904 = CARTESIAN_POINT('',(19.052693994715,-16.87780005764));
#4905 = CARTESIAN_POINT('',(19.105421315712,-16.89445911134));
#4906 = CARTESIAN_POINT('',(19.151522346547,-16.92782603064));
#4907 = CARTESIAN_POINT('',(19.184413779653,-16.97426775845));
#4908 = CARTESIAN_POINT('',(19.20053042524,-17.02716395911));
#4909 = CARTESIAN_POINT('',(19.199453473672,-17.13206276315));
#4910 = CARTESIAN_POINT('',(19.182564338252,-17.18413361338));
#4911 = CARTESIAN_POINT('',(19.149342506527,-17.22959227567));
#4912 = CARTESIAN_POINT('',(19.103350892345,-17.26207193206));
#4913 = CARTESIAN_POINT('',(19.051013259331,-17.27811343641));
#4914 = CARTESIAN_POINT('',(18.946785694397,-17.27749071996));
#4915 = CARTESIAN_POINT('',(18.894832062754,-17.26094411484));
#4916 = CARTESIAN_POINT('',(18.84934971902,-17.2281549794));
#4917 = CARTESIAN_POINT('',(18.816651671162,-17.18260685001));
#4918 = CARTESIAN_POINT('',(18.800208785572,-17.13061974058));
#4919 = CARTESIAN_POINT('',(18.799792537833,-17.02611425024));
#4920 = CARTESIAN_POINT('',(18.816110013866,-16.97353084656));
#4921 = CARTESIAN_POINT('',(18.849027816609,-16.92742867552));
#4922 = CARTESIAN_POINT('',(18.894997933901,-16.89432706421));
#4923 = CARTESIAN_POINT('',(18.947515295388,-16.87780005764));
#4924 = CARTESIAN_POINT('',(19.,-16.87780005764));
#4925 = ( GEOMETRIC_REPRESENTATION_CONTEXT(2)
PARAMETRIC_REPRESENTATION_CONTEXT() REPRESENTATION_CONTEXT('2D SPACE',''
  ) );
#4926 = ORIENTED_EDGE('',*,*,#4820,.T.);
#4927 = ADVANCED_FACE('',(#4928),#4784,.F.);
#4928 = FACE_BOUND('',#4929,.F.);
#4929 = EDGE_LOOP('',(#4930));
#4930 = ORIENTED_EDGE('',*,*,#4732,.T.);
#4931 = ADVANCED_FACE('',(#4932),#4896,.F.);
#4932 = FACE_BOUND('',#4933,.F.);
#4933 = EDGE_LOOP('',(#4934));
#4934 = ORIENTED_EDGE('',*,*,#4844,.F.);
#4935 = ( GEOMETRIC_REPRESENTATION_CONTEXT(3)
GLOBAL_UNCERTAINTY_ASSIGNED_CONTEXT((#4939))
GLOBAL_UNIT_ASSIGNED_CONTEXT((#4936,#4937,#4938)) REPRESENTATION_CONTEXT
('Context #1','3D Context with UNIT and UNCERTAINTY') );
#4936 = ( LENGTH_UNIT() NAMED_UNIT(*) SI_UNIT(.MILLI.,.METRE.) );
#4937 = ( NAMED_UNIT(*) PLANE_ANGLE_UNIT() SI_UNIT($,.RADIAN.) );
#4938 = ( NAMED_UNIT(*) SI_UNIT($,.STERADIAN.) SOLID_ANGLE_UNIT() );
#4939 = UNCERTAINTY_MEASURE_WITH_UNIT(LENGTH_MEASURE(5.E-07),#4936,
  'distance_accuracy_value','confusion accuracy');
#4940 = CONTEXT_DEPENDENT_SHAPE_REPRESENTATION(#4941,#4943);
#4941 = ( REPRESENTATION_RELATIONSHIP('','',#4667,#10)
REPRESENTATION_RELATIONSHIP_WITH_TRANSFORMATION(#4942)
SHAPE_REPRESENTATION_RELATIONSHIP() );
#4942 = ITEM_DEFINED_TRANSFORMATION('','',#11,#67);
#4943 = PRODUCT_DEFINITION_SHAPE('Placement','Placement of an item',
  #4944);
#4944 = NEXT_ASSEMBLY_USAGE_OCCURRENCE('14','','',#5,#4662,$);
#4945 = PRODUCT_RELATED_PRODUCT_CATEGORY('part',$,(#4664));
#4946 = SHAPE_DEFINITION_REPRESENTATION(#4947,#4953);
#4947 = PRODUCT_DEFINITION_SHAPE('','',#4948);
#4948 = PRODUCT_DEFINITION('design','',#4949,#4952);
#4949 = PRODUCT_DEFINITION_FORMATION('','',#4950);
#4950 = PRODUCT('Open CASCADE STEP translator 7.9 1.15',
  'Open CASCADE STEP translator 7.9 1.15','',(#4951));
#4951 = PRODUCT_CONTEXT('',#2,'mechanical');
#4952 = PRODUCT_DEFINITION_CONTEXT('part definition',#2,'design');
#4953 = ADVANCED_BREP_SHAPE_REPRESENTATION('',(#11,#4954),#5221);
#4954 = MANIFOLD_SOLID_BREP('',#4955);
#4955 = CLOSED_SHELL('',(#4956,#5101,#5213,#5217));
#4956 = ADVANCED_FACE('',(#4957),#4970,.T.);
#4957 = FACE_BOUND('',#4958,.T.);
#4958 = EDGE_LOOP('',(#4959,#4993,#5017,#5100));
#4959 = ORIENTED_EDGE('',*,*,#4960,.F.);
#4960 = EDGE_CURVE('',#4961,#4961,#4963,.T.);
#4961 = VERTEX_POINT('',#4962);
#4962 = CARTESIAN_POINT('',(38.714418079467,-9.482297636374E-15,-14.));
#4963 = SURFACE_CURVE('',#4964,(#4969,#4981),.PCURVE_S1.);
#4964 = CIRCLE('',#4965,0.2);
#4965 = AXIS2_PLACEMENT_3D('',#4966,#4967,#4968);
#4966 = CARTESIAN_POINT('',(38.514418079467,-9.433311764409E-15,-14.));
#4967 = DIRECTION('',(-2.449293598295E-16,-1.,0.));
#4968 = DIRECTION('',(1.,-2.449293598295E-16,0.));
#4969 = PCURVE('',#4970,#4975);
#4970 = TOROIDAL_SURFACE('',#4971,38.514418079467,0.2);
#4971 = AXIS2_PLACEMENT_3D('',#4972,#4973,#4974);
#4972 = CARTESIAN_POINT('',(0.,0.,-14.));
#4973 = DIRECTION('',(0.,0.,1.));
#4974 = DIRECTION('',(1.,0.,-0.));
#4975 = DEFINITIONAL_REPRESENTATION('',(#4976),#4980);
#4976 = LINE('',#4977,#4978);
#4977 = CARTESIAN_POINT('',(0.,-0.));
#4978 = VECTOR('',#4979,1.);
#4979 = DIRECTION('',(0.,1.));
#4980 = ( GEOMETRIC_REPRESENTATION_CONTEXT(2)
PARAMETRIC_REPRESENTATION_CONTEXT() REPRESENTATION_CONTEXT('2D SPACE',''
  ) );
#4981 = PCURVE('',#4982,#4987);
#4982 = TOROIDAL_SURFACE('',#4983,38.514418079467,0.2);
#4983 = AXIS2_PLACEMENT_3D('',#4984,#4985,#4986);
#4984 = CARTESIAN_POINT('',(0.,0.,-14.));
#4985 = DIRECTION('',(0.,0.,1.));
#4986 = DIRECTION('',(1.,0.,-0.));
#4987 = DEFINITIONAL_REPRESENTATION('',(#4988),#4992);
#4988 = LINE('',#4989,#4990);
#4989 = CARTESIAN_POINT('',(6.28318530718,-0.));
#4990 = VECTOR('',#4991,1.);
#4991 = DIRECTION('',(0.,1.));
#4992 = ( GEOMETRIC_REPRESENTATION_CONTEXT(2)
PARAMETRIC_REPRESENTATION_CONTEXT() REPRESENTATION_CONTEXT('2D SPACE',''
  ) );
#4993 = ORIENTED_EDGE('',*,*,#4994,.T.);
#4994 = EDGE_CURVE('',#4961,#4995,#4997,.T.);
#4995 = VERTEX_POINT('',#4996);
#4996 = CARTESIAN_POINT('',(0.15,38.714127488964,-14.));
#4997 = SEAM_CURVE('',#4998,(#5003,#5010),.PCURVE_S1.);
#4998 = CIRCLE('',#4999,38.714418079467);
#4999 = AXIS2_PLACEMENT_3D('',#5000,#5001,#5002);
#5000 = CARTESIAN_POINT('',(0.,0.,-14.));
#5001 = DIRECTION('',(0.,0.,1.));
#5002 = DIRECTION('',(1.,0.,-0.));
#5003 = PCURVE('',#4970,#5004);
#5004 = DEFINITIONAL_REPRESENTATION('',(#5005),#5009);
#5005 = LINE('',#5006,#5007);
#5006 = CARTESIAN_POINT('',(0.,6.28318530718));
#5007 = VECTOR('',#5008,1.);
#5008 = DIRECTION('',(1.,0.));
#5009 = ( GEOMETRIC_REPRESENTATION_CONTEXT(2)
PARAMETRIC_REPRESENTATION_CONTEXT() REPRESENTATION_CONTEXT('2D SPACE',''
  ) );
#5010 = PCURVE('',#4970,#5011);
#5011 = DEFINITIONAL_REPRESENTATION('',(#5012),#5016);
#5012 = LINE('',#5013,#5014);
#5013 = CARTESIAN_POINT('',(0.,0.));
#5014 = VECTOR('',#5015,1.);
#5015 = DIRECTION('',(1.,0.));
#5016 = ( GEOMETRIC_REPRESENTATION_CONTEXT(2)
PARAMETRIC_REPRESENTATION_CONTEXT() REPRESENTATION_CONTEXT('2D SPACE',''
  ) );
#5017 = ORIENTED_EDGE('',*,*,#5018,.T.);
#5018 = EDGE_CURVE('',#4995,#4995,#5019,.T.);
#5019 = SURFACE_CURVE('',#5020,(#5043,#5069),.PCURVE_S1.);
#5020 = B_SPLINE_CURVE_WITH_KNOTS('',6,(#5021,#5022,#5023,#5024,#5025,
    #5026,#5027,#5028,#5029,#5030,#5031,#5032,#5033,#5034,#5035,#5036,
    #5037,#5038,#5039,#5040,#5041,#5042),.UNSPECIFIED.,.T.,.F.,(7,5,5,5,
    7),(0.,0.251632997345,0.500950312224,0.749366418838,1.),
  .UNSPECIFIED.);
#5021 = CARTESIAN_POINT('',(0.15,38.714127488964,-14.));
#5022 = CARTESIAN_POINT('',(0.15,38.714127488964,-13.94730601056));
#5023 = CARTESIAN_POINT('',(0.15,38.697468520032,-13.89457869507));
#5024 = CARTESIAN_POINT('',(0.15,38.664101771197,-13.84847766388));
#5025 = CARTESIAN_POINT('',(0.15,38.617660272064,-13.81558622384));
#5026 = CARTESIAN_POINT('',(0.15,38.564764328591,-13.79946957496));
#5027 = CARTESIAN_POINT('',(0.15,38.45986603719,-13.8005465261));
#5028 = CARTESIAN_POINT('',(0.15,38.407795443024,-13.81743566426));
#5029 = CARTESIAN_POINT('',(0.15,38.362337010359,-13.85065750216));
#5030 = CARTESIAN_POINT('',(0.15,38.329857525425,-13.89664911611));
#5031 = CARTESIAN_POINT('',(0.15,38.313816104935,-13.9489867433));
#5032 = CARTESIAN_POINT('',(0.15,38.314438816742,-14.05321429527));
#5033 = CARTESIAN_POINT('',(0.15,38.330985332531,-14.1051679194));
#5034 = CARTESIAN_POINT('',(0.15,38.363774291026,-14.15065026254));
#5035 = CARTESIAN_POINT('',(0.15,38.409322186034,-14.18334831799));
#5036 = CARTESIAN_POINT('',(0.15,38.461309036081,-14.19979120972));
#5037 = CARTESIAN_POINT('',(0.15,38.565814016566,-14.20020746679));
#5038 = CARTESIAN_POINT('',(0.15,38.618397169255,-14.18388999043));
#5039 = CARTESIAN_POINT('',(0.15,38.664499118314,-14.15097218123));
#5040 = CARTESIAN_POINT('',(0.15,38.69760056451,-14.10500206167));
#5041 = CARTESIAN_POINT('',(0.15,38.714127488964,-14.0524847025));
#5042 = CARTESIAN_POINT('',(0.15,38.714127488964,-14.));
#5043 = PCURVE('',#4970,#5044);
#5044 = DEFINITIONAL_REPRESENTATION('',(#5045),#5068);
#5045 = B_SPLINE_CURVE_WITH_KNOTS('',6,(#5046,#5047,#5048,#5049,#5050,
    #5051,#5052,#5053,#5054,#5055,#5056,#5057,#5058,#5059,#5060,#5061,
    #5062,#5063,#5064,#5065,#5066,#5067),.UNSPECIFIED.,.F.,.F.,(7,5,5,5,
    7),(0.,0.251632997345,0.500950312224,0.749366418838,1.),
  .UNSPECIFIED.);
#5046 = CARTESIAN_POINT('',(1.566921791603,0.));
#5047 = CARTESIAN_POINT('',(1.566921791603,0.263469947166));
#5048 = CARTESIAN_POINT('',(1.566920124205,0.527107393542));
#5049 = CARTESIAN_POINT('',(1.566916785706,0.790531422887));
#5050 = CARTESIAN_POINT('',(1.566912124955,1.053955430946));
#5051 = CARTESIAN_POINT('',(1.566906792776,1.317592799979));
#5052 = CARTESIAN_POINT('',(1.566896184146,1.842107919839));
#5053 = CARTESIAN_POINT('',(1.566890901111,2.103313007368));
#5054 = CARTESIAN_POINT('',(1.566886268658,2.364314779858));
#5055 = CARTESIAN_POINT('',(1.566882948938,2.625316581996));
#5056 = CARTESIAN_POINT('',(1.566881309998,2.886521746836));
#5057 = CARTESIAN_POINT('',(1.566881373626,3.407668807498));
#5058 = CARTESIAN_POINT('',(1.566883064182,3.667927454481));
#5059 = CARTESIAN_POINT('',(1.566886415263,3.927986546291));
#5060 = CARTESIAN_POINT('',(1.566891056316,4.188045619105));
#5061 = CARTESIAN_POINT('',(1.566896330419,4.448304190109));
#5062 = CARTESIAN_POINT('',(1.566906898583,4.970829274489));
#5063 = CARTESIAN_POINT('',(1.566912198916,5.233416868312));
#5064 = CARTESIAN_POINT('',(1.566916825453,5.495795480929));
#5065 = CARTESIAN_POINT('',(1.566920137425,5.75817412315));
#5066 = CARTESIAN_POINT('',(1.566921791603,6.020761794652));
#5067 = CARTESIAN_POINT('',(1.566921791603,6.28318530718));
#5068 = ( GEOMETRIC_REPRESENTATION_CONTEXT(2)
PARAMETRIC_REPRESENTATION_CONTEXT() REPRESENTATION_CONTEXT('2D SPACE',''
  ) );
#5069 = PCURVE('',#5070,#5075);
#5070 = PLANE('',#5071);
#5071 = AXIS2_PLACEMENT_3D('',#5072,#5073,#5074);
#5072 = CARTESIAN_POINT('',(0.15,-47.,-47.));
#5073 = DIRECTION('',(1.,0.,-0.));
#5074 = DIRECTION('',(0.,0.,1.));
#5075 = DEFINITIONAL_REPRESENTATION('',(#5076),#5099);
#5076 = B_SPLINE_CURVE_WITH_KNOTS('',6,(#5077,#5078,#5079,#5080,#5081,
    #5082,#5083,#5084,#5085,#5086,#5087,#5088,#5089,#5090,#5091,#5092,
    #5093,#5094,#5095,#5096,#5097,#5098),.UNSPECIFIED.,.T.,.F.,(7,5,5,5,
    7),(0.,0.251632997345,0.500950312224,0.749366418838,1.),
  .UNSPECIFIED.);
#5077 = CARTESIAN_POINT('',(33.,-85.71412748896));
#5078 = CARTESIAN_POINT('',(33.052693989433,-85.71412748896));
#5079 = CARTESIAN_POINT('',(33.105421304929,-85.69746852003));
#5080 = CARTESIAN_POINT('',(33.151522336119,-85.66410177119));
#5081 = CARTESIAN_POINT('',(33.184413776152,-85.61766027206));
#5082 = CARTESIAN_POINT('',(33.200530425033,-85.56476432859));
#5083 = CARTESIAN_POINT('',(33.199453473899,-85.45986603719));
#5084 = CARTESIAN_POINT('',(33.182564335739,-85.40779544302));
#5085 = CARTESIAN_POINT('',(33.14934249784,-85.36233701035));
#5086 = CARTESIAN_POINT('',(33.103350883887,-85.32985752542));
#5087 = CARTESIAN_POINT('',(33.051013256693,-85.31381610493));
#5088 = CARTESIAN_POINT('',(32.946785704724,-85.31443881674));
#5089 = CARTESIAN_POINT('',(32.894832080595,-85.33098533253));
#5090 = CARTESIAN_POINT('',(32.849349737454,-85.36377429102));
#5091 = CARTESIAN_POINT('',(32.816651682003,-85.40932218603));
#5092 = CARTESIAN_POINT('',(32.800208790278,-85.46130903608));
#5093 = CARTESIAN_POINT('',(32.799792533205,-85.56581401656));
#5094 = CARTESIAN_POINT('',(32.816110009566,-85.61839716925));
#5095 = CARTESIAN_POINT('',(32.849027818762,-85.66449911831));
#5096 = CARTESIAN_POINT('',(32.894997938325,-85.69760056451));
#5097 = CARTESIAN_POINT('',(32.947515297495,-85.71412748896));
#5098 = CARTESIAN_POINT('',(33.,-85.71412748896));
#5099 = ( GEOMETRIC_REPRESENTATION_CONTEXT(2)
PARAMETRIC_REPRESENTATION_CONTEXT() REPRESENTATION_CONTEXT('2D SPACE',''
  ) );
#5100 = ORIENTED_EDGE('',*,*,#4994,.F.);
#5101 = ADVANCED_FACE('',(#5102),#4982,.T.);
#5102 = FACE_BOUND('',#5103,.T.);
#5103 = EDGE_LOOP('',(#5104,#5105,#5129,#5212));
#5104 = ORIENTED_EDGE('',*,*,#4960,.T.);
#5105 = ORIENTED_EDGE('',*,*,#5106,.F.);
#5106 = EDGE_CURVE('',#5107,#4961,#5109,.T.);
#5107 = VERTEX_POINT('',#5108);
#5108 = CARTESIAN_POINT('',(0.15,-38.71412748896,-14.));
#5109 = SEAM_CURVE('',#5110,(#5115,#5122),.PCURVE_S1.);
#5110 = CIRCLE('',#5111,38.714418079467);
#5111 = AXIS2_PLACEMENT_3D('',#5112,#5113,#5114);
#5112 = CARTESIAN_POINT('',(0.,0.,-14.));
#5113 = DIRECTION('',(0.,0.,1.));
#5114 = DIRECTION('',(1.,0.,-0.));
#5115 = PCURVE('',#4982,#5116);
#5116 = DEFINITIONAL_REPRESENTATION('',(#5117),#5121);
#5117 = LINE('',#5118,#5119);
#5118 = CARTESIAN_POINT('',(0.,0.));
#5119 = VECTOR('',#5120,1.);
#5120 = DIRECTION('',(1.,0.));
#5121 = ( GEOMETRIC_REPRESENTATION_CONTEXT(2)
PARAMETRIC_REPRESENTATION_CONTEXT() REPRESENTATION_CONTEXT('2D SPACE',''
  ) );
#5122 = PCURVE('',#4982,#5123);
#5123 = DEFINITIONAL_REPRESENTATION('',(#5124),#5128);
#5124 = LINE('',#5125,#5126);
#5125 = CARTESIAN_POINT('',(0.,6.28318530718));
#5126 = VECTOR('',#5127,1.);
#5127 = DIRECTION('',(1.,0.));
#5128 = ( GEOMETRIC_REPRESENTATION_CONTEXT(2)
PARAMETRIC_REPRESENTATION_CONTEXT() REPRESENTATION_CONTEXT('2D SPACE',''
  ) );
#5129 = ORIENTED_EDGE('',*,*,#5130,.F.);
#5130 = EDGE_CURVE('',#5107,#5107,#5131,.T.);
#5131 = SURFACE_CURVE('',#5132,(#5155,#5181),.PCURVE_S1.);
#5132 = B_SPLINE_CURVE_WITH_KNOTS('',6,(#5133,#5134,#5135,#5136,#5137,
    #5138,#5139,#5140,#5141,#5142,#5143,#5144,#5145,#5146,#5147,#5148,
    #5149,#5150,#5151,#5152,#5153,#5154),.UNSPECIFIED.,.T.,.F.,(7,5,5,5,
    7),(0.,0.251632998933,0.500950316271,0.749366440829,1.),
  .UNSPECIFIED.);
#5133 = CARTESIAN_POINT('',(0.15,-38.71412748896,-14.));
#5134 = CARTESIAN_POINT('',(0.15,-38.71412748896,-13.94730601023));
#5135 = CARTESIAN_POINT('',(0.15,-38.69746851982,-13.8945786944));
#5136 = CARTESIAN_POINT('',(0.15,-38.66410177056,-13.848477663));
#5137 = CARTESIAN_POINT('',(0.15,-38.61766027089,-13.81558622301));
#5138 = CARTESIAN_POINT('',(0.15,-38.56476432692,-13.79946957445));
#5139 = CARTESIAN_POINT('',(0.15,-38.45986603468,-13.80054652664));
#5140 = CARTESIAN_POINT('',(0.15,-38.40779544017,-13.81743566565));
#5141 = CARTESIAN_POINT('',(0.15,-38.36233700752,-13.85065750466));
#5142 = CARTESIAN_POINT('',(0.15,-38.32985752311,-13.89664911976));
#5143 = CARTESIAN_POINT('',(0.15,-38.31381610363,-13.94898674789));
#5144 = CARTESIAN_POINT('',(0.15,-38.31443881811,-14.05321430411));
#5145 = CARTESIAN_POINT('',(0.15,-38.33098533759,-14.10516793157));
#5146 = CARTESIAN_POINT('',(0.15,-38.36377430197,-14.15065027623));
#5147 = CARTESIAN_POINT('',(0.15,-38.40932220386,-14.18334833011));
#5148 = CARTESIAN_POINT('',(0.15,-38.46130905994,-14.19979121701));
#5149 = CARTESIAN_POINT('',(0.15,-38.56581403964,-14.20020745963));
#5150 = CARTESIAN_POINT('',(0.15,-38.61839718544,-14.18388997888));
#5151 = CARTESIAN_POINT('',(0.15,-38.66449912704,-14.15097216912));
#5152 = CARTESIAN_POINT('',(0.15,-38.69760056741,-14.10500205244));
#5153 = CARTESIAN_POINT('',(0.15,-38.71412748896,-14.0524846979));
#5154 = CARTESIAN_POINT('',(0.15,-38.71412748896,-14.));
#5155 = PCURVE('',#4982,#5156);
#5156 = DEFINITIONAL_REPRESENTATION('',(#5157),#5180);
#5157 = B_SPLINE_CURVE_WITH_KNOTS('',6,(#5158,#5159,#5160,#5161,#5162,
    #5163,#5164,#5165,#5166,#5167,#5168,#5169,#5170,#5171,#5172,#5173,
    #5174,#5175,#5176,#5177,#5178,#5179),.UNSPECIFIED.,.F.,.F.,(7,5,5,5,
    7),(0.,0.251632998933,0.500950316271,0.749366440829,1.),
  .UNSPECIFIED.);
#5158 = CARTESIAN_POINT('',(4.716263515577,0.));
#5159 = CARTESIAN_POINT('',(4.716263515577,0.263469948829));
#5160 = CARTESIAN_POINT('',(4.716265182974,0.527107396874));
#5161 = CARTESIAN_POINT('',(4.716268521474,0.79053142788));
#5162 = CARTESIAN_POINT('',(4.716273182224,1.0539554376));
#5163 = CARTESIAN_POINT('',(4.716278514404,1.317592808301));
#5164 = CARTESIAN_POINT('',(4.716289123034,1.842107932401));
#5165 = CARTESIAN_POINT('',(4.716294406068,2.103313022513));
#5166 = CARTESIAN_POINT('',(4.716299038521,2.364314797577));
#5167 = CARTESIAN_POINT('',(4.716302358242,2.625316602289));
#5168 = CARTESIAN_POINT('',(4.716303997182,2.886521769712));
#5169 = CARTESIAN_POINT('',(4.716303933553,3.40766885174));
#5170 = CARTESIAN_POINT('',(4.716302242998,3.667927517567));
#5171 = CARTESIAN_POINT('',(4.716298891915,3.927986628153));
#5172 = CARTESIAN_POINT('',(4.716294250861,4.188045719734));
#5173 = CARTESIAN_POINT('',(4.716288976758,4.448304309587));
#5174 = CARTESIAN_POINT('',(4.716278408594,4.970829389728));
#5175 = CARTESIAN_POINT('',(4.716273108262,5.233416960446));
#5176 = CARTESIAN_POINT('',(4.716268481725,5.495795550067));
#5177 = CARTESIAN_POINT('',(4.716265169754,5.758174169275));
#5178 = CARTESIAN_POINT('',(4.716263515577,6.020761817681));
#5179 = CARTESIAN_POINT('',(4.716263515577,6.28318530718));
#5180 = ( GEOMETRIC_REPRESENTATION_CONTEXT(2)
PARAMETRIC_REPRESENTATION_CONTEXT() REPRESENTATION_CONTEXT('2D SPACE',''
  ) );
#5181 = PCURVE('',#5182,#5187);
#5182 = PLANE('',#5183);
#5183 = AXIS2_PLACEMENT_3D('',#5184,#5185,#5186);
#5184 = CARTESIAN_POINT('',(0.15,-47.,-47.));
#5185 = DIRECTION('',(1.,0.,-0.));
#5186 = DIRECTION('',(0.,0.,1.));
#5187 = DEFINITIONAL_REPRESENTATION('',(#5188),#5211);
#5188 = B_SPLINE_CURVE_WITH_KNOTS('',6,(#5189,#5190,#5191,#5192,#5193,
    #5194,#5195,#5196,#5197,#5198,#5199,#5200,#5201,#5202,#5203,#5204,
    #5205,#5206,#5207,#5208,#5209,#5210),.UNSPECIFIED.,.T.,.F.,(7,5,5,5,
    7),(0.,0.251632998933,0.500950316271,0.749366440829,1.),
  .UNSPECIFIED.);
#5189 = CARTESIAN_POINT('',(33.,-8.285872511036));
#5190 = CARTESIAN_POINT('',(33.052693989766,-8.285872511036));
#5191 = CARTESIAN_POINT('',(33.105421305596,-8.302531480178));
#5192 = CARTESIAN_POINT('',(33.151522336993,-8.335898229436));
#5193 = CARTESIAN_POINT('',(33.184413776983,-8.382339729109));
#5194 = CARTESIAN_POINT('',(33.200530425542,-8.435235673078));
#5195 = CARTESIAN_POINT('',(33.199453473352,-8.540133965316));
#5196 = CARTESIAN_POINT('',(33.182564334344,-8.592204559828));
#5197 = CARTESIAN_POINT('',(33.14934249534,-8.637662992479));
#5198 = CARTESIAN_POINT('',(33.103350880231,-8.670142476889));
#5199 = CARTESIAN_POINT('',(33.05101325211,-8.686183896367));
#5200 = CARTESIAN_POINT('',(32.946785695884,-8.685561181881));
#5201 = CARTESIAN_POINT('',(32.894832068421,-8.669014662402));
#5202 = CARTESIAN_POINT('',(32.849349723761,-8.636225698024));
#5203 = CARTESIAN_POINT('',(32.816651669887,-8.590677796133));
#5204 = CARTESIAN_POINT('',(32.80020878299,-8.538690940052));
#5205 = CARTESIAN_POINT('',(32.79979254037,-8.434185960357));
#5206 = CARTESIAN_POINT('',(32.81611002112,-8.381602814557));
#5207 = CARTESIAN_POINT('',(32.849027830875,-8.33550087296));
#5208 = CARTESIAN_POINT('',(32.894997947551,-8.30239943259));
#5209 = CARTESIAN_POINT('',(32.9475153021,-8.285872511036));
#5210 = CARTESIAN_POINT('',(33.,-8.285872511036));
#5211 = ( GEOMETRIC_REPRESENTATION_CONTEXT(2)
PARAMETRIC_REPRESENTATION_CONTEXT() REPRESENTATION_CONTEXT('2D SPACE',''
  ) );
#5212 = ORIENTED_EDGE('',*,*,#5106,.T.);
#5213 = ADVANCED_FACE('',(#5214),#5070,.F.);
#5214 = FACE_BOUND('',#5215,.F.);
#5215 = EDGE_LOOP('',(#5216));
#5216 = ORIENTED_EDGE('',*,*,#5018,.T.);
#5217 = ADVANCED_FACE('',(#5218),#5182,.F.);
#5218 = FACE_BOUND('',#5219,.F.);
#5219 = EDGE_LOOP('',(#5220));
#5220 = ORIENTED_EDGE('',*,*,#5130,.F.);
#5221 = ( GEOMETRIC_REPRESENTATION_CONTEXT(3)
GLOBAL_UNCERTAINTY_ASSIGNED_CONTEXT((#5225))
GLOBAL_UNIT_ASSIGNED_CONTEXT((#5222,#5223,#5224)) REPRESENTATION_CONTEXT
('Context #1','3D Context with UNIT and UNCERTAINTY') );
#5222 = ( LENGTH_UNIT() NAMED_UNIT(*) SI_UNIT(.MILLI.,.METRE.) );
#5223 = ( NAMED_UNIT(*) PLANE_ANGLE_UNIT() SI_UNIT($,.RADIAN.) );
#5224 = ( NAMED_UNIT(*) SI_UNIT($,.STERADIAN.) SOLID_ANGLE_UNIT() );
#5225 = UNCERTAINTY_MEASURE_WITH_UNIT(LENGTH_MEASURE(5.E-07),#5222,
  'distance_accuracy_value','confusion accuracy');
#5226 = CONTEXT_DEPENDENT_SHAPE_REPRESENTATION(#5227,#5229);
#5227 = ( REPRESENTATION_RELATIONSHIP('','',#4953,#10)
REPRESENTATION_RELATIONSHIP_WITH_TRANSFORMATION(#5228)
SHAPE_REPRESENTATION_RELATIONSHIP() );
#5228 = ITEM_DEFINED_TRANSFORMATION('','',#11,#71);
#5229 = PRODUCT_DEFINITION_SHAPE('Placement','Placement of an item',
  #5230);
#5230 = NEXT_ASSEMBLY_USAGE_OCCURRENCE('15','','',#5,#4948,$);
#5231 = PRODUCT_RELATED_PRODUCT_CATEGORY('part',$,(#4950));
#5232 = SHAPE_DEFINITION_REPRESENTATION(#5233,#5239);
#5233 = PRODUCT_DEFINITION_SHAPE('','',#5234);
#5234 = PRODUCT_DEFINITION('design','',#5235,#5238);
#5235 = PRODUCT_DEFINITION_FORMATION('','',#5236);
#5236 = PRODUCT('Open CASCADE STEP translator 7.9 1.16',
  'Open CASCADE STEP translator 7.9 1.16','',(#5237));
#5237 = PRODUCT_CONTEXT('',#2,'mechanical');
#5238 = PRODUCT_DEFINITION_CONTEXT('part definition',#2,'design');
#5239 = ADVANCED_BREP_SHAPE_REPRESENTATION('',(#11,#5240),#5507);
#5240 = MANIFOLD_SOLID_BREP('',#5241);
#5241 = CLOSED_SHELL('',(#5242,#5387,#5499,#5503));
#5242 = ADVANCED_FACE('',(#5243),#5256,.T.);
#5243 = FACE_BOUND('',#5244,.T.);
#5244 = EDGE_LOOP('',(#5245,#5279,#5303,#5386));
#5245 = ORIENTED_EDGE('',*,*,#5246,.F.);
#5246 = EDGE_CURVE('',#5247,#5247,#5249,.T.);
#5247 = VERTEX_POINT('',#5248);
#5248 = CARTESIAN_POINT('',(41.18,-1.008619103778E-14,
    -4.898587196589E-17));
#5249 = SURFACE_CURVE('',#5250,(#5255,#5267),.PCURVE_S1.);
#5250 = CIRCLE('',#5251,0.2);
#5251 = AXIS2_PLACEMENT_3D('',#5252,#5253,#5254);
#5252 = CARTESIAN_POINT('',(40.98,-1.003720516581E-14,0.));
#5253 = DIRECTION('',(-2.449293598295E-16,-1.,0.));
#5254 = DIRECTION('',(1.,-2.449293598295E-16,0.));
#5255 = PCURVE('',#5256,#5261);
#5256 = TOROIDAL_SURFACE('',#5257,40.98,0.2);
#5257 = AXIS2_PLACEMENT_3D('',#5258,#5259,#5260);
#5258 = CARTESIAN_POINT('',(0.,0.,0.));
#5259 = DIRECTION('',(0.,0.,1.));
#5260 = DIRECTION('',(1.,0.,-0.));
#5261 = DEFINITIONAL_REPRESENTATION('',(#5262),#5266);
#5262 = LINE('',#5263,#5264);
#5263 = CARTESIAN_POINT('',(0.,-0.));
#5264 = VECTOR('',#5265,1.);
#5265 = DIRECTION('',(0.,1.));
#5266 = ( GEOMETRIC_REPRESENTATION_CONTEXT(2)
PARAMETRIC_REPRESENTATION_CONTEXT() REPRESENTATION_CONTEXT('2D SPACE',''
  ) );
#5267 = PCURVE('',#5268,#5273);
#5268 = TOROIDAL_SURFACE('',#5269,40.98,0.2);
#5269 = AXIS2_PLACEMENT_3D('',#5270,#5271,#5272);
#5270 = CARTESIAN_POINT('',(0.,0.,0.));
#5271 = DIRECTION('',(0.,0.,1.));
#5272 = DIRECTION('',(1.,0.,-0.));
#5273 = DEFINITIONAL_REPRESENTATION('',(#5274),#5278);
#5274 = LINE('',#5275,#5276);
#5275 = CARTESIAN_POINT('',(6.28318530718,-0.));
#5276 = VECTOR('',#5277,1.);
#5277 = DIRECTION('',(0.,1.));
#5278 = ( GEOMETRIC_REPRESENTATION_CONTEXT(2)
PARAMETRIC_REPRESENTATION_CONTEXT() REPRESENTATION_CONTEXT('2D SPACE',''
  ) );
#5279 = ORIENTED_EDGE('',*,*,#5280,.T.);
#5280 = EDGE_CURVE('',#5247,#5281,#5283,.T.);
#5281 = VERTEX_POINT('',#5282);
#5282 = CARTESIAN_POINT('',(0.15,41.179726808224,-4.898587196589E-17));
#5283 = SEAM_CURVE('',#5284,(#5289,#5296),.PCURVE_S1.);
#5284 = CIRCLE('',#5285,41.18);
#5285 = AXIS2_PLACEMENT_3D('',#5286,#5287,#5288);
#5286 = CARTESIAN_POINT('',(0.,0.,-4.898587196589E-17));
#5287 = DIRECTION('',(0.,0.,1.));
#5288 = DIRECTION('',(1.,0.,-0.));
#5289 = PCURVE('',#5256,#5290);
#5290 = DEFINITIONAL_REPRESENTATION('',(#5291),#5295);
#5291 = LINE('',#5292,#5293);
#5292 = CARTESIAN_POINT('',(0.,6.28318530718));
#5293 = VECTOR('',#5294,1.);
#5294 = DIRECTION('',(1.,0.));
#5295 = ( GEOMETRIC_REPRESENTATION_CONTEXT(2)
PARAMETRIC_REPRESENTATION_CONTEXT() REPRESENTATION_CONTEXT('2D SPACE',''
  ) );
#5296 = PCURVE('',#5256,#5297);
#5297 = DEFINITIONAL_REPRESENTATION('',(#5298),#5302);
#5298 = LINE('',#5299,#5300);
#5299 = CARTESIAN_POINT('',(0.,0.));
#5300 = VECTOR('',#5301,1.);
#5301 = DIRECTION('',(1.,0.));
#5302 = ( GEOMETRIC_REPRESENTATION_CONTEXT(2)
PARAMETRIC_REPRESENTATION_CONTEXT() REPRESENTATION_CONTEXT('2D SPACE',''
  ) );
#5303 = ORIENTED_EDGE('',*,*,#5304,.T.);
#5304 = EDGE_CURVE('',#5281,#5281,#5305,.T.);
#5305 = SURFACE_CURVE('',#5306,(#5329,#5355),.PCURVE_S1.);
#5306 = B_SPLINE_CURVE_WITH_KNOTS('',6,(#5307,#5308,#5309,#5310,#5311,
    #5312,#5313,#5314,#5315,#5316,#5317,#5318,#5319,#5320,#5321,#5322,
    #5323,#5324,#5325,#5326,#5327,#5328),.UNSPECIFIED.,.T.,.F.,(7,5,5,5,
    7),(0.,0.251632997781,0.500950313765,0.749366426145,1.),
  .UNSPECIFIED.);
#5307 = CARTESIAN_POINT('',(0.15,41.179726808224,0.));
#5308 = CARTESIAN_POINT('',(0.15,41.179726808224,5.269398861554E-02));
#5309 = CARTESIAN_POINT('',(0.15,41.163067854322,0.105421303256));
#5310 = CARTESIAN_POINT('',(0.15,41.129701135708,0.151522334587));
#5311 = CARTESIAN_POINT('',(0.15,41.083259677098,0.184413775836));
#5312 = CARTESIAN_POINT('',(0.15,41.030363779189,0.200530425183));
#5313 = CARTESIAN_POINT('',(0.15,40.925465578497,0.199453473738));
#5314 = CARTESIAN_POINT('',(0.15,40.873395029582,0.182564334724));
#5315 = CARTESIAN_POINT('',(0.15,40.827936637592,0.149342495213));
#5316 = CARTESIAN_POINT('',(0.15,40.795457183246,0.103350880735));
#5317 = CARTESIAN_POINT('',(0.15,40.779415778074,5.101325410284E-02));
#5318 = CARTESIAN_POINT('',(0.15,40.780038490317,-5.321429749638E-02));
#5319 = CARTESIAN_POINT('',(0.15,40.796584991944,-0.105167921753));
#5320 = CARTESIAN_POINT('',(0.15,40.829373921712,-0.150650265434));
#5321 = CARTESIAN_POINT('',(0.15,40.874921778215,-0.183348321503));
#5322 = CARTESIAN_POINT('',(0.15,40.926908584882,-0.199791212145));
#5323 = CARTESIAN_POINT('',(0.15,41.031413474385,-0.200207464412));
#5324 = CARTESIAN_POINT('',(0.15,41.083996579346,-0.183889986031));
#5325 = CARTESIAN_POINT('',(0.15,41.130098485537,-0.150972175438));
#5326 = CARTESIAN_POINT('',(0.15,41.163199899702,-0.105002056761));
#5327 = CARTESIAN_POINT('',(0.15,41.179726808224,-5.248470006985E-02));
#5328 = CARTESIAN_POINT('',(0.15,41.179726808224,0.));
#5329 = PCURVE('',#5256,#5330);
#5330 = DEFINITIONAL_REPRESENTATION('',(#5331),#5354);
#5331 = B_SPLINE_CURVE_WITH_KNOTS('',6,(#5332,#5333,#5334,#5335,#5336,
    #5337,#5338,#5339,#5340,#5341,#5342,#5343,#5344,#5345,#5346,#5347,
    #5348,#5349,#5350,#5351,#5352,#5353),.UNSPECIFIED.,.F.,.F.,(7,5,5,5,
    7),(0.,0.251632997781,0.500950313765,0.749366426145,1.),
  .UNSPECIFIED.);
#5332 = CARTESIAN_POINT('',(1.567153773815,0.));
#5333 = CARTESIAN_POINT('',(1.567153773815,0.263469943078));
#5334 = CARTESIAN_POINT('',(1.567152300116,0.52710738526));
#5335 = CARTESIAN_POINT('',(1.567149349382,0.790531413386));
#5336 = CARTESIAN_POINT('',(1.567145230716,1.053955423708));
#5337 = CARTESIAN_POINT('',(1.567140519975,1.317592797657));
#5338 = CARTESIAN_POINT('',(1.567131149558,1.842107928325));
#5339 = CARTESIAN_POINT('',(1.56712648405,2.103313021393));
#5340 = CARTESIAN_POINT('',(1.567122394158,2.364314796803));
#5341 = CARTESIAN_POINT('',(1.567119463782,2.625316598415));
#5342 = CARTESIAN_POINT('',(1.567118017024,2.886521759773));
#5343 = CARTESIAN_POINT('',(1.567118073192,3.407668818617));
#5344 = CARTESIAN_POINT('',(1.567119565511,3.667927467118));
#5345 = CARTESIAN_POINT('',(1.567122523585,3.927986563391));
#5346 = CARTESIAN_POINT('',(1.567126621097,4.188045644088));
#5347 = CARTESIAN_POINT('',(1.567131278741,4.448304225562));
#5348 = CARTESIAN_POINT('',(1.567140613452,4.970829317482));
#5349 = CARTESIAN_POINT('',(1.567145296075,5.233416908028));
#5350 = CARTESIAN_POINT('',(1.567149384514,5.49579551476));
#5351 = CARTESIAN_POINT('',(1.5671523118,5.758174147638));
#5352 = CARTESIAN_POINT('',(1.567153773815,6.02076180683));
#5353 = CARTESIAN_POINT('',(1.567153773815,6.28318530718));
#5354 = ( GEOMETRIC_REPRESENTATION_CONTEXT(2)
PARAMETRIC_REPRESENTATION_CONTEXT() REPRESENTATION_CONTEXT('2D SPACE',''
  ) );
#5355 = PCURVE('',#5356,#5361);
#5356 = PLANE('',#5357);
#5357 = AXIS2_PLACEMENT_3D('',#5358,#5359,#5360);
#5358 = CARTESIAN_POINT('',(0.15,-47.,-47.));
#5359 = DIRECTION('',(1.,0.,-0.));
#5360 = DIRECTION('',(0.,0.,1.));
#5361 = DEFINITIONAL_REPRESENTATION('',(#5362),#5385);
#5362 = B_SPLINE_CURVE_WITH_KNOTS('',6,(#5363,#5364,#5365,#5366,#5367,
    #5368,#5369,#5370,#5371,#5372,#5373,#5374,#5375,#5376,#5377,#5378,
    #5379,#5380,#5381,#5382,#5383,#5384),.UNSPECIFIED.,.T.,.F.,(7,5,5,5,
    7),(0.,0.251632997781,0.500950313765,0.749366426145,1.),
  .UNSPECIFIED.);
#5363 = CARTESIAN_POINT('',(47.,-88.17972680822));
#5364 = CARTESIAN_POINT('',(47.052693988616,-88.17972680822));
#5365 = CARTESIAN_POINT('',(47.105421303256,-88.16306785432));
#5366 = CARTESIAN_POINT('',(47.151522334587,-88.1297011357));
#5367 = CARTESIAN_POINT('',(47.184413775836,-88.08325967709));
#5368 = CARTESIAN_POINT('',(47.200530425183,-88.03036377918));
#5369 = CARTESIAN_POINT('',(47.199453473738,-87.92546557849));
#5370 = CARTESIAN_POINT('',(47.182564334724,-87.87339502958));
#5371 = CARTESIAN_POINT('',(47.149342495213,-87.82793663759));
#5372 = CARTESIAN_POINT('',(47.103350880735,-87.79545718324));
#5373 = CARTESIAN_POINT('',(47.051013254103,-87.77941577807));
#5374 = CARTESIAN_POINT('',(46.946785702504,-87.78003849031));
#5375 = CARTESIAN_POINT('',(46.894832078247,-87.79658499194));
#5376 = CARTESIAN_POINT('',(46.849349734566,-87.82937392171));
#5377 = CARTESIAN_POINT('',(46.816651678497,-87.87492177821));
#5378 = CARTESIAN_POINT('',(46.800208787855,-87.92690858488));
#5379 = CARTESIAN_POINT('',(46.799792535588,-88.03141347438));
#5380 = CARTESIAN_POINT('',(46.816110013969,-88.08399657934));
#5381 = CARTESIAN_POINT('',(46.849027824562,-88.13009848553));
#5382 = CARTESIAN_POINT('',(46.894997943239,-88.1631998997));
#5383 = CARTESIAN_POINT('',(46.94751529993,-88.17972680822));
#5384 = CARTESIAN_POINT('',(47.,-88.17972680822));
#5385 = ( GEOMETRIC_REPRESENTATION_CONTEXT(2)
PARAMETRIC_REPRESENTATION_CONTEXT() REPRESENTATION_CONTEXT('2D SPACE',''
  ) );
#5386 = ORIENTED_EDGE('',*,*,#5280,.F.);
#5387 = ADVANCED_FACE('',(#5388),#5268,.T.);
#5388 = FACE_BOUND('',#5389,.T.);
#5389 = EDGE_LOOP('',(#5390,#5391,#5415,#5498));
#5390 = ORIENTED_EDGE('',*,*,#5246,.T.);
#5391 = ORIENTED_EDGE('',*,*,#5392,.F.);
#5392 = EDGE_CURVE('',#5393,#5247,#5395,.T.);
#5393 = VERTEX_POINT('',#5394);
#5394 = CARTESIAN_POINT('',(0.15,-41.17972680822,-4.898587196589E-17));
#5395 = SEAM_CURVE('',#5396,(#5401,#5408),.PCURVE_S1.);
#5396 = CIRCLE('',#5397,41.18);
#5397 = AXIS2_PLACEMENT_3D('',#5398,#5399,#5400);
#5398 = CARTESIAN_POINT('',(0.,0.,-4.898587196589E-17));
#5399 = DIRECTION('',(0.,0.,1.));
#5400 = DIRECTION('',(1.,0.,-0.));
#5401 = PCURVE('',#5268,#5402);
#5402 = DEFINITIONAL_REPRESENTATION('',(#5403),#5407);
#5403 = LINE('',#5404,#5405);
#5404 = CARTESIAN_POINT('',(0.,0.));
#5405 = VECTOR('',#5406,1.);
#5406 = DIRECTION('',(1.,0.));
#5407 = ( GEOMETRIC_REPRESENTATION_CONTEXT(2)
PARAMETRIC_REPRESENTATION_CONTEXT() REPRESENTATION_CONTEXT('2D SPACE',''
  ) );
#5408 = PCURVE('',#5268,#5409);
#5409 = DEFINITIONAL_REPRESENTATION('',(#5410),#5414);
#5410 = LINE('',#5411,#5412);
#5411 = CARTESIAN_POINT('',(0.,6.28318530718));
#5412 = VECTOR('',#5413,1.);
#5413 = DIRECTION('',(1.,0.));
#5414 = ( GEOMETRIC_REPRESENTATION_CONTEXT(2)
PARAMETRIC_REPRESENTATION_CONTEXT() REPRESENTATION_CONTEXT('2D SPACE',''
  ) );
#5415 = ORIENTED_EDGE('',*,*,#5416,.F.);
#5416 = EDGE_CURVE('',#5393,#5393,#5417,.T.);
#5417 = SURFACE_CURVE('',#5418,(#5441,#5467),.PCURVE_S1.);
#5418 = B_SPLINE_CURVE_WITH_KNOTS('',6,(#5419,#5420,#5421,#5422,#5423,
    #5424,#5425,#5426,#5427,#5428,#5429,#5430,#5431,#5432,#5433,#5434,
    #5435,#5436,#5437,#5438,#5439,#5440),.UNSPECIFIED.,.T.,.F.,(7,5,5,5,
    7),(0.,0.251633000666,0.500950321105,0.749366460781,1.),
  .UNSPECIFIED.);
#5419 = CARTESIAN_POINT('',(0.15,-41.17972680822,0.));
#5420 = CARTESIAN_POINT('',(0.15,-41.17972680822,5.269398921999E-02));
#5421 = CARTESIAN_POINT('',(0.15,-41.16306785394,0.105421304467));
#5422 = CARTESIAN_POINT('',(0.15,-41.12970113455,0.151522336175));
#5423 = CARTESIAN_POINT('',(0.15,-41.08325967496,0.184413777345));
#5424 = CARTESIAN_POINT('',(0.15,-41.03036377615,0.200530426108));
#5425 = CARTESIAN_POINT('',(0.15,-40.92546557394,0.199453472743));
#5426 = CARTESIAN_POINT('',(0.15,-40.8733950244,0.182564332191));
#5427 = CARTESIAN_POINT('',(0.15,-40.82793663244,0.149342490674));
#5428 = CARTESIAN_POINT('',(0.15,-40.79545717904,0.103350874102));
#5429 = CARTESIAN_POINT('',(0.15,-40.77941577571,5.101324579019E-02));
#5430 = CARTESIAN_POINT('',(0.15,-40.7800384928,-5.321431242936E-02));
#5431 = CARTESIAN_POINT('',(0.15,-40.79658500043,-0.105167941634));
#5432 = CARTESIAN_POINT('',(0.15,-40.82937393948,-0.150650287381));
#5433 = CARTESIAN_POINT('',(0.15,-40.8749218067,-0.183348340711));
#5434 = CARTESIAN_POINT('',(0.15,-40.92690862267,-0.199791223624));
#5435 = CARTESIAN_POINT('',(0.15,-41.03141351072,-0.200207453128));
#5436 = CARTESIAN_POINT('',(0.15,-41.08399660484,-0.183889967834));
#5437 = CARTESIAN_POINT('',(0.15,-41.13009849928,-0.150972156359));
#5438 = CARTESIAN_POINT('',(0.15,-41.16319990426,-0.105002042231));
#5439 = CARTESIAN_POINT('',(0.15,-41.17972680822,-5.248469281626E-02));
#5440 = CARTESIAN_POINT('',(0.15,-41.17972680822,0.));
#5441 = PCURVE('',#5268,#5442);
#5442 = DEFINITIONAL_REPRESENTATION('',(#5443),#5466);
#5443 = B_SPLINE_CURVE_WITH_KNOTS('',6,(#5444,#5445,#5446,#5447,#5448,
    #5449,#5450,#5451,#5452,#5453,#5454,#5455,#5456,#5457,#5458,#5459,
    #5460,#5461,#5462,#5463,#5464,#5465),.UNSPECIFIED.,.F.,.F.,(7,5,5,5,
    7),(0.,0.251633000666,0.500950321105,0.749366460781,1.),
  .UNSPECIFIED.);
#5444 = CARTESIAN_POINT('',(4.716031533364,0.));
#5445 = CARTESIAN_POINT('',(4.716031533364,0.2634699461));
#5446 = CARTESIAN_POINT('',(4.716033007064,0.527107391314));
#5447 = CARTESIAN_POINT('',(4.716035957798,0.79053142246));
#5448 = CARTESIAN_POINT('',(4.716040076464,1.0539554358));
#5449 = CARTESIAN_POINT('',(4.716044787205,1.317592812782));
#5450 = CARTESIAN_POINT('',(4.716054157622,1.842107951137));
#5451 = CARTESIAN_POINT('',(4.71605882313,2.103313048885));
#5452 = CARTESIAN_POINT('',(4.716062913022,2.364314828955));
#5453 = CARTESIAN_POINT('',(4.716065843398,2.625316635228));
#5454 = CARTESIAN_POINT('',(4.716067290155,2.886521801265));
#5455 = CARTESIAN_POINT('',(4.716067233988,3.407668893355));
#5456 = CARTESIAN_POINT('',(4.716065741668,3.667927570521));
#5457 = CARTESIAN_POINT('',(4.716062783593,3.927986695352));
#5458 = CARTESIAN_POINT('',(4.71605868608,4.188045804598));
#5459 = CARTESIAN_POINT('',(4.716054028435,4.448304414743));
#5460 = CARTESIAN_POINT('',(4.716044693725,4.970829498977));
#5461 = CARTESIAN_POINT('',(4.716040011102,5.233417053136));
#5462 = CARTESIAN_POINT('',(4.716035922665,5.495795623645));
#5463 = CARTESIAN_POINT('',(4.716032995379,5.758174220284));
#5464 = CARTESIAN_POINT('',(4.716031533364,6.020761843098));
#5465 = CARTESIAN_POINT('',(4.716031533364,6.28318530718));
#5466 = ( GEOMETRIC_REPRESENTATION_CONTEXT(2)
PARAMETRIC_REPRESENTATION_CONTEXT() REPRESENTATION_CONTEXT('2D SPACE',''
  ) );
#5467 = PCURVE('',#5468,#5473);
#5468 = PLANE('',#5469);
#5469 = AXIS2_PLACEMENT_3D('',#5470,#5471,#5472);
#5470 = CARTESIAN_POINT('',(0.15,-47.,-47.));
#5471 = DIRECTION('',(1.,0.,-0.));
#5472 = DIRECTION('',(0.,0.,1.));
#5473 = DEFINITIONAL_REPRESENTATION('',(#5474),#5497);
#5474 = B_SPLINE_CURVE_WITH_KNOTS('',6,(#5475,#5476,#5477,#5478,#5479,
    #5480,#5481,#5482,#5483,#5484,#5485,#5486,#5487,#5488,#5489,#5490,
    #5491,#5492,#5493,#5494,#5495,#5496),.UNSPECIFIED.,.T.,.F.,(7,5,5,5,
    7),(0.,0.251633000666,0.500950321105,0.749366460781,1.),
  .UNSPECIFIED.);
#5475 = CARTESIAN_POINT('',(47.,-5.820273191776));
#5476 = CARTESIAN_POINT('',(47.05269398922,-5.820273191776));
#5477 = CARTESIAN_POINT('',(47.105421304467,-5.83693214606));
#5478 = CARTESIAN_POINT('',(47.151522336175,-5.870298865442));
#5479 = CARTESIAN_POINT('',(47.184413777345,-5.916740325034));
#5480 = CARTESIAN_POINT('',(47.200530426108,-5.969636223845));
#5481 = CARTESIAN_POINT('',(47.199453472743,-6.074534426056));
#5482 = CARTESIAN_POINT('',(47.182564332191,-6.126604975594));
#5483 = CARTESIAN_POINT('',(47.149342490674,-6.172063367557));
#5484 = CARTESIAN_POINT('',(47.103350874102,-6.204542820951));
#5485 = CARTESIAN_POINT('',(47.05101324579,-6.220584224286));
#5486 = CARTESIAN_POINT('',(46.946785687571,-6.219961507192));
#5487 = CARTESIAN_POINT('',(46.894832058366,-6.203414999566));
#5488 = CARTESIAN_POINT('',(46.849349712619,-6.170626060511));
#5489 = CARTESIAN_POINT('',(46.816651659289,-6.125078193295));
#5490 = CARTESIAN_POINT('',(46.800208776376,-6.073091377327));
#5491 = CARTESIAN_POINT('',(46.799792546872,-5.968586489271));
#5492 = CARTESIAN_POINT('',(46.816110032166,-5.916003395158));
#5493 = CARTESIAN_POINT('',(46.849027843641,-5.869901500719));
#5494 = CARTESIAN_POINT('',(46.894997957769,-5.836800095731));
#5495 = CARTESIAN_POINT('',(46.947515307184,-5.820273191776));
#5496 = CARTESIAN_POINT('',(47.,-5.820273191776));
#5497 = ( GEOMETRIC_REPRESENTATION_CONTEXT(2)
PARAMETRIC_REPRESENTATION_CONTEXT() REPRESENTATION_CONTEXT('2D SPACE',''
  ) );
#5498 = ORIENTED_EDGE('',*,*,#5392,.T.);
#5499 = ADVANCED_FACE('',(#5500),#5356,.F.);
#5500 = FACE_BOUND('',#5501,.F.);
#5501 = EDGE_LOOP('',(#5502));
#5502 = ORIENTED_EDGE('',*,*,#5304,.T.);
#5503 = ADVANCED_FACE('',(#5504),#5468,.F.);
#5504 = FACE_BOUND('',#5505,.F.);
#5505 = EDGE_LOOP('',(#5506));
#5506 = ORIENTED_EDGE('',*,*,#5416,.F.);
#5507 = ( GEOMETRIC_REPRESENTATION_CONTEXT(3)
GLOBAL_UNCERTAINTY_ASSIGNED_CONTEXT((#5511))
GLOBAL_UNIT_ASSIGNED_CONTEXT((#5508,#5509,#5510)) REPRESENTATION_CONTEXT
('Context #1','3D Context with UNIT and UNCERTAINTY') );
#5508 = ( LENGTH_UNIT() NAMED_UNIT(*) SI_UNIT(.MILLI.,.METRE.) );
#5509 = ( NAMED_UNIT(*) PLANE_ANGLE_UNIT() SI_UNIT($,.RADIAN.) );
#5510 = ( NAMED_UNIT(*) SI_UNIT($,.STERADIAN.) SOLID_ANGLE_UNIT() );
#5511 = UNCERTAINTY_MEASURE_WITH_UNIT(LENGTH_MEASURE(5.E-07),#5508,
  'distance_accuracy_value','confusion accuracy');
#5512 = CONTEXT_DEPENDENT_SHAPE_REPRESENTATION(#5513,#5515);
#5513 = ( REPRESENTATION_RELATIONSHIP('','',#5239,#10)
REPRESENTATION_RELATIONSHIP_WITH_TRANSFORMATION(#5514)
SHAPE_REPRESENTATION_RELATIONSHIP() );
#5514 = ITEM_DEFINED_TRANSFORMATION('','',#11,#75);
#5515 = PRODUCT_DEFINITION_SHAPE('Placement','Placement of an item',
  #5516);
#5516 = NEXT_ASSEMBLY_USAGE_OCCURRENCE('16','','',#5,#5234,$);
#5517 = PRODUCT_RELATED_PRODUCT_CATEGORY('part',$,(#5236));
#5518 = SHAPE_DEFINITION_REPRESENTATION(#5519,#5525);
#5519 = PRODUCT_DEFINITION_SHAPE('','',#5520);
#5520 = PRODUCT_DEFINITION('design','',#5521,#5524);
#5521 = PRODUCT_DEFINITION_FORMATION('','',#5522);
#5522 = PRODUCT('Open CASCADE STEP translator 7.9 1.17',
  'Open CASCADE STEP translator 7.9 1.17','',(#5523));
#5523 = PRODUCT_CONTEXT('',#2,'mechanical');
#5524 = PRODUCT_DEFINITION_CONTEXT('part definition',#2,'design');
#5525 = ADVANCED_BREP_SHAPE_REPRESENTATION('',(#11,#5526),#5793);
#5526 = MANIFOLD_SOLID_BREP('',#5527);
#5527 = CLOSED_SHELL('',(#5528,#5673,#5785,#5789));
#5528 = ADVANCED_FACE('',(#5529),#5542,.T.);
#5529 = FACE_BOUND('',#5530,.T.);
#5530 = EDGE_LOOP('',(#5531,#5565,#5589,#5672));
#5531 = ORIENTED_EDGE('',*,*,#5532,.F.);
#5532 = EDGE_CURVE('',#5533,#5533,#5535,.T.);
#5533 = VERTEX_POINT('',#5534);
#5534 = CARTESIAN_POINT('',(38.714418079467,-9.482297636374E-15,14.));
#5535 = SURFACE_CURVE('',#5536,(#5541,#5553),.PCURVE_S1.);
#5536 = CIRCLE('',#5537,0.2);
#5537 = AXIS2_PLACEMENT_3D('',#5538,#5539,#5540);
#5538 = CARTESIAN_POINT('',(38.514418079467,-9.433311764409E-15,14.));
#5539 = DIRECTION('',(-2.449293598295E-16,-1.,0.));
#5540 = DIRECTION('',(1.,-2.449293598295E-16,0.));
#5541 = PCURVE('',#5542,#5547);
#5542 = TOROIDAL_SURFACE('',#5543,38.514418079467,0.2);
#5543 = AXIS2_PLACEMENT_3D('',#5544,#5545,#5546);
#5544 = CARTESIAN_POINT('',(0.,0.,14.));
#5545 = DIRECTION('',(0.,0.,1.));
#5546 = DIRECTION('',(1.,0.,-0.));
#5547 = DEFINITIONAL_REPRESENTATION('',(#5548),#5552);
#5548 = LINE('',#5549,#5550);
#5549 = CARTESIAN_POINT('',(0.,-0.));
#5550 = VECTOR('',#5551,1.);
#5551 = DIRECTION('',(0.,1.));
#5552 = ( GEOMETRIC_REPRESENTATION_CONTEXT(2)
PARAMETRIC_REPRESENTATION_CONTEXT() REPRESENTATION_CONTEXT('2D SPACE',''
  ) );
#5553 = PCURVE('',#5554,#5559);
#5554 = TOROIDAL_SURFACE('',#5555,38.514418079467,0.2);
#5555 = AXIS2_PLACEMENT_3D('',#5556,#5557,#5558);
#5556 = CARTESIAN_POINT('',(0.,0.,14.));
#5557 = DIRECTION('',(0.,0.,1.));
#5558 = DIRECTION('',(1.,0.,-0.));
#5559 = DEFINITIONAL_REPRESENTATION('',(#5560),#5564);
#5560 = LINE('',#5561,#5562);
#5561 = CARTESIAN_POINT('',(6.28318530718,-0.));
#5562 = VECTOR('',#5563,1.);
#5563 = DIRECTION('',(0.,1.));
#5564 = ( GEOMETRIC_REPRESENTATION_CONTEXT(2)
PARAMETRIC_REPRESENTATION_CONTEXT() REPRESENTATION_CONTEXT('2D SPACE',''
  ) );
#5565 = ORIENTED_EDGE('',*,*,#5566,.T.);
#5566 = EDGE_CURVE('',#5533,#5567,#5569,.T.);
#5567 = VERTEX_POINT('',#5568);
#5568 = CARTESIAN_POINT('',(0.15,38.714127488964,14.));
#5569 = SEAM_CURVE('',#5570,(#5575,#5582),.PCURVE_S1.);
#5570 = CIRCLE('',#5571,38.714418079467);
#5571 = AXIS2_PLACEMENT_3D('',#5572,#5573,#5574);
#5572 = CARTESIAN_POINT('',(0.,0.,14.));
#5573 = DIRECTION('',(0.,0.,1.));
#5574 = DIRECTION('',(1.,0.,-0.));
#5575 = PCURVE('',#5542,#5576);
#5576 = DEFINITIONAL_REPRESENTATION('',(#5577),#5581);
#5577 = LINE('',#5578,#5579);
#5578 = CARTESIAN_POINT('',(0.,6.28318530718));
#5579 = VECTOR('',#5580,1.);
#5580 = DIRECTION('',(1.,0.));
#5581 = ( GEOMETRIC_REPRESENTATION_CONTEXT(2)
PARAMETRIC_REPRESENTATION_CONTEXT() REPRESENTATION_CONTEXT('2D SPACE',''
  ) );
#5582 = PCURVE('',#5542,#5583);
#5583 = DEFINITIONAL_REPRESENTATION('',(#5584),#5588);
#5584 = LINE('',#5585,#5586);
#5585 = CARTESIAN_POINT('',(0.,0.));
#5586 = VECTOR('',#5587,1.);
#5587 = DIRECTION('',(1.,0.));
#5588 = ( GEOMETRIC_REPRESENTATION_CONTEXT(2)
PARAMETRIC_REPRESENTATION_CONTEXT() REPRESENTATION_CONTEXT('2D SPACE',''
  ) );
#5589 = ORIENTED_EDGE('',*,*,#5590,.T.);
#5590 = EDGE_CURVE('',#5567,#5567,#5591,.T.);
#5591 = SURFACE_CURVE('',#5592,(#5615,#5641),.PCURVE_S1.);
#5592 = B_SPLINE_CURVE_WITH_KNOTS('',6,(#5593,#5594,#5595,#5596,#5597,
    #5598,#5599,#5600,#5601,#5602,#5603,#5604,#5605,#5606,#5607,#5608,
    #5609,#5610,#5611,#5612,#5613,#5614),.UNSPECIFIED.,.T.,.F.,(7,5,5,5,
    7),(0.,0.251632997345,0.500950312224,0.749366418838,1.),
  .UNSPECIFIED.);
#5593 = CARTESIAN_POINT('',(0.15,38.714127488964,14.));
#5594 = CARTESIAN_POINT('',(0.15,38.714127488964,14.052693989433));
#5595 = CARTESIAN_POINT('',(0.15,38.697468520032,14.105421304929));
#5596 = CARTESIAN_POINT('',(0.15,38.664101771197,14.151522336119));
#5597 = CARTESIAN_POINT('',(0.15,38.617660272064,14.184413776152));
#5598 = CARTESIAN_POINT('',(0.15,38.564764328591,14.200530425033));
#5599 = CARTESIAN_POINT('',(0.15,38.45986603719,14.199453473899));
#5600 = CARTESIAN_POINT('',(0.15,38.407795443024,14.182564335739));
#5601 = CARTESIAN_POINT('',(0.15,38.362337010359,14.14934249784));
#5602 = CARTESIAN_POINT('',(0.15,38.329857525425,14.103350883887));
#5603 = CARTESIAN_POINT('',(0.15,38.313816104935,14.051013256693));
#5604 = CARTESIAN_POINT('',(0.15,38.314438816742,13.946785704724));
#5605 = CARTESIAN_POINT('',(0.15,38.330985332531,13.894832080595));
#5606 = CARTESIAN_POINT('',(0.15,38.363774291026,13.849349737454));
#5607 = CARTESIAN_POINT('',(0.15,38.409322186034,13.816651682003));
#5608 = CARTESIAN_POINT('',(0.15,38.461309036081,13.800208790278));
#5609 = CARTESIAN_POINT('',(0.15,38.565814016566,13.799792533205));
#5610 = CARTESIAN_POINT('',(0.15,38.618397169255,13.816110009566));
#5611 = CARTESIAN_POINT('',(0.15,38.664499118314,13.849027818762));
#5612 = CARTESIAN_POINT('',(0.15,38.69760056451,13.894997938325));
#5613 = CARTESIAN_POINT('',(0.15,38.714127488964,13.947515297495));
#5614 = CARTESIAN_POINT('',(0.15,38.714127488964,14.));
#5615 = PCURVE('',#5542,#5616);
#5616 = DEFINITIONAL_REPRESENTATION('',(#5617),#5640);
#5617 = B_SPLINE_CURVE_WITH_KNOTS('',6,(#5618,#5619,#5620,#5621,#5622,
    #5623,#5624,#5625,#5626,#5627,#5628,#5629,#5630,#5631,#5632,#5633,
    #5634,#5635,#5636,#5637,#5638,#5639),.UNSPECIFIED.,.F.,.F.,(7,5,5,5,
    7),(0.,0.251632997345,0.500950312224,0.749366418838,1.),
  .UNSPECIFIED.);
#5618 = CARTESIAN_POINT('',(1.566921791603,0.));
#5619 = CARTESIAN_POINT('',(1.566921791603,0.263469947166));
#5620 = CARTESIAN_POINT('',(1.566920124205,0.527107393542));
#5621 = CARTESIAN_POINT('',(1.566916785706,0.790531422887));
#5622 = CARTESIAN_POINT('',(1.566912124955,1.053955430946));
#5623 = CARTESIAN_POINT('',(1.566906792776,1.317592799979));
#5624 = CARTESIAN_POINT('',(1.566896184146,1.842107919839));
#5625 = CARTESIAN_POINT('',(1.566890901111,2.103313007368));
#5626 = CARTESIAN_POINT('',(1.566886268658,2.364314779858));
#5627 = CARTESIAN_POINT('',(1.566882948938,2.625316581996));
#5628 = CARTESIAN_POINT('',(1.566881309998,2.886521746836));
#5629 = CARTESIAN_POINT('',(1.566881373626,3.407668807498));
#5630 = CARTESIAN_POINT('',(1.566883064182,3.667927454481));
#5631 = CARTESIAN_POINT('',(1.566886415263,3.927986546291));
#5632 = CARTESIAN_POINT('',(1.566891056316,4.188045619105));
#5633 = CARTESIAN_POINT('',(1.566896330419,4.448304190109));
#5634 = CARTESIAN_POINT('',(1.566906898583,4.970829274489));
#5635 = CARTESIAN_POINT('',(1.566912198916,5.233416868312));
#5636 = CARTESIAN_POINT('',(1.566916825453,5.495795480929));
#5637 = CARTESIAN_POINT('',(1.566920137425,5.75817412315));
#5638 = CARTESIAN_POINT('',(1.566921791603,6.020761794652));
#5639 = CARTESIAN_POINT('',(1.566921791603,6.28318530718));
#5640 = ( GEOMETRIC_REPRESENTATION_CONTEXT(2)
PARAMETRIC_REPRESENTATION_CONTEXT() REPRESENTATION_CONTEXT('2D SPACE',''
  ) );
#5641 = PCURVE('',#5642,#5647);
#5642 = PLANE('',#5643);
#5643 = AXIS2_PLACEMENT_3D('',#5644,#5645,#5646);
#5644 = CARTESIAN_POINT('',(0.15,-47.,-47.));
#5645 = DIRECTION('',(1.,0.,-0.));
#5646 = DIRECTION('',(0.,0.,1.));
#5647 = DEFINITIONAL_REPRESENTATION('',(#5648),#5671);
#5648 = B_SPLINE_CURVE_WITH_KNOTS('',6,(#5649,#5650,#5651,#5652,#5653,
    #5654,#5655,#5656,#5657,#5658,#5659,#5660,#5661,#5662,#5663,#5664,
    #5665,#5666,#5667,#5668,#5669,#5670),.UNSPECIFIED.,.T.,.F.,(7,5,5,5,
    7),(0.,0.251632997345,0.500950312224,0.749366418838,1.),
  .UNSPECIFIED.);
#5649 = CARTESIAN_POINT('',(61.,-85.71412748896));
#5650 = CARTESIAN_POINT('',(61.052693989433,-85.71412748896));
#5651 = CARTESIAN_POINT('',(61.105421304929,-85.69746852003));
#5652 = CARTESIAN_POINT('',(61.151522336119,-85.66410177119));
#5653 = CARTESIAN_POINT('',(61.184413776152,-85.61766027206));
#5654 = CARTESIAN_POINT('',(61.200530425033,-85.56476432859));
#5655 = CARTESIAN_POINT('',(61.199453473899,-85.45986603719));
#5656 = CARTESIAN_POINT('',(61.182564335739,-85.40779544302));
#5657 = CARTESIAN_POINT('',(61.14934249784,-85.36233701035));
#5658 = CARTESIAN_POINT('',(61.103350883887,-85.32985752542));
#5659 = CARTESIAN_POINT('',(61.051013256693,-85.31381610493));
#5660 = CARTESIAN_POINT('',(60.946785704724,-85.31443881674));
#5661 = CARTESIAN_POINT('',(60.894832080595,-85.33098533253));
#5662 = CARTESIAN_POINT('',(60.849349737454,-85.36377429102));
#5663 = CARTESIAN_POINT('',(60.816651682003,-85.40932218603));
#5664 = CARTESIAN_POINT('',(60.800208790278,-85.46130903608));
#5665 = CARTESIAN_POINT('',(60.799792533205,-85.56581401656));
#5666 = CARTESIAN_POINT('',(60.816110009566,-85.61839716925));
#5667 = CARTESIAN_POINT('',(60.849027818762,-85.66449911831));
#5668 = CARTESIAN_POINT('',(60.894997938325,-85.69760056451));
#5669 = CARTESIAN_POINT('',(60.947515297495,-85.71412748896));
#5670 = CARTESIAN_POINT('',(61.,-85.71412748896));
#5671 = ( GEOMETRIC_REPRESENTATION_CONTEXT(2)
PARAMETRIC_REPRESENTATION_CONTEXT() REPRESENTATION_CONTEXT('2D SPACE',''
  ) );
#5672 = ORIENTED_EDGE('',*,*,#5566,.F.);
#5673 = ADVANCED_FACE('',(#5674),#5554,.T.);
#5674 = FACE_BOUND('',#5675,.T.);
#5675 = EDGE_LOOP('',(#5676,#5677,#5701,#5784));
#5676 = ORIENTED_EDGE('',*,*,#5532,.T.);
#5677 = ORIENTED_EDGE('',*,*,#5678,.F.);
#5678 = EDGE_CURVE('',#5679,#5533,#5681,.T.);
#5679 = VERTEX_POINT('',#5680);
#5680 = CARTESIAN_POINT('',(0.15,-38.71412748896,14.));
#5681 = SEAM_CURVE('',#5682,(#5687,#5694),.PCURVE_S1.);
#5682 = CIRCLE('',#5683,38.714418079467);
#5683 = AXIS2_PLACEMENT_3D('',#5684,#5685,#5686);
#5684 = CARTESIAN_POINT('',(0.,0.,14.));
#5685 = DIRECTION('',(0.,0.,1.));
#5686 = DIRECTION('',(1.,0.,-0.));
#5687 = PCURVE('',#5554,#5688);
#5688 = DEFINITIONAL_REPRESENTATION('',(#5689),#5693);
#5689 = LINE('',#5690,#5691);
#5690 = CARTESIAN_POINT('',(0.,0.));
#5691 = VECTOR('',#5692,1.);
#5692 = DIRECTION('',(1.,0.));
#5693 = ( GEOMETRIC_REPRESENTATION_CONTEXT(2)
PARAMETRIC_REPRESENTATION_CONTEXT() REPRESENTATION_CONTEXT('2D SPACE',''
  ) );
#5694 = PCURVE('',#5554,#5695);
#5695 = DEFINITIONAL_REPRESENTATION('',(#5696),#5700);
#5696 = LINE('',#5697,#5698);
#5697 = CARTESIAN_POINT('',(0.,6.28318530718));
#5698 = VECTOR('',#5699,1.);
#5699 = DIRECTION('',(1.,0.));
#5700 = ( GEOMETRIC_REPRESENTATION_CONTEXT(2)
PARAMETRIC_REPRESENTATION_CONTEXT() REPRESENTATION_CONTEXT('2D SPACE',''
  ) );
#5701 = ORIENTED_EDGE('',*,*,#5702,.F.);
#5702 = EDGE_CURVE('',#5679,#5679,#5703,.T.);
#5703 = SURFACE_CURVE('',#5704,(#5727,#5753),.PCURVE_S1.);
#5704 = B_SPLINE_CURVE_WITH_KNOTS('',6,(#5705,#5706,#5707,#5708,#5709,
    #5710,#5711,#5712,#5713,#5714,#5715,#5716,#5717,#5718,#5719,#5720,
    #5721,#5722,#5723,#5724,#5725,#5726),.UNSPECIFIED.,.T.,.F.,(7,5,5,5,
    7),(0.,0.251632998933,0.500950316271,0.749366440829,1.),
  .UNSPECIFIED.);
#5705 = CARTESIAN_POINT('',(0.15,-38.71412748896,14.));
#5706 = CARTESIAN_POINT('',(0.15,-38.71412748896,14.052693989766));
#5707 = CARTESIAN_POINT('',(0.15,-38.69746851982,14.105421305596));
#5708 = CARTESIAN_POINT('',(0.15,-38.66410177056,14.151522336993));
#5709 = CARTESIAN_POINT('',(0.15,-38.61766027089,14.184413776983));
#5710 = CARTESIAN_POINT('',(0.15,-38.56476432692,14.200530425542));
#5711 = CARTESIAN_POINT('',(0.15,-38.45986603468,14.199453473352));
#5712 = CARTESIAN_POINT('',(0.15,-38.40779544017,14.182564334344));
#5713 = CARTESIAN_POINT('',(0.15,-38.36233700752,14.14934249534));
#5714 = CARTESIAN_POINT('',(0.15,-38.32985752311,14.103350880231));
#5715 = CARTESIAN_POINT('',(0.15,-38.31381610363,14.05101325211));
#5716 = CARTESIAN_POINT('',(0.15,-38.31443881811,13.946785695884));
#5717 = CARTESIAN_POINT('',(0.15,-38.33098533759,13.894832068421));
#5718 = CARTESIAN_POINT('',(0.15,-38.36377430197,13.849349723761));
#5719 = CARTESIAN_POINT('',(0.15,-38.40932220386,13.816651669887));
#5720 = CARTESIAN_POINT('',(0.15,-38.46130905994,13.80020878299));
#5721 = CARTESIAN_POINT('',(0.15,-38.56581403964,13.79979254037));
#5722 = CARTESIAN_POINT('',(0.15,-38.61839718544,13.81611002112));
#5723 = CARTESIAN_POINT('',(0.15,-38.66449912704,13.849027830875));
#5724 = CARTESIAN_POINT('',(0.15,-38.69760056741,13.894997947551));
#5725 = CARTESIAN_POINT('',(0.15,-38.71412748896,13.9475153021));
#5726 = CARTESIAN_POINT('',(0.15,-38.71412748896,14.));
#5727 = PCURVE('',#5554,#5728);
#5728 = DEFINITIONAL_REPRESENTATION('',(#5729),#5752);
#5729 = B_SPLINE_CURVE_WITH_KNOTS('',6,(#5730,#5731,#5732,#5733,#5734,
    #5735,#5736,#5737,#5738,#5739,#5740,#5741,#5742,#5743,#5744,#5745,
    #5746,#5747,#5748,#5749,#5750,#5751),.UNSPECIFIED.,.F.,.F.,(7,5,5,5,
    7),(0.,0.251632998933,0.500950316271,0.749366440829,1.),
  .UNSPECIFIED.);
#5730 = CARTESIAN_POINT('',(4.716263515577,0.));
#5731 = CARTESIAN_POINT('',(4.716263515577,0.263469948829));
#5732 = CARTESIAN_POINT('',(4.716265182974,0.527107396874));
#5733 = CARTESIAN_POINT('',(4.716268521474,0.79053142788));
#5734 = CARTESIAN_POINT('',(4.716273182224,1.0539554376));
#5735 = CARTESIAN_POINT('',(4.716278514404,1.317592808301));
#5736 = CARTESIAN_POINT('',(4.716289123034,1.842107932401));
#5737 = CARTESIAN_POINT('',(4.716294406068,2.103313022513));
#5738 = CARTESIAN_POINT('',(4.716299038521,2.364314797577));
#5739 = CARTESIAN_POINT('',(4.716302358242,2.625316602289));
#5740 = CARTESIAN_POINT('',(4.716303997182,2.886521769712));
#5741 = CARTESIAN_POINT('',(4.716303933553,3.40766885174));
#5742 = CARTESIAN_POINT('',(4.716302242998,3.667927517567));
#5743 = CARTESIAN_POINT('',(4.716298891915,3.927986628153));
#5744 = CARTESIAN_POINT('',(4.716294250861,4.188045719734));
#5745 = CARTESIAN_POINT('',(4.716288976758,4.448304309587));
#5746 = CARTESIAN_POINT('',(4.716278408594,4.970829389728));
#5747 = CARTESIAN_POINT('',(4.716273108262,5.233416960446));
#5748 = CARTESIAN_POINT('',(4.716268481725,5.495795550067));
#5749 = CARTESIAN_POINT('',(4.716265169754,5.758174169275));
#5750 = CARTESIAN_POINT('',(4.716263515577,6.020761817681));
#5751 = CARTESIAN_POINT('',(4.716263515577,6.28318530718));
#5752 = ( GEOMETRIC_REPRESENTATION_CONTEXT(2)
PARAMETRIC_REPRESENTATION_CONTEXT() REPRESENTATION_CONTEXT('2D SPACE',''
  ) );
#5753 = PCURVE('',#5754,#5759);
#5754 = PLANE('',#5755);
#5755 = AXIS2_PLACEMENT_3D('',#5756,#5757,#5758);
#5756 = CARTESIAN_POINT('',(0.15,-47.,-47.));
#5757 = DIRECTION('',(1.,0.,-0.));
#5758 = DIRECTION('',(0.,0.,1.));
#5759 = DEFINITIONAL_REPRESENTATION('',(#5760),#5783);
#5760 = B_SPLINE_CURVE_WITH_KNOTS('',6,(#5761,#5762,#5763,#5764,#5765,
    #5766,#5767,#5768,#5769,#5770,#5771,#5772,#5773,#5774,#5775,#5776,
    #5777,#5778,#5779,#5780,#5781,#5782),.UNSPECIFIED.,.T.,.F.,(7,5,5,5,
    7),(0.,0.251632998933,0.500950316271,0.749366440829,1.),
  .UNSPECIFIED.);
#5761 = CARTESIAN_POINT('',(61.,-8.285872511036));
#5762 = CARTESIAN_POINT('',(61.052693989766,-8.285872511036));
#5763 = CARTESIAN_POINT('',(61.105421305596,-8.302531480178));
#5764 = CARTESIAN_POINT('',(61.151522336993,-8.335898229436));
#5765 = CARTESIAN_POINT('',(61.184413776983,-8.382339729109));
#5766 = CARTESIAN_POINT('',(61.200530425542,-8.435235673078));
#5767 = CARTESIAN_POINT('',(61.199453473352,-8.540133965316));
#5768 = CARTESIAN_POINT('',(61.182564334344,-8.592204559828));
#5769 = CARTESIAN_POINT('',(61.14934249534,-8.637662992479));
#5770 = CARTESIAN_POINT('',(61.103350880231,-8.670142476889));
#5771 = CARTESIAN_POINT('',(61.05101325211,-8.686183896367));
#5772 = CARTESIAN_POINT('',(60.946785695884,-8.685561181881));
#5773 = CARTESIAN_POINT('',(60.894832068421,-8.669014662402));
#5774 = CARTESIAN_POINT('',(60.849349723761,-8.636225698024));
#5775 = CARTESIAN_POINT('',(60.816651669887,-8.590677796133));
#5776 = CARTESIAN_POINT('',(60.80020878299,-8.538690940052));
#5777 = CARTESIAN_POINT('',(60.79979254037,-8.434185960357));
#5778 = CARTESIAN_POINT('',(60.81611002112,-8.381602814557));
#5779 = CARTESIAN_POINT('',(60.849027830875,-8.33550087296));
#5780 = CARTESIAN_POINT('',(60.894997947551,-8.30239943259));
#5781 = CARTESIAN_POINT('',(60.9475153021,-8.285872511036));
#5782 = CARTESIAN_POINT('',(61.,-8.285872511036));
#5783 = ( GEOMETRIC_REPRESENTATION_CONTEXT(2)
PARAMETRIC_REPRESENTATION_CONTEXT() REPRESENTATION_CONTEXT('2D SPACE',''
  ) );
#5784 = ORIENTED_EDGE('',*,*,#5678,.T.);
#5785 = ADVANCED_FACE('',(#5786),#5642,.F.);
#5786 = FACE_BOUND('',#5787,.F.);
#5787 = EDGE_LOOP('',(#5788));
#5788 = ORIENTED_EDGE('',*,*,#5590,.T.);
#5789 = ADVANCED_FACE('',(#5790),#5754,.F.);
#5790 = FACE_BOUND('',#5791,.F.);
#5791 = EDGE_LOOP('',(#5792));
#5792 = ORIENTED_EDGE('',*,*,#5702,.F.);
#5793 = ( GEOMETRIC_REPRESENTATION_CONTEXT(3)
GLOBAL_UNCERTAINTY_ASSIGNED_CONTEXT((#5797))
GLOBAL_UNIT_ASSIGNED_CONTEXT((#5794,#5795,#5796)) REPRESENTATION_CONTEXT
('Context #1','3D Context with UNIT and UNCERTAINTY') );
#5794 = ( LENGTH_UNIT() NAMED_UNIT(*) SI_UNIT(.MILLI.,.METRE.) );
#5795 = ( NAMED_UNIT(*) PLANE_ANGLE_UNIT() SI_UNIT($,.RADIAN.) );
#5796 = ( NAMED_UNIT(*) SI_UNIT($,.STERADIAN.) SOLID_ANGLE_UNIT() );
#5797 = UNCERTAINTY_MEASURE_WITH_UNIT(LENGTH_MEASURE(5.E-07),#5794,
  'distance_accuracy_value','confusion accuracy');
#5798 = CONTEXT_DEPENDENT_SHAPE_REPRESENTATION(#5799,#5801);
#5799 = ( REPRESENTATION_RELATIONSHIP('','',#5525,#10)
REPRESENTATION_RELATIONSHIP_WITH_TRANSFORMATION(#5800)
SHAPE_REPRESENTATION_RELATIONSHIP() );
#5800 = ITEM_DEFINED_TRANSFORMATION('','',#11,#79);
#5801 = PRODUCT_DEFINITION_SHAPE('Placement','Placement of an item',
  #5802);
#5802 = NEXT_ASSEMBLY_USAGE_OCCURRENCE('17','','',#5,#5520,$);
#5803 = PRODUCT_RELATED_PRODUCT_CATEGORY('part',$,(#5522));
#5804 = SHAPE_DEFINITION_REPRESENTATION(#5805,#5811);
#5805 = PRODUCT_DEFINITION_SHAPE('','',#5806);
#5806 = PRODUCT_DEFINITION('design','',#5807,#5810);
#5807 = PRODUCT_DEFINITION_FORMATION('','',#5808);
#5808 = PRODUCT('Open CASCADE STEP translator 7.9 1.18',
  'Open CASCADE STEP translator 7.9 1.18','',(#5809));
#5809 = PRODUCT_CONTEXT('',#2,'mechanical');
#5810 = PRODUCT_DEFINITION_CONTEXT('part definition',#2,'design');
#5811 = ADVANCED_BREP_SHAPE_REPRESENTATION('',(#11,#5812),#6079);
#5812 = MANIFOLD_SOLID_BREP('',#5813);
#5813 = CLOSED_SHELL('',(#5814,#5959,#6071,#6075));
#5814 = ADVANCED_FACE('',(#5815),#5828,.T.);
#5815 = FACE_BOUND('',#5816,.T.);
#5816 = EDGE_LOOP('',(#5817,#5851,#5875,#5958));
#5817 = ORIENTED_EDGE('',*,*,#5818,.F.);
#5818 = EDGE_CURVE('',#5819,#5819,#5821,.T.);
#5819 = VERTEX_POINT('',#5820);
#5820 = CARTESIAN_POINT('',(30.122573418742,-7.377902623869E-15,28.));
#5821 = SURFACE_CURVE('',#5822,(#5827,#5839),.PCURVE_S1.);
#5822 = CIRCLE('',#5823,0.2);
#5823 = AXIS2_PLACEMENT_3D('',#5824,#5825,#5826);
#5824 = CARTESIAN_POINT('',(29.922573418742,-7.328916751903E-15,28.));
#5825 = DIRECTION('',(-2.449293598295E-16,-1.,0.));
#5826 = DIRECTION('',(1.,-2.449293598295E-16,0.));
#5827 = PCURVE('',#5828,#5833);
#5828 = TOROIDAL_SURFACE('',#5829,29.922573418742,0.2);
#5829 = AXIS2_PLACEMENT_3D('',#5830,#5831,#5832);
#5830 = CARTESIAN_POINT('',(0.,0.,28.));
#5831 = DIRECTION('',(0.,0.,1.));
#5832 = DIRECTION('',(1.,0.,-0.));
#5833 = DEFINITIONAL_REPRESENTATION('',(#5834),#5838);
#5834 = LINE('',#5835,#5836);
#5835 = CARTESIAN_POINT('',(0.,-0.));
#5836 = VECTOR('',#5837,1.);
#5837 = DIRECTION('',(0.,1.));
#5838 = ( GEOMETRIC_REPRESENTATION_CONTEXT(2)
PARAMETRIC_REPRESENTATION_CONTEXT() REPRESENTATION_CONTEXT('2D SPACE',''
  ) );
#5839 = PCURVE('',#5840,#5845);
#5840 = TOROIDAL_SURFACE('',#5841,29.922573418742,0.2);
#5841 = AXIS2_PLACEMENT_3D('',#5842,#5843,#5844);
#5842 = CARTESIAN_POINT('',(0.,0.,28.));
#5843 = DIRECTION('',(0.,0.,1.));
#5844 = DIRECTION('',(1.,0.,-0.));
#5845 = DEFINITIONAL_REPRESENTATION('',(#5846),#5850);
#5846 = LINE('',#5847,#5848);
#5847 = CARTESIAN_POINT('',(6.28318530718,-0.));
#5848 = VECTOR('',#5849,1.);
#5849 = DIRECTION('',(0.,1.));
#5850 = ( GEOMETRIC_REPRESENTATION_CONTEXT(2)
PARAMETRIC_REPRESENTATION_CONTEXT() REPRESENTATION_CONTEXT('2D SPACE',''
  ) );
#5851 = ORIENTED_EDGE('',*,*,#5852,.T.);
#5852 = EDGE_CURVE('',#5819,#5853,#5855,.T.);
#5853 = VERTEX_POINT('',#5854);
#5854 = CARTESIAN_POINT('',(0.15,30.12219994236,28.));
#5855 = SEAM_CURVE('',#5856,(#5861,#5868),.PCURVE_S1.);
#5856 = CIRCLE('',#5857,30.122573418742);
#5857 = AXIS2_PLACEMENT_3D('',#5858,#5859,#5860);
#5858 = CARTESIAN_POINT('',(0.,0.,28.));
#5859 = DIRECTION('',(0.,0.,1.));
#5860 = DIRECTION('',(1.,0.,-0.));
#5861 = PCURVE('',#5828,#5862);
#5862 = DEFINITIONAL_REPRESENTATION('',(#5863),#5867);
#5863 = LINE('',#5864,#5865);
#5864 = CARTESIAN_POINT('',(0.,6.28318530718));
#5865 = VECTOR('',#5866,1.);
#5866 = DIRECTION('',(1.,0.));
#5867 = ( GEOMETRIC_REPRESENTATION_CONTEXT(2)
PARAMETRIC_REPRESENTATION_CONTEXT() REPRESENTATION_CONTEXT('2D SPACE',''
  ) );
#5868 = PCURVE('',#5828,#5869);
#5869 = DEFINITIONAL_REPRESENTATION('',(#5870),#5874);
#5870 = LINE('',#5871,#5872);
#5871 = CARTESIAN_POINT('',(0.,0.));
#5872 = VECTOR('',#5873,1.);
#5873 = DIRECTION('',(1.,0.));
#5874 = ( GEOMETRIC_REPRESENTATION_CONTEXT(2)
PARAMETRIC_REPRESENTATION_CONTEXT() REPRESENTATION_CONTEXT('2D SPACE',''
  ) );
#5875 = ORIENTED_EDGE('',*,*,#5876,.T.);
#5876 = EDGE_CURVE('',#5853,#5853,#5877,.T.);
#5877 = SURFACE_CURVE('',#5878,(#5901,#5927),.PCURVE_S1.);
#5878 = B_SPLINE_CURVE_WITH_KNOTS('',6,(#5879,#5880,#5881,#5882,#5883,
    #5884,#5885,#5886,#5887,#5888,#5889,#5890,#5891,#5892,#5893,#5894,
    #5895,#5896,#5897,#5898,#5899,#5900),.UNSPECIFIED.,.T.,.F.,(7,5,5,5,
    7),(0.,0.251632997596,0.500950313227,0.749366424137,1.),
  .UNSPECIFIED.);
#5879 = CARTESIAN_POINT('',(0.15,30.12219994236,28.));
#5880 = CARTESIAN_POINT('',(0.15,30.12219994236,28.052693994601));
#5881 = CARTESIAN_POINT('',(0.15,30.105540888724,28.105421315484));
#5882 = CARTESIAN_POINT('',(0.15,30.072173969575,28.151522346248));
#5883 = CARTESIAN_POINT('',(0.15,30.025732241951,28.184413779368));
#5884 = CARTESIAN_POINT('',(0.15,29.972836041458,28.200530425065));
#5885 = CARTESIAN_POINT('',(0.15,29.867937237632,28.199453473859));
#5886 = CARTESIAN_POINT('',(0.15,29.815866387455,28.182564338685));
#5887 = CARTESIAN_POINT('',(0.15,29.770407725121,28.14934250725));
#5888 = CARTESIAN_POINT('',(0.15,29.737928068556,28.103350893353));
#5889 = CARTESIAN_POINT('',(0.15,29.721886563923,28.051013260553));
#5890 = CARTESIAN_POINT('',(0.15,29.722509279675,27.946785697379));
#5891 = CARTESIAN_POINT('',(0.15,29.739055883401,27.894832067282));
#5892 = CARTESIAN_POINT('',(0.15,29.771845016459,27.849349724368));
#5893 = CARTESIAN_POINT('',(0.15,29.81739314296,27.816651676023));
#5894 = CARTESIAN_POINT('',(0.15,29.869380249811,27.800208788543));
#5895 = CARTESIAN_POINT('',(0.15,29.973885740344,27.799792534912));
#5896 = CARTESIAN_POINT('',(0.15,30.026469146837,27.816110009155));
#5897 = CARTESIAN_POINT('',(0.15,30.072571320918,27.84902781167));
#5898 = CARTESIAN_POINT('',(0.15,30.105672934604,27.894997930139));
#5899 = CARTESIAN_POINT('',(0.15,30.12219994236,27.94751529351));
#5900 = CARTESIAN_POINT('',(0.15,30.12219994236,28.));
#5901 = PCURVE('',#5828,#5902);
#5902 = DEFINITIONAL_REPRESENTATION('',(#5903),#5926);
#5903 = B_SPLINE_CURVE_WITH_KNOTS('',6,(#5904,#5905,#5906,#5907,#5908,
    #5909,#5910,#5911,#5912,#5913,#5914,#5915,#5916,#5917,#5918,#5919,
    #5920,#5921,#5922,#5923,#5924,#5925),.UNSPECIFIED.,.F.,.F.,(7,5,5,5,
    7),(0.,0.251632997596,0.500950313227,0.749366424137,1.),
  .UNSPECIFIED.);
#5904 = CARTESIAN_POINT('',(1.565816651989,0.));
#5905 = CARTESIAN_POINT('',(1.565816651989,0.263469973007));
#5906 = CARTESIAN_POINT('',(1.565813897664,0.527107445843));
#5907 = CARTESIAN_POINT('',(1.565808383435,0.790531484932));
#5908 = CARTESIAN_POINT('',(1.565800678658,1.053955483151));
#5909 = CARTESIAN_POINT('',(1.565791852665,1.317592827398));
#5910 = CARTESIAN_POINT('',(1.565774276525,1.842107896547));
#5911 = CARTESIAN_POINT('',(1.565765515624,2.103312960151));
#5912 = CARTESIAN_POINT('',(1.565757823894,2.364314723441));
#5913 = CARTESIAN_POINT('',(1.565752307025,2.625316535767));
#5914 = CARTESIAN_POINT('',(1.565749583676,2.886521727527));
#5915 = CARTESIAN_POINT('',(1.565749689408,3.407668844238));
#5916 = CARTESIAN_POINT('',(1.565752498528,3.667927521283));
#5917 = CARTESIAN_POINT('',(1.565758067384,3.927986626356));
#5918 = CARTESIAN_POINT('',(1.565765773147,4.188045693188));
#5919 = CARTESIAN_POINT('',(1.565774519029,4.448304243796));
#5920 = CARTESIAN_POINT('',(1.565792027798,4.970829275594));
#5921 = CARTESIAN_POINT('',(1.565800800928,5.23341683913));
#5922 = CARTESIAN_POINT('',(1.565808449083,5.495795436401));
#5923 = CARTESIAN_POINT('',(1.565813919503,5.758174082676));
#5924 = CARTESIAN_POINT('',(1.565816651989,6.020761774728));
#5925 = CARTESIAN_POINT('',(1.565816651989,6.28318530718));
#5926 = ( GEOMETRIC_REPRESENTATION_CONTEXT(2)
PARAMETRIC_REPRESENTATION_CONTEXT() REPRESENTATION_CONTEXT('2D SPACE',''
  ) );
#5927 = PCURVE('',#5928,#5933);
#5928 = PLANE('',#5929);
#5929 = AXIS2_PLACEMENT_3D('',#5930,#5931,#5932);
#5930 = CARTESIAN_POINT('',(0.15,-47.,-47.));
#5931 = DIRECTION('',(1.,0.,-0.));
#5932 = DIRECTION('',(0.,0.,1.));
#5933 = DEFINITIONAL_REPRESENTATION('',(#5934),#5957);
#5934 = B_SPLINE_CURVE_WITH_KNOTS('',6,(#5935,#5936,#5937,#5938,#5939,
    #5940,#5941,#5942,#5943,#5944,#5945,#5946,#5947,#5948,#5949,#5950,
    #5951,#5952,#5953,#5954,#5955,#5956),.UNSPECIFIED.,.T.,.F.,(7,5,5,5,
    7),(0.,0.251632997596,0.500950313227,0.749366424137,1.),
  .UNSPECIFIED.);
#5935 = CARTESIAN_POINT('',(75.,-77.12219994236));
#5936 = CARTESIAN_POINT('',(75.052693994601,-77.12219994236));
#5937 = CARTESIAN_POINT('',(75.105421315484,-77.10554088872));
#5938 = CARTESIAN_POINT('',(75.151522346248,-77.07217396957));
#5939 = CARTESIAN_POINT('',(75.184413779368,-77.02573224195));
#5940 = CARTESIAN_POINT('',(75.200530425065,-76.97283604145));
#5941 = CARTESIAN_POINT('',(75.199453473859,-76.86793723763));
#5942 = CARTESIAN_POINT('',(75.182564338685,-76.81586638745));
#5943 = CARTESIAN_POINT('',(75.14934250725,-76.77040772512));
#5944 = CARTESIAN_POINT('',(75.103350893353,-76.73792806855));
#5945 = CARTESIAN_POINT('',(75.051013260553,-76.72188656392));
#5946 = CARTESIAN_POINT('',(74.946785697379,-76.72250927967));
#5947 = CARTESIAN_POINT('',(74.894832067282,-76.7390558834));
#5948 = CARTESIAN_POINT('',(74.849349724368,-76.77184501645));
#5949 = CARTESIAN_POINT('',(74.816651676023,-76.81739314296));
#5950 = CARTESIAN_POINT('',(74.800208788543,-76.86938024981));
#5951 = CARTESIAN_POINT('',(74.799792534912,-76.97388574034));
#5952 = CARTESIAN_POINT('',(74.816110009155,-77.02646914683));
#5953 = CARTESIAN_POINT('',(74.84902781167,-77.07257132091));
#5954 = CARTESIAN_POINT('',(74.894997930139,-77.1056729346));
#5955 = CARTESIAN_POINT('',(74.94751529351,-77.12219994236));
#5956 = CARTESIAN_POINT('',(75.,-77.12219994236));
#5957 = ( GEOMETRIC_REPRESENTATION_CONTEXT(2)
PARAMETRIC_REPRESENTATION_CONTEXT() REPRESENTATION_CONTEXT('2D SPACE',''
  ) );
#5958 = ORIENTED_EDGE('',*,*,#5852,.F.);
#5959 = ADVANCED_FACE('',(#5960),#5840,.T.);
#5960 = FACE_BOUND('',#5961,.T.);
#5961 = EDGE_LOOP('',(#5962,#5963,#5987,#6070));
#5962 = ORIENTED_EDGE('',*,*,#5818,.T.);
#5963 = ORIENTED_EDGE('',*,*,#5964,.F.);
#5964 = EDGE_CURVE('',#5965,#5819,#5967,.T.);
#5965 = VERTEX_POINT('',#5966);
#5966 = CARTESIAN_POINT('',(0.15,-30.12219994236,28.));
#5967 = SEAM_CURVE('',#5968,(#5973,#5980),.PCURVE_S1.);
#5968 = CIRCLE('',#5969,30.122573418742);
#5969 = AXIS2_PLACEMENT_3D('',#5970,#5971,#5972);
#5970 = CARTESIAN_POINT('',(0.,0.,28.));
#5971 = DIRECTION('',(0.,0.,1.));
#5972 = DIRECTION('',(1.,0.,-0.));
#5973 = PCURVE('',#5840,#5974);
#5974 = DEFINITIONAL_REPRESENTATION('',(#5975),#5979);
#5975 = LINE('',#5976,#5977);
#5976 = CARTESIAN_POINT('',(0.,0.));
#5977 = VECTOR('',#5978,1.);
#5978 = DIRECTION('',(1.,0.));
#5979 = ( GEOMETRIC_REPRESENTATION_CONTEXT(2)
PARAMETRIC_REPRESENTATION_CONTEXT() REPRESENTATION_CONTEXT('2D SPACE',''
  ) );
#5980 = PCURVE('',#5840,#5981);
#5981 = DEFINITIONAL_REPRESENTATION('',(#5982),#5986);
#5982 = LINE('',#5983,#5984);
#5983 = CARTESIAN_POINT('',(0.,6.28318530718));
#5984 = VECTOR('',#5985,1.);
#5985 = DIRECTION('',(1.,0.));
#5986 = ( GEOMETRIC_REPRESENTATION_CONTEXT(2)
PARAMETRIC_REPRESENTATION_CONTEXT() REPRESENTATION_CONTEXT('2D SPACE',''
  ) );
#5987 = ORIENTED_EDGE('',*,*,#5988,.F.);
#5988 = EDGE_CURVE('',#5965,#5965,#5989,.T.);
#5989 = SURFACE_CURVE('',#5990,(#6013,#6039),.PCURVE_S1.);
#5990 = B_SPLINE_CURVE_WITH_KNOTS('',6,(#5991,#5992,#5993,#5994,#5995,
    #5996,#5997,#5998,#5999,#6000,#6001,#6002,#6003,#6004,#6005,#6006,
    #6007,#6008,#6009,#6010,#6011,#6012),.UNSPECIFIED.,.T.,.F.,(7,5,5,5,
    7),(0.,0.25163299814,0.500950314282,0.749366433106,1.),
  .UNSPECIFIED.);
#5991 = CARTESIAN_POINT('',(0.15,-30.12219994236,28.));
#5992 = CARTESIAN_POINT('',(0.15,-30.12219994236,28.052693994715));
#5993 = CARTESIAN_POINT('',(0.15,-30.10554088865,28.105421315712));
#5994 = CARTESIAN_POINT('',(0.15,-30.07217396935,28.151522346547));
#5995 = CARTESIAN_POINT('',(0.15,-30.02573224154,28.184413779653));
#5996 = CARTESIAN_POINT('',(0.15,-29.97283604088,28.20053042524));
#5997 = CARTESIAN_POINT('',(0.15,-29.86793723684,28.199453473672));
#5998 = CARTESIAN_POINT('',(0.15,-29.81586638661,28.182564338252));
#5999 = CARTESIAN_POINT('',(0.15,-29.77040772433,28.149342506527));
#6000 = CARTESIAN_POINT('',(0.15,-29.73792806793,28.103350892345));
#6001 = CARTESIAN_POINT('',(0.15,-29.72188656358,28.051013259331));
#6002 = CARTESIAN_POINT('',(0.15,-29.72250928003,27.946785694397));
#6003 = CARTESIAN_POINT('',(0.15,-29.73905588515,27.894832062754));
#6004 = CARTESIAN_POINT('',(0.15,-29.77184502059,27.84934971902));
#6005 = CARTESIAN_POINT('',(0.15,-29.81739314998,27.816651671162));
#6006 = CARTESIAN_POINT('',(0.15,-29.86938025941,27.800208785572));
#6007 = CARTESIAN_POINT('',(0.15,-29.97388574975,27.799792537833));
#6008 = CARTESIAN_POINT('',(0.15,-30.02646915343,27.816110013866));
#6009 = CARTESIAN_POINT('',(0.15,-30.07257132447,27.849027816609));
#6010 = CARTESIAN_POINT('',(0.15,-30.10567293578,27.894997933901));
#6011 = CARTESIAN_POINT('',(0.15,-30.12219994236,27.947515295388));
#6012 = CARTESIAN_POINT('',(0.15,-30.12219994236,28.));
#6013 = PCURVE('',#5840,#6014);
#6014 = DEFINITIONAL_REPRESENTATION('',(#6015),#6038);
#6015 = B_SPLINE_CURVE_WITH_KNOTS('',6,(#6016,#6017,#6018,#6019,#6020,
    #6021,#6022,#6023,#6024,#6025,#6026,#6027,#6028,#6029,#6030,#6031,
    #6032,#6033,#6034,#6035,#6036,#6037),.UNSPECIFIED.,.F.,.F.,(7,5,5,5,
    7),(0.,0.25163299814,0.500950314282,0.749366433106,1.),
  .UNSPECIFIED.);
#6016 = CARTESIAN_POINT('',(4.71736865519,0.));
#6017 = CARTESIAN_POINT('',(4.71736865519,0.263469973577));
#6018 = CARTESIAN_POINT('',(4.717371409515,0.527107446984));
#6019 = CARTESIAN_POINT('',(4.717376923745,0.790531486642));
#6020 = CARTESIAN_POINT('',(4.717384628522,1.05395548543));
#6021 = CARTESIAN_POINT('',(4.717393454514,1.317592830248));
#6022 = CARTESIAN_POINT('',(4.717411030655,1.842107900502));
#6023 = CARTESIAN_POINT('',(4.717419791556,2.103312964644));
#6024 = CARTESIAN_POINT('',(4.717427483286,2.364314728467));
#6025 = CARTESIAN_POINT('',(4.717433000154,2.62531654133));
#6026 = CARTESIAN_POINT('',(4.717435723504,2.886521733626));
#6027 = CARTESIAN_POINT('',(4.717435617771,3.407668859158));
#6028 = CARTESIAN_POINT('',(4.717432808651,3.667927544513));
#6029 = CARTESIAN_POINT('',(4.717427239795,3.927986657863));
#6030 = CARTESIAN_POINT('',(4.717419534031,4.188045732974));
#6031 = CARTESIAN_POINT('',(4.717410788149,4.448304291892));
#6032 = CARTESIAN_POINT('',(4.71739327938,4.970829322585));
#6033 = CARTESIAN_POINT('',(4.71738450625,5.233416876701));
#6034 = CARTESIAN_POINT('',(4.717376858096,5.495795464593));
#6035 = CARTESIAN_POINT('',(4.717371387676,5.758174101486));
#6036 = CARTESIAN_POINT('',(4.71736865519,6.020761784118));
#6037 = CARTESIAN_POINT('',(4.71736865519,6.28318530718));
#6038 = ( GEOMETRIC_REPRESENTATION_CONTEXT(2)
PARAMETRIC_REPRESENTATION_CONTEXT() REPRESENTATION_CONTEXT('2D SPACE',''
  ) );
#6039 = PCURVE('',#6040,#6045);
#6040 = PLANE('',#6041);
#6041 = AXIS2_PLACEMENT_3D('',#6042,#6043,#6044);
#6042 = CARTESIAN_POINT('',(0.15,-47.,-47.));
#6043 = DIRECTION('',(1.,0.,-0.));
#6044 = DIRECTION('',(0.,0.,1.));
#6045 = DEFINITIONAL_REPRESENTATION('',(#6046),#6069);
#6046 = B_SPLINE_CURVE_WITH_KNOTS('',6,(#6047,#6048,#6049,#6050,#6051,
    #6052,#6053,#6054,#6055,#6056,#6057,#6058,#6059,#6060,#6061,#6062,
    #6063,#6064,#6065,#6066,#6067,#6068),.UNSPECIFIED.,.T.,.F.,(7,5,5,5,
    7),(0.,0.25163299814,0.500950314282,0.749366433106,1.),
  .UNSPECIFIED.);
#6047 = CARTESIAN_POINT('',(75.,-16.87780005764));
#6048 = CARTESIAN_POINT('',(75.052693994715,-16.87780005764));
#6049 = CARTESIAN_POINT('',(75.105421315712,-16.89445911134));
#6050 = CARTESIAN_POINT('',(75.151522346547,-16.92782603064));
#6051 = CARTESIAN_POINT('',(75.184413779653,-16.97426775845));
#6052 = CARTESIAN_POINT('',(75.20053042524,-17.02716395911));
#6053 = CARTESIAN_POINT('',(75.199453473672,-17.13206276315));
#6054 = CARTESIAN_POINT('',(75.182564338252,-17.18413361338));
#6055 = CARTESIAN_POINT('',(75.149342506527,-17.22959227567));
#6056 = CARTESIAN_POINT('',(75.103350892345,-17.26207193206));
#6057 = CARTESIAN_POINT('',(75.051013259331,-17.27811343641));
#6058 = CARTESIAN_POINT('',(74.946785694397,-17.27749071996));
#6059 = CARTESIAN_POINT('',(74.894832062754,-17.26094411484));
#6060 = CARTESIAN_POINT('',(74.84934971902,-17.2281549794));
#6061 = CARTESIAN_POINT('',(74.816651671162,-17.18260685001));
#6062 = CARTESIAN_POINT('',(74.800208785572,-17.13061974058));
#6063 = CARTESIAN_POINT('',(74.799792537833,-17.02611425024));
#6064 = CARTESIAN_POINT('',(74.816110013866,-16.97353084656));
#6065 = CARTESIAN_POINT('',(74.849027816609,-16.92742867552));
#6066 = CARTESIAN_POINT('',(74.894997933901,-16.89432706421));
#6067 = CARTESIAN_POINT('',(74.947515295388,-16.87780005764));
#6068 = CARTESIAN_POINT('',(75.,-16.87780005764));
#6069 = ( GEOMETRIC_REPRESENTATION_CONTEXT(2)
PARAMETRIC_REPRESENTATION_CONTEXT() REPRESENTATION_CONTEXT('2D SPACE',''
  ) );
#6070 = ORIENTED_EDGE('',*,*,#5964,.T.);
#6071 = ADVANCED_FACE('',(#6072),#5928,.F.);
#6072 = FACE_BOUND('',#6073,.F.);
#6073 = EDGE_LOOP('',(#6074));
#6074 = ORIENTED_EDGE('',*,*,#5876,.T.);
#6075 = ADVANCED_FACE('',(#6076),#6040,.F.);
#6076 = FACE_BOUND('',#6077,.F.);
#6077 = EDGE_LOOP('',(#6078));
#6078 = ORIENTED_EDGE('',*,*,#5988,.F.);
#6079 = ( GEOMETRIC_REPRESENTATION_CONTEXT(3)
GLOBAL_UNCERTAINTY_ASSIGNED_CONTEXT((#6083))
GLOBAL_UNIT_ASSIGNED_CONTEXT((#6080,#6081,#6082)) REPRESENTATION_CONTEXT
('Context #1','3D Context with UNIT and UNCERTAINTY') );
#6080 = ( LENGTH_UNIT() NAMED_UNIT(*) SI_UNIT(.MILLI.,.METRE.) );
#6081 = ( NAMED_UNIT(*) PLANE_ANGLE_UNIT() SI_UNIT($,.RADIAN.) );
#6082 = ( NAMED_UNIT(*) SI_UNIT($,.STERADIAN.) SOLID_ANGLE_UNIT() );
#6083 = UNCERTAINTY_MEASURE_WITH_UNIT(LENGTH_MEASURE(5.E-07),#6080,
  'distance_accuracy_value','confusion accuracy');
#6084 = CONTEXT_DEPENDENT_SHAPE_REPRESENTATION(#6085,#6087);
#6085 = ( REPRESENTATION_RELATIONSHIP('','',#5811,#10)
REPRESENTATION_RELATIONSHIP_WITH_TRANSFORMATION(#6086)
SHAPE_REPRESENTATION_RELATIONSHIP() );
#6086 = ITEM_DEFINED_TRANSFORMATION('','',#11,#83);
#6087 = PRODUCT_DEFINITION_SHAPE('Placement','Placement of an item',
  #6088);
#6088 = NEXT_ASSEMBLY_USAGE_OCCURRENCE('18','','',#5,#5806,$);
#6089 = PRODUCT_RELATED_PRODUCT_CATEGORY('part',$,(#5808));
#6090 = SHAPE_DEFINITION_REPRESENTATION(#6091,#6097);
#6091 = PRODUCT_DEFINITION_SHAPE('','',#6092);
#6092 = PRODUCT_DEFINITION('design','',#6093,#6096);
#6093 = PRODUCT_DEFINITION_FORMATION('','',#6094);
#6094 = PRODUCT('Open CASCADE STEP translator 7.9 1.19',
  'Open CASCADE STEP translator 7.9 1.19','',(#6095));
#6095 = PRODUCT_CONTEXT('',#2,'mechanical');
#6096 = PRODUCT_DEFINITION_CONTEXT('part definition',#2,'design');
#6097 = ADVANCED_BREP_SHAPE_REPRESENTATION('',(#11,#6098),#6333);
#6098 = MANIFOLD_SOLID_BREP('',#6099);
#6099 = CLOSED_SHELL('',(#6100,#6325,#6329));
#6100 = ADVANCED_FACE('',(#6101),#6136,.T.);
#6101 = FACE_BOUND('',#6102,.T.);
#6102 = EDGE_LOOP('',(#6103,#6205,#6229,#6324));
#6103 = ORIENTED_EDGE('',*,*,#6104,.F.);
#6104 = EDGE_CURVE('',#6105,#6105,#6107,.T.);
#6105 = VERTEX_POINT('',#6106);
#6106 = CARTESIAN_POINT('',(0.15,27.541232867927,30.587637896945));
#6107 = SURFACE_CURVE('',#6108,(#6135,#6170),.PCURVE_S1.);
#6108 = B_SPLINE_CURVE_WITH_KNOTS('',7,(#6109,#6110,#6111,#6112,#6113,
    #6114,#6115,#6116,#6117,#6118,#6119,#6120,#6121,#6122,#6123,#6124,
    #6125,#6126,#6127,#6128,#6129,#6130,#6131,#6132,#6133,#6134),
  .UNSPECIFIED.,.T.,.F.,(8,6,6,6,8),(0.,0.251633164443,0.500950410605,
    0.749366363548,1.),.UNSPECIFIED.);
#6109 = CARTESIAN_POINT('',(0.15,27.541232867927,30.587637896945));
#6110 = CARTESIAN_POINT('',(0.15,27.571442278975,30.560437221062));
#6111 = CARTESIAN_POINT('',(0.15,27.594498286872,30.525265282763));
#6112 = CARTESIAN_POINT('',(0.15,27.607847195287,30.484396208508));
#6113 = CARTESIAN_POINT('',(0.15,27.609892123253,30.441125020325));
#6114 = CARTESIAN_POINT('',(0.15,27.600456925246,30.399179058455));
#6115 = CARTESIAN_POINT('',(0.15,27.580820627161,30.36198926907));
#6116 = CARTESIAN_POINT('',(0.15,27.5260547061,30.302407183473));
#6117 = CARTESIAN_POINT('',(0.15,27.491046013936,30.279856490371));
#6118 = CARTESIAN_POINT('',(0.15,27.450522248451,30.266868565646));
#6119 = CARTESIAN_POINT('',(0.15,27.407694138802,30.264972485377));
#6120 = CARTESIAN_POINT('',(0.15,27.366181309774,30.274328502283));
#6121 = CARTESIAN_POINT('',(0.15,27.329317043313,30.293697257291));
#6122 = CARTESIAN_POINT('',(0.15,27.269885003229,30.347856536098));
#6123 = CARTESIAN_POINT('',(0.15,27.247241254367,30.382613639753));
#6124 = CARTESIAN_POINT('',(0.15,27.23405866048,30.422894664177));
#6125 = CARTESIAN_POINT('',(0.15,27.231866748669,30.465533927727));
#6126 = CARTESIAN_POINT('',(0.15,27.240849390497,30.506954521184));
#6127 = CARTESIAN_POINT('',(0.15,27.259809729318,30.543850597427));
#6128 = CARTESIAN_POINT('',(0.15,27.31351655046,30.60397796752));
#6129 = CARTESIAN_POINT('',(0.15,27.348425361737,30.62711000189));
#6130 = CARTESIAN_POINT('',(0.15,27.389033183799,30.640644839631));
#6131 = CARTESIAN_POINT('',(0.15,27.432094824664,30.642987756825));
#6132 = CARTESIAN_POINT('',(0.15,27.47393126305,30.633938579124));
#6133 = CARTESIAN_POINT('',(0.15,27.511143454088,30.614730526856));
#6134 = CARTESIAN_POINT('',(0.15,27.541232867927,30.587637896945));
#6135 = PCURVE('',#6136,#6141);
#6136 = TOROIDAL_SURFACE('',#6137,40.98,0.18);
#6137 = AXIS2_PLACEMENT_3D('',#6138,#6139,#6140);
#6138 = CARTESIAN_POINT('',(0.,0.,0.));
#6139 = DIRECTION('',(0.,0.743144825477,-0.669130606359));
#6140 = DIRECTION('',(0.,0.669130606359,0.743144825477));
#6141 = DEFINITIONAL_REPRESENTATION('',(#6142),#6169);
#6142 = B_SPLINE_CURVE_WITH_KNOTS('',7,(#6143,#6144,#6145,#6146,#6147,
    #6148,#6149,#6150,#6151,#6152,#6153,#6154,#6155,#6156,#6157,#6158,
    #6159,#6160,#6161,#6162,#6163,#6164,#6165,#6166,#6167,#6168),
  .UNSPECIFIED.,.F.,.F.,(8,6,6,6,8),(0.,0.251633164443,0.500950410605,
    0.749366363548,1.),.UNSPECIFIED.);
#6143 = CARTESIAN_POINT('',(3.644322935563E-03,0.));
#6144 = CARTESIAN_POINT('',(3.644322935563E-03,0.2258376236));
#6145 = CARTESIAN_POINT('',(3.645271231394E-03,0.45177326553));
#6146 = CARTESIAN_POINT('',(3.64716950075E-03,0.677628945936));
#6147 = CARTESIAN_POINT('',(3.649898569417E-03,0.903433846264));
#6148 = CARTESIAN_POINT('',(3.653230188099E-03,1.129289502396));
#6149 = CARTESIAN_POINT('',(3.656864269934E-03,1.355225096057));
#6150 = CARTESIAN_POINT('',(3.664093001591E-03,1.804821735834));
#6151 = CARTESIAN_POINT('',(3.667690784813E-03,2.028674324));
#6152 = CARTESIAN_POINT('',(3.670991607938E-03,2.252450774509));
#6153 = CARTESIAN_POINT('',(3.673698013996E-03,2.476178858993));
#6154 = CARTESIAN_POINT('',(3.675574547735E-03,2.699955337885));
#6155 = CARTESIAN_POINT('',(3.676500264036E-03,2.923807973804));
#6156 = CARTESIAN_POINT('',(3.676456976234E-03,3.370517302417));
#6157 = CARTESIAN_POINT('',(3.675494791299E-03,3.593559328436));
#6158 = CARTESIAN_POINT('',(3.673592296049E-03,3.816526636609));
#6159 = CARTESIAN_POINT('',(3.670872271377E-03,4.039446458373));
#6160 = CARTESIAN_POINT('',(3.667569516135E-03,4.262413743653));
#6161 = CARTESIAN_POINT('',(3.663978934951E-03,4.48545572222));
#6162 = CARTESIAN_POINT('',(3.65677770738E-03,4.933346395432));
#6163 = CARTESIAN_POINT('',(3.653164093522E-03,5.158382962336));
#6164 = CARTESIAN_POINT('',(3.649855256245E-03,5.383341248183));
#6165 = CARTESIAN_POINT('',(3.647146905382E-03,5.60824982197));
#6166 = CARTESIAN_POINT('',(3.645263713252E-03,5.833208136266));
#6167 = CARTESIAN_POINT('',(3.644322935562E-03,6.058244751201));
#6168 = CARTESIAN_POINT('',(3.644322935562E-03,6.28318530718));
#6169 = ( GEOMETRIC_REPRESENTATION_CONTEXT(2)
PARAMETRIC_REPRESENTATION_CONTEXT() REPRESENTATION_CONTEXT('2D SPACE',''
  ) );
#6170 = PCURVE('',#6171,#6176);
#6171 = PLANE('',#6172);
#6172 = AXIS2_PLACEMENT_3D('',#6173,#6174,#6175);
#6173 = CARTESIAN_POINT('',(0.15,-47.,-47.));
#6174 = DIRECTION('',(1.,0.,-0.));
#6175 = DIRECTION('',(0.,0.,1.));
#6176 = DEFINITIONAL_REPRESENTATION('',(#6177),#6204);
#6177 = B_SPLINE_CURVE_WITH_KNOTS('',7,(#6178,#6179,#6180,#6181,#6182,
    #6183,#6184,#6185,#6186,#6187,#6188,#6189,#6190,#6191,#6192,#6193,
    #6194,#6195,#6196,#6197,#6198,#6199,#6200,#6201,#6202,#6203),
  .UNSPECIFIED.,.T.,.F.,(8,6,6,6,8),(0.,0.251633164443,0.500950410605,
    0.749366363548,1.),.UNSPECIFIED.);
#6178 = CARTESIAN_POINT('',(77.587637896945,-74.54123286792));
#6179 = CARTESIAN_POINT('',(77.560437221062,-74.57144227897));
#6180 = CARTESIAN_POINT('',(77.525265282763,-74.59449828687));
#6181 = CARTESIAN_POINT('',(77.484396208508,-74.60784719528));
#6182 = CARTESIAN_POINT('',(77.441125020325,-74.60989212325));
#6183 = CARTESIAN_POINT('',(77.399179058455,-74.60045692524));
#6184 = CARTESIAN_POINT('',(77.36198926907,-74.58082062716));
#6185 = CARTESIAN_POINT('',(77.302407183473,-74.5260547061));
#6186 = CARTESIAN_POINT('',(77.279856490371,-74.49104601393));
#6187 = CARTESIAN_POINT('',(77.266868565646,-74.45052224845));
#6188 = CARTESIAN_POINT('',(77.264972485377,-74.4076941388));
#6189 = CARTESIAN_POINT('',(77.274328502283,-74.36618130977));
#6190 = CARTESIAN_POINT('',(77.293697257291,-74.32931704331));
#6191 = CARTESIAN_POINT('',(77.347856536098,-74.26988500322));
#6192 = CARTESIAN_POINT('',(77.382613639753,-74.24724125436));
#6193 = CARTESIAN_POINT('',(77.422894664177,-74.23405866048));
#6194 = CARTESIAN_POINT('',(77.465533927727,-74.23186674866));
#6195 = CARTESIAN_POINT('',(77.506954521184,-74.24084939049));
#6196 = CARTESIAN_POINT('',(77.543850597427,-74.25980972931));
#6197 = CARTESIAN_POINT('',(77.60397796752,-74.31351655046));
#6198 = CARTESIAN_POINT('',(77.62711000189,-74.34842536173));
#6199 = CARTESIAN_POINT('',(77.640644839631,-74.38903318379));
#6200 = CARTESIAN_POINT('',(77.642987756825,-74.43209482466));
#6201 = CARTESIAN_POINT('',(77.633938579124,-74.47393126305));
#6202 = CARTESIAN_POINT('',(77.614730526856,-74.51114345408));
#6203 = CARTESIAN_POINT('',(77.587637896945,-74.54123286792));
#6204 = ( GEOMETRIC_REPRESENTATION_CONTEXT(2)
PARAMETRIC_REPRESENTATION_CONTEXT() REPRESENTATION_CONTEXT('2D SPACE',''
  ) );
#6205 = ORIENTED_EDGE('',*,*,#6206,.T.);
#6206 = EDGE_CURVE('',#6105,#6207,#6209,.T.);
#6207 = VERTEX_POINT('',#6208);
#6208 = CARTESIAN_POINT('',(0.15,-27.54123286792,-30.58763789694));
#6209 = SEAM_CURVE('',#6210,(#6215,#6222),.PCURVE_S1.);
#6210 = CIRCLE('',#6211,41.16);
#6211 = AXIS2_PLACEMENT_3D('',#6212,#6213,#6214);
#6212 = CARTESIAN_POINT('',(0.,-3.276323754566E-17,2.95001515904E-17));
#6213 = DIRECTION('',(0.,0.743144825477,-0.669130606359));
#6214 = DIRECTION('',(0.,0.669130606359,0.743144825477));
#6215 = PCURVE('',#6136,#6216);
#6216 = DEFINITIONAL_REPRESENTATION('',(#6217),#6221);
#6217 = LINE('',#6218,#6219);
#6218 = CARTESIAN_POINT('',(0.,6.28318530718));
#6219 = VECTOR('',#6220,1.);
#6220 = DIRECTION('',(1.,0.));
#6221 = ( GEOMETRIC_REPRESENTATION_CONTEXT(2)
PARAMETRIC_REPRESENTATION_CONTEXT() REPRESENTATION_CONTEXT('2D SPACE',''
  ) );
#6222 = PCURVE('',#6136,#6223);
#6223 = DEFINITIONAL_REPRESENTATION('',(#6224),#6228);
#6224 = LINE('',#6225,#6226);
#6225 = CARTESIAN_POINT('',(0.,0.));
#6226 = VECTOR('',#6227,1.);
#6227 = DIRECTION('',(1.,0.));
#6228 = ( GEOMETRIC_REPRESENTATION_CONTEXT(2)
PARAMETRIC_REPRESENTATION_CONTEXT() REPRESENTATION_CONTEXT('2D SPACE',''
  ) );
#6229 = ORIENTED_EDGE('',*,*,#6230,.T.);
#6230 = EDGE_CURVE('',#6207,#6207,#6231,.T.);
#6231 = SURFACE_CURVE('',#6232,(#6259,#6289),.PCURVE_S1.);
#6232 = B_SPLINE_CURVE_WITH_KNOTS('',7,(#6233,#6234,#6235,#6236,#6237,
    #6238,#6239,#6240,#6241,#6242,#6243,#6244,#6245,#6246,#6247,#6248,
    #6249,#6250,#6251,#6252,#6253,#6254,#6255,#6256,#6257,#6258),
  .UNSPECIFIED.,.T.,.F.,(8,6,6,6,8),(0.,0.251633163225,0.500950406849,
    0.749366346843,1.),.UNSPECIFIED.);
#6233 = CARTESIAN_POINT('',(0.15,-27.54123286792,-30.58763789694));
#6234 = CARTESIAN_POINT('',(0.15,-27.51102345702,-30.61483857269));
#6235 = CARTESIAN_POINT('',(0.15,-27.47363418542,-30.63409180865));
#6236 = CARTESIAN_POINT('',(0.15,-27.4315936556,-30.64309560888));
#6237 = CARTESIAN_POINT('',(0.15,-27.38834575856,-30.64060626389));
#6238 = CARTESIAN_POINT('',(0.15,-27.34761582795,-30.62683820623));
#6239 = CARTESIAN_POINT('',(0.15,-27.31268232022,-30.60342208666));
#6240 = CARTESIAN_POINT('',(0.15,-27.25915122903,-30.54272815606));
#6241 = CARTESIAN_POINT('',(0.15,-27.2403834756,-30.50555405647));
#6242 = CARTESIAN_POINT('',(0.15,-27.23170258658,-30.46389467719));
#6243 = CARTESIAN_POINT('',(0.15,-27.23429364903,-30.4211029905));
#6244 = CARTESIAN_POINT('',(0.15,-27.24793768402,-30.38079554336));
#6245 = CARTESIAN_POINT('',(0.15,-27.2710536991,-30.3461578093));
#6246 = CARTESIAN_POINT('',(0.15,-27.3311286244,-30.29271253057));
#6247 = CARTESIAN_POINT('',(0.15,-27.36806223854,-30.27382593288));
#6248 = CARTESIAN_POINT('',(0.15,-27.40950055273,-30.26492606665));
#6249 = CARTESIAN_POINT('',(0.15,-27.45213534876,-30.26720317618));
#6250 = CARTESIAN_POINT('',(0.15,-27.49239009283,-30.2804662372));
#6251 = CARTESIAN_POINT('',(0.15,-27.5271021536,-30.30317939499));
#6252 = CARTESIAN_POINT('',(0.15,-27.58128625487,-30.3628770209));
#6253 = CARTESIAN_POINT('',(0.15,-27.6006426098,-30.40001255498));
#6254 = CARTESIAN_POINT('',(0.15,-27.6098586327,-30.44181270138));
#6255 = CARTESIAN_POINT('',(0.15,-27.6076875501,-30.48488335096));
#6256 = CARTESIAN_POINT('',(0.15,-27.59431484652,-30.52554471179));
#6257 = CARTESIAN_POINT('',(0.15,-27.57132228377,-30.56054526522));
#6258 = CARTESIAN_POINT('',(0.15,-27.54123286792,-30.58763789694));
#6259 = PCURVE('',#6136,#6260);
#6260 = DEFINITIONAL_REPRESENTATION('',(#6261),#6288);
#6261 = B_SPLINE_CURVE_WITH_KNOTS('',7,(#6262,#6263,#6264,#6265,#6266,
    #6267,#6268,#6269,#6270,#6271,#6272,#6273,#6274,#6275,#6276,#6277,
    #6278,#6279,#6280,#6281,#6282,#6283,#6284,#6285,#6286,#6287),
  .UNSPECIFIED.,.F.,.F.,(8,6,6,6,8),(0.,0.251633163225,0.500950406849,
    0.749366346843,1.),.UNSPECIFIED.);
#6262 = CARTESIAN_POINT('',(3.137948330654,0.));
#6263 = CARTESIAN_POINT('',(3.137948330654,0.225837622507));
#6264 = CARTESIAN_POINT('',(3.137947382358,0.45177326334));
#6265 = CARTESIAN_POINT('',(3.137945484089,0.677628942655));
#6266 = CARTESIAN_POINT('',(3.13794275502,0.903433841889));
#6267 = CARTESIAN_POINT('',(3.137939423402,1.129289496929));
#6268 = CARTESIAN_POINT('',(3.13793578932,1.355225089494));
#6269 = CARTESIAN_POINT('',(3.137928560588,1.804821725901));
#6270 = CARTESIAN_POINT('',(3.137924962805,2.028674311778));
#6271 = CARTESIAN_POINT('',(3.137921661982,2.25245076002));
#6272 = CARTESIAN_POINT('',(3.137918955576,2.476178842212));
#6273 = CARTESIAN_POINT('',(3.137917079042,2.699955318837));
#6274 = CARTESIAN_POINT('',(3.137916153326,2.923807952466));
#6275 = CARTESIAN_POINT('',(3.137916196613,3.370517267182));
#6276 = CARTESIAN_POINT('',(3.137917158798,3.593559281559));
#6277 = CARTESIAN_POINT('',(3.137919061293,3.816526578102));
#6278 = CARTESIAN_POINT('',(3.137921781318,4.039446388262));
#6279 = CARTESIAN_POINT('',(3.137925084072,4.262413661911));
#6280 = CARTESIAN_POINT('',(3.137928674653,4.485455628837));
#6281 = CARTESIAN_POINT('',(3.137935875881,4.93334630542));
#6282 = CARTESIAN_POINT('',(3.137939489495,5.158382887345));
#6283 = CARTESIAN_POINT('',(3.137942798333,5.383341188196));
#6284 = CARTESIAN_POINT('',(3.137945506684,5.608249776953));
#6285 = CARTESIAN_POINT('',(3.137947389876,5.833208106252));
#6286 = CARTESIAN_POINT('',(3.137948330654,6.058244736209));
#6287 = CARTESIAN_POINT('',(3.137948330654,6.28318530718));
#6288 = ( GEOMETRIC_REPRESENTATION_CONTEXT(2)
PARAMETRIC_REPRESENTATION_CONTEXT() REPRESENTATION_CONTEXT('2D SPACE',''
  ) );
#6289 = PCURVE('',#6290,#6295);
#6290 = PLANE('',#6291);
#6291 = AXIS2_PLACEMENT_3D('',#6292,#6293,#6294);
#6292 = CARTESIAN_POINT('',(0.15,-47.,-47.));
#6293 = DIRECTION('',(1.,0.,-0.));
#6294 = DIRECTION('',(0.,0.,1.));
#6295 = DEFINITIONAL_REPRESENTATION('',(#6296),#6323);
#6296 = B_SPLINE_CURVE_WITH_KNOTS('',7,(#6297,#6298,#6299,#6300,#6301,
    #6302,#6303,#6304,#6305,#6306,#6307,#6308,#6309,#6310,#6311,#6312,
    #6313,#6314,#6315,#6316,#6317,#6318,#6319,#6320,#6321,#6322),
  .UNSPECIFIED.,.T.,.F.,(8,6,6,6,8),(0.,0.251633163225,0.500950406849,
    0.749366346843,1.),.UNSPECIFIED.);
#6297 = CARTESIAN_POINT('',(16.412362103055,-19.45876713207));
#6298 = CARTESIAN_POINT('',(16.385161427304,-19.48897654297));
#6299 = CARTESIAN_POINT('',(16.365908191346,-19.52636581457));
#6300 = CARTESIAN_POINT('',(16.356904391118,-19.56840634439));
#6301 = CARTESIAN_POINT('',(16.359393736108,-19.61165424143));
#6302 = CARTESIAN_POINT('',(16.373161793762,-19.65238417204));
#6303 = CARTESIAN_POINT('',(16.396577913338,-19.68731767977));
#6304 = CARTESIAN_POINT('',(16.457271843934,-19.74084877096));
#6305 = CARTESIAN_POINT('',(16.494445943521,-19.75961652439));
#6306 = CARTESIAN_POINT('',(16.53610532281,-19.76829741341));
#6307 = CARTESIAN_POINT('',(16.578897009498,-19.76570635097));
#6308 = CARTESIAN_POINT('',(16.619204456633,-19.75206231597));
#6309 = CARTESIAN_POINT('',(16.6538421907,-19.72894630089));
#6310 = CARTESIAN_POINT('',(16.707287469421,-19.66887137559));
#6311 = CARTESIAN_POINT('',(16.726174067117,-19.63193776145));
#6312 = CARTESIAN_POINT('',(16.73507393335,-19.59049944726));
#6313 = CARTESIAN_POINT('',(16.732796823819,-19.54786465123));
#6314 = CARTESIAN_POINT('',(16.719533762795,-19.50760990716));
#6315 = CARTESIAN_POINT('',(16.696820605009,-19.47289784639));
#6316 = CARTESIAN_POINT('',(16.637122979096,-19.41871374512));
#6317 = CARTESIAN_POINT('',(16.599987445014,-19.39935739019));
#6318 = CARTESIAN_POINT('',(16.558187298615,-19.39014136729));
#6319 = CARTESIAN_POINT('',(16.51511664904,-19.39231244989));
#6320 = CARTESIAN_POINT('',(16.47445528821,-19.40568515347));
#6321 = CARTESIAN_POINT('',(16.439454734772,-19.42867771622));
#6322 = CARTESIAN_POINT('',(16.412362103055,-19.45876713207));
#6323 = ( GEOMETRIC_REPRESENTATION_CONTEXT(2)
PARAMETRIC_REPRESENTATION_CONTEXT() REPRESENTATION_CONTEXT('2D SPACE',''
  ) );
#6324 = ORIENTED_EDGE('',*,*,#6206,.F.);
#6325 = ADVANCED_FACE('',(#6326),#6171,.F.);
#6326 = FACE_BOUND('',#6327,.F.);
#6327 = EDGE_LOOP('',(#6328));
#6328 = ORIENTED_EDGE('',*,*,#6104,.F.);
#6329 = ADVANCED_FACE('',(#6330),#6290,.F.);
#6330 = FACE_BOUND('',#6331,.F.);
#6331 = EDGE_LOOP('',(#6332));
#6332 = ORIENTED_EDGE('',*,*,#6230,.T.);
#6333 = ( GEOMETRIC_REPRESENTATION_CONTEXT(3)
GLOBAL_UNCERTAINTY_ASSIGNED_CONTEXT((#6337))
GLOBAL_UNIT_ASSIGNED_CONTEXT((#6334,#6335,#6336)) REPRESENTATION_CONTEXT
('Context #1','3D Context with UNIT and UNCERTAINTY') );
#6334 = ( LENGTH_UNIT() NAMED_UNIT(*) SI_UNIT(.MILLI.,.METRE.) );
#6335 = ( NAMED_UNIT(*) PLANE_ANGLE_UNIT() SI_UNIT($,.RADIAN.) );
#6336 = ( NAMED_UNIT(*) SI_UNIT($,.STERADIAN.) SOLID_ANGLE_UNIT() );
#6337 = UNCERTAINTY_MEASURE_WITH_UNIT(LENGTH_MEASURE(1.E-06),#6334,
  'distance_accuracy_value','confusion accuracy');
#6338 = CONTEXT_DEPENDENT_SHAPE_REPRESENTATION(#6339,#6341);
#6339 = ( REPRESENTATION_RELATIONSHIP('','',#6097,#10)
REPRESENTATION_RELATIONSHIP_WITH_TRANSFORMATION(#6340)
SHAPE_REPRESENTATION_RELATIONSHIP() );
#6340 = ITEM_DEFINED_TRANSFORMATION('','',#11,#87);
#6341 = PRODUCT_DEFINITION_SHAPE('Placement','Placement of an item',
  #6342);
#6342 = NEXT_ASSEMBLY_USAGE_OCCURRENCE('19','','',#5,#6092,$);
#6343 = PRODUCT_RELATED_PRODUCT_CATEGORY('part',$,(#6094));
#6344 = SHAPE_DEFINITION_REPRESENTATION(#6345,#6351);
#6345 = PRODUCT_DEFINITION_SHAPE('','',#6346);
#6346 = PRODUCT_DEFINITION('design','',#6347,#6350);
#6347 = PRODUCT_DEFINITION_FORMATION('','',#6348);
#6348 = PRODUCT('Open CASCADE STEP translator 7.9 1.20',
  'Open CASCADE STEP translator 7.9 1.20','',(#6349));
#6349 = PRODUCT_CONTEXT('',#2,'mechanical');
#6350 = PRODUCT_DEFINITION_CONTEXT('part definition',#2,'design');
#6351 = ADVANCED_BREP_SHAPE_REPRESENTATION('',(#11,#6352),#6587);
#6352 = MANIFOLD_SOLID_BREP('',#6353);
#6353 = CLOSED_SHELL('',(#6354,#6579,#6583));
#6354 = ADVANCED_FACE('',(#6355),#6390,.T.);
#6355 = FACE_BOUND('',#6356,.T.);
#6356 = EDGE_LOOP('',(#6357,#6459,#6483,#6578));
#6357 = ORIENTED_EDGE('',*,*,#6358,.F.);
#6358 = EDGE_CURVE('',#6359,#6359,#6361,.T.);
#6359 = VERTEX_POINT('',#6360);
#6360 = CARTESIAN_POINT('',(0.15,-4.40872847693E-17,41.159726675477));
#6361 = SURFACE_CURVE('',#6362,(#6389,#6424),.PCURVE_S1.);
#6362 = B_SPLINE_CURVE_WITH_KNOTS('',7,(#6363,#6364,#6365,#6366,#6367,
    #6368,#6369,#6370,#6371,#6372,#6373,#6374,#6375,#6376,#6377,#6378,
    #6379,#6380,#6381,#6382,#6383,#6384,#6385,#6386,#6387,#6388),
  .UNSPECIFIED.,.T.,.F.,(8,6,6,6,8),(0.,0.251633164442,0.500950410604,
    0.749366363547,1.),.UNSPECIFIED.);
#6363 = CARTESIAN_POINT('',(0.15,0.,41.159726675477));
#6364 = CARTESIAN_POINT('',(0.15,4.065077224796E-02,41.159726675477));
#6365 = CARTESIAN_POINT('',(0.15,8.131934561341E-02,41.149016312073));
#6366 = CARTESIAN_POINT('',(0.15,0.118586266266,41.1275768342));
#6367 = CARTESIAN_POINT('',(0.15,0.149060020289,41.096788398499));
#6368 = CARTESIAN_POINT('',(0.15,0.170115628613,41.059303094223));
#6369 = CARTESIAN_POINT('',(0.15,0.180407841621,41.018526446637));
#6370 = CARTESIAN_POINT('',(0.15,0.179577027835,40.937602774067));
#6371 = CARTESIAN_POINT('',(0.15,0.168649858356,40.897418955762));
#6372 = CARTESIAN_POINT('',(0.15,0.147225449674,40.860651354938));
#6373 = CARTESIAN_POINT('',(0.15,0.116666686943,40.830584693719));
#6374 = CARTESIAN_POINT('',(0.15,7.955624559451E-02,40.809760064809));
#6375 = CARTESIAN_POINT('',(0.15,3.920052994675E-02,40.7994868459));
#6376 = CARTESIAN_POINT('',(0.15,-4.120571417761E-02,40.799967236679));
#6377 = CARTESIAN_POINT('',(0.15,-8.12903408175E-02,40.810645173002));
#6378 = CARTESIAN_POINT('',(0.15,-0.118040183549,40.831758930826));
#6379 = CARTESIAN_POINT('',(0.15,-0.148200327743,40.861979403617));
#6380 = CARTESIAN_POINT('',(0.15,-0.169240710765,40.898771463886));
#6381 = CARTESIAN_POINT('',(0.15,-0.17983872695,40.938877535038));
#6382 = CARTESIAN_POINT('',(0.15,-0.180159844335,41.019497756789));
#6383 = CARTESIAN_POINT('',(0.15,-0.169695894054,41.060046762489));
#6384 = CARTESIAN_POINT('',(0.15,-0.148574975399,41.097277043722));
#6385 = CARTESIAN_POINT('',(0.15,-0.118141657418,41.127832032372));
#6386 = CARTESIAN_POINT('',(0.15,-8.099604295191E-02,41.149101224175));
#6387 = CARTESIAN_POINT('',(0.15,-4.048930007638E-02,41.159726675477));
#6388 = CARTESIAN_POINT('',(0.15,0.,41.159726675477));
#6389 = PCURVE('',#6390,#6395);
#6390 = TOROIDAL_SURFACE('',#6391,40.98,0.18);
#6391 = AXIS2_PLACEMENT_3D('',#6392,#6393,#6394);
#6392 = CARTESIAN_POINT('',(0.,0.,0.));
#6393 = DIRECTION('',(0.,1.,0.));
#6394 = DIRECTION('',(0.,-0.,1.));
#6395 = DEFINITIONAL_REPRESENTATION('',(#6396),#6423);
#6396 = B_SPLINE_CURVE_WITH_KNOTS('',7,(#6397,#6398,#6399,#6400,#6401,
    #6402,#6403,#6404,#6405,#6406,#6407,#6408,#6409,#6410,#6411,#6412,
    #6413,#6414,#6415,#6416,#6417,#6418,#6419,#6420,#6421,#6422),
  .UNSPECIFIED.,.F.,.F.,(8,6,6,6,8),(0.,0.251633164442,0.500950410604,
    0.749366363547,1.),.UNSPECIFIED.);
#6397 = CARTESIAN_POINT('',(3.644322935563E-03,0.));
#6398 = CARTESIAN_POINT('',(3.644322935563E-03,0.2258376236));
#6399 = CARTESIAN_POINT('',(3.645271231394E-03,0.451773265529));
#6400 = CARTESIAN_POINT('',(3.64716950075E-03,0.677628945936));
#6401 = CARTESIAN_POINT('',(3.649898569417E-03,0.903433846263));
#6402 = CARTESIAN_POINT('',(3.653230188099E-03,1.129289502397));
#6403 = CARTESIAN_POINT('',(3.656864269934E-03,1.355225096057));
#6404 = CARTESIAN_POINT('',(3.664093001591E-03,1.804821735835));
#6405 = CARTESIAN_POINT('',(3.667690784813E-03,2.028674323998));
#6406 = CARTESIAN_POINT('',(3.670991607938E-03,2.252450774512));
#6407 = CARTESIAN_POINT('',(3.673698013996E-03,2.47617885899));
#6408 = CARTESIAN_POINT('',(3.675574547735E-03,2.699955337886));
#6409 = CARTESIAN_POINT('',(3.676500264036E-03,2.923807973803));
#6410 = CARTESIAN_POINT('',(3.676456976234E-03,3.370517302417));
#6411 = CARTESIAN_POINT('',(3.675494791299E-03,3.593559328435));
#6412 = CARTESIAN_POINT('',(3.673592296049E-03,3.816526636612));
#6413 = CARTESIAN_POINT('',(3.670872271377E-03,4.03944645837));
#6414 = CARTESIAN_POINT('',(3.667569516135E-03,4.262413743655));
#6415 = CARTESIAN_POINT('',(3.663978934951E-03,4.485455722219));
#6416 = CARTESIAN_POINT('',(3.656777707379E-03,4.933346395434));
#6417 = CARTESIAN_POINT('',(3.653164093523E-03,5.158382962329));
#6418 = CARTESIAN_POINT('',(3.649855256245E-03,5.383341248195));
#6419 = CARTESIAN_POINT('',(3.647146905382E-03,5.608249821959));
#6420 = CARTESIAN_POINT('',(3.645263713252E-03,5.833208136271));
#6421 = CARTESIAN_POINT('',(3.644322935562E-03,6.0582447512));
#6422 = CARTESIAN_POINT('',(3.644322935562E-03,6.28318530718));
#6423 = ( GEOMETRIC_REPRESENTATION_CONTEXT(2)
PARAMETRIC_REPRESENTATION_CONTEXT() REPRESENTATION_CONTEXT('2D SPACE',''
  ) );
#6424 = PCURVE('',#6425,#6430);
#6425 = PLANE('',#6426);
#6426 = AXIS2_PLACEMENT_3D('',#6427,#6428,#6429);
#6427 = CARTESIAN_POINT('',(0.15,-47.,-47.));
#6428 = DIRECTION('',(1.,0.,-0.));
#6429 = DIRECTION('',(0.,0.,1.));
#6430 = DEFINITIONAL_REPRESENTATION('',(#6431),#6458);
#6431 = B_SPLINE_CURVE_WITH_KNOTS('',7,(#6432,#6433,#6434,#6435,#6436,
    #6437,#6438,#6439,#6440,#6441,#6442,#6443,#6444,#6445,#6446,#6447,
    #6448,#6449,#6450,#6451,#6452,#6453,#6454,#6455,#6456,#6457),
  .UNSPECIFIED.,.T.,.F.,(8,6,6,6,8),(0.,0.251633164442,0.500950410604,
    0.749366363547,1.),.UNSPECIFIED.);
#6432 = CARTESIAN_POINT('',(88.159726675477,-47.));
#6433 = CARTESIAN_POINT('',(88.159726675477,-47.04065077224));
#6434 = CARTESIAN_POINT('',(88.149016312073,-47.08131934561));
#6435 = CARTESIAN_POINT('',(88.1275768342,-47.11858626626));
#6436 = CARTESIAN_POINT('',(88.096788398499,-47.14906002028));
#6437 = CARTESIAN_POINT('',(88.059303094223,-47.17011562861));
#6438 = CARTESIAN_POINT('',(88.018526446637,-47.18040784162));
#6439 = CARTESIAN_POINT('',(87.937602774067,-47.17957702783));
#6440 = CARTESIAN_POINT('',(87.897418955762,-47.16864985835));
#6441 = CARTESIAN_POINT('',(87.860651354938,-47.14722544967));
#6442 = CARTESIAN_POINT('',(87.830584693719,-47.11666668694));
#6443 = CARTESIAN_POINT('',(87.809760064809,-47.07955624559));
#6444 = CARTESIAN_POINT('',(87.7994868459,-47.03920052994));
#6445 = CARTESIAN_POINT('',(87.799967236679,-46.95879428582));
#6446 = CARTESIAN_POINT('',(87.810645173002,-46.91870965918));
#6447 = CARTESIAN_POINT('',(87.831758930826,-46.88195981645));
#6448 = CARTESIAN_POINT('',(87.861979403617,-46.85179967225));
#6449 = CARTESIAN_POINT('',(87.898771463886,-46.83075928923));
#6450 = CARTESIAN_POINT('',(87.938877535038,-46.82016127305));
#6451 = CARTESIAN_POINT('',(88.019497756789,-46.81984015566));
#6452 = CARTESIAN_POINT('',(88.060046762489,-46.83030410594));
#6453 = CARTESIAN_POINT('',(88.097277043722,-46.8514250246));
#6454 = CARTESIAN_POINT('',(88.127832032372,-46.88185834258));
#6455 = CARTESIAN_POINT('',(88.149101224175,-46.91900395704));
#6456 = CARTESIAN_POINT('',(88.159726675477,-46.95951069992));
#6457 = CARTESIAN_POINT('',(88.159726675477,-47.));
#6458 = ( GEOMETRIC_REPRESENTATION_CONTEXT(2)
PARAMETRIC_REPRESENTATION_CONTEXT() REPRESENTATION_CONTEXT('2D SPACE',''
  ) );
#6459 = ORIENTED_EDGE('',*,*,#6460,.T.);
#6460 = EDGE_CURVE('',#6359,#6461,#6463,.T.);
#6461 = VERTEX_POINT('',#6462);
#6462 = CARTESIAN_POINT('',(0.15,-4.40872847693E-17,-41.15972667547));
#6463 = SEAM_CURVE('',#6464,(#6469,#6476),.PCURVE_S1.);
#6464 = CIRCLE('',#6465,41.16);
#6465 = AXIS2_PLACEMENT_3D('',#6466,#6467,#6468);
#6466 = CARTESIAN_POINT('',(0.,-4.40872847693E-17,0.));
#6467 = DIRECTION('',(0.,1.,0.));
#6468 = DIRECTION('',(0.,-0.,1.));
#6469 = PCURVE('',#6390,#6470);
#6470 = DEFINITIONAL_REPRESENTATION('',(#6471),#6475);
#6471 = LINE('',#6472,#6473);
#6472 = CARTESIAN_POINT('',(0.,6.28318530718));
#6473 = VECTOR('',#6474,1.);
#6474 = DIRECTION('',(1.,0.));
#6475 = ( GEOMETRIC_REPRESENTATION_CONTEXT(2)
PARAMETRIC_REPRESENTATION_CONTEXT() REPRESENTATION_CONTEXT('2D SPACE',''
  ) );
#6476 = PCURVE('',#6390,#6477);
#6477 = DEFINITIONAL_REPRESENTATION('',(#6478),#6482);
#6478 = LINE('',#6479,#6480);
#6479 = CARTESIAN_POINT('',(0.,0.));
#6480 = VECTOR('',#6481,1.);
#6481 = DIRECTION('',(1.,0.));
#6482 = ( GEOMETRIC_REPRESENTATION_CONTEXT(2)
PARAMETRIC_REPRESENTATION_CONTEXT() REPRESENTATION_CONTEXT('2D SPACE',''
  ) );
#6483 = ORIENTED_EDGE('',*,*,#6484,.T.);
#6484 = EDGE_CURVE('',#6461,#6461,#6485,.T.);
#6485 = SURFACE_CURVE('',#6486,(#6513,#6543),.PCURVE_S1.);
#6486 = B_SPLINE_CURVE_WITH_KNOTS('',7,(#6487,#6488,#6489,#6490,#6491,
    #6492,#6493,#6494,#6495,#6496,#6497,#6498,#6499,#6500,#6501,#6502,
    #6503,#6504,#6505,#6506,#6507,#6508,#6509,#6510,#6511,#6512),
  .UNSPECIFIED.,.T.,.F.,(8,6,6,6,8),(0.,0.251633163225,0.500950406849,
    0.749366346844,1.),.UNSPECIFIED.);
#6487 = CARTESIAN_POINT('',(0.15,0.,-41.15972667547));
#6488 = CARTESIAN_POINT('',(0.15,4.065077205117E-02,-41.15972667547));
#6489 = CARTESIAN_POINT('',(0.15,8.131934521963E-02,-41.14901631217));
#6490 = CARTESIAN_POINT('',(0.15,0.118586265724,-41.12757683451));
#6491 = CARTESIAN_POINT('',(0.15,0.149060019699,-41.09678839909));
#6492 = CARTESIAN_POINT('',(0.15,0.170115628103,-41.05930309513));
#6493 = CARTESIAN_POINT('',(0.15,0.180407841322,-41.01852644782));
#6494 = CARTESIAN_POINT('',(0.15,0.179577028162,-40.93760277585));
#6495 = CARTESIAN_POINT('',(0.15,0.168649859209,-40.89741895787));
#6496 = CARTESIAN_POINT('',(0.15,0.14722545124,-40.86065135718));
#6497 = CARTESIAN_POINT('',(0.15,0.116666689331,-40.83058469583));
#6498 = CARTESIAN_POINT('',(0.15,7.955624878561E-02,-40.80976006647));
#6499 = CARTESIAN_POINT('',(0.15,3.920053379286E-02,-40.79948684682));
#6500 = CARTESIAN_POINT('',(0.15,-4.120570784099E-02,-40.79996723569));
#6501 = CARTESIAN_POINT('',(0.15,-8.129033264397E-02,-40.81064516996));
#6502 = CARTESIAN_POINT('',(0.15,-0.118040174304,-40.83175892473));
#6503 = CARTESIAN_POINT('',(0.15,-0.148200318672,-40.86197939381));
#6504 = CARTESIAN_POINT('',(0.15,-0.169240703369,-40.89877145029));
#6505 = CARTESIAN_POINT('',(0.15,-0.179838722669,-40.93887751824));
#6506 = CARTESIAN_POINT('',(0.15,-0.180159848522,-41.01949774057));
#6507 = CARTESIAN_POINT('',(0.15,-0.169695901094,-41.06004675007));
#6508 = CARTESIAN_POINT('',(0.15,-0.148574983516,-41.09727703557));
#6509 = CARTESIAN_POINT('',(0.15,-0.11814166485,-41.12783202811));
#6510 = CARTESIAN_POINT('',(0.15,-8.099604835526E-02,-41.14910122275));
#6511 = CARTESIAN_POINT('',(0.15,-4.048930277468E-02,-41.15972667547));
#6512 = CARTESIAN_POINT('',(0.15,0.,-41.15972667547));
#6513 = PCURVE('',#6390,#6514);
#6514 = DEFINITIONAL_REPRESENTATION('',(#6515),#6542);
#6515 = B_SPLINE_CURVE_WITH_KNOTS('',7,(#6516,#6517,#6518,#6519,#6520,
    #6521,#6522,#6523,#6524,#6525,#6526,#6527,#6528,#6529,#6530,#6531,
    #6532,#6533,#6534,#6535,#6536,#6537,#6538,#6539,#6540,#6541),
  .UNSPECIFIED.,.F.,.F.,(8,6,6,6,8),(0.,0.251633163225,0.500950406849,
    0.749366346844,1.),.UNSPECIFIED.);
#6516 = CARTESIAN_POINT('',(3.137948330654,0.));
#6517 = CARTESIAN_POINT('',(3.137948330654,0.225837622506));
#6518 = CARTESIAN_POINT('',(3.137947382358,0.451773263342));
#6519 = CARTESIAN_POINT('',(3.137945484089,0.677628942652));
#6520 = CARTESIAN_POINT('',(3.13794275502,0.903433841892));
#6521 = CARTESIAN_POINT('',(3.137939423402,1.129289496928));
#6522 = CARTESIAN_POINT('',(3.13793578932,1.355225089495));
#6523 = CARTESIAN_POINT('',(3.137928560588,1.804821725901));
#6524 = CARTESIAN_POINT('',(3.137924962805,2.02867431178));
#6525 = CARTESIAN_POINT('',(3.137921661982,2.252450760016));
#6526 = CARTESIAN_POINT('',(3.137918955576,2.476178842216));
#6527 = CARTESIAN_POINT('',(3.137917079042,2.699955318834));
#6528 = CARTESIAN_POINT('',(3.137916153326,2.923807952467));
#6529 = CARTESIAN_POINT('',(3.137916196613,3.370517267182));
#6530 = CARTESIAN_POINT('',(3.137917158798,3.593559281558));
#6531 = CARTESIAN_POINT('',(3.137919061293,3.816526578105));
#6532 = CARTESIAN_POINT('',(3.137921781318,4.039446388257));
#6533 = CARTESIAN_POINT('',(3.137925084072,4.262413661915));
#6534 = CARTESIAN_POINT('',(3.137928674653,4.485455628836));
#6535 = CARTESIAN_POINT('',(3.137935875881,4.93334630542));
#6536 = CARTESIAN_POINT('',(3.137939489495,5.158382887346));
#6537 = CARTESIAN_POINT('',(3.137942798333,5.383341188195));
#6538 = CARTESIAN_POINT('',(3.137945506684,5.608249776954));
#6539 = CARTESIAN_POINT('',(3.137947389876,5.833208106251));
#6540 = CARTESIAN_POINT('',(3.137948330654,6.058244736209));
#6541 = CARTESIAN_POINT('',(3.137948330654,6.28318530718));
#6542 = ( GEOMETRIC_REPRESENTATION_CONTEXT(2)
PARAMETRIC_REPRESENTATION_CONTEXT() REPRESENTATION_CONTEXT('2D SPACE',''
  ) );
#6543 = PCURVE('',#6544,#6549);
#6544 = PLANE('',#6545);
#6545 = AXIS2_PLACEMENT_3D('',#6546,#6547,#6548);
#6546 = CARTESIAN_POINT('',(0.15,-47.,-47.));
#6547 = DIRECTION('',(1.,0.,-0.));
#6548 = DIRECTION('',(0.,0.,1.));
#6549 = DEFINITIONAL_REPRESENTATION('',(#6550),#6577);
#6550 = B_SPLINE_CURVE_WITH_KNOTS('',7,(#6551,#6552,#6553,#6554,#6555,
    #6556,#6557,#6558,#6559,#6560,#6561,#6562,#6563,#6564,#6565,#6566,
    #6567,#6568,#6569,#6570,#6571,#6572,#6573,#6574,#6575,#6576),
  .UNSPECIFIED.,.T.,.F.,(8,6,6,6,8),(0.,0.251633163225,0.500950406849,
    0.749366346844,1.),.UNSPECIFIED.);
#6551 = CARTESIAN_POINT('',(5.840273324523,-47.));
#6552 = CARTESIAN_POINT('',(5.840273324523,-47.04065077205));
#6553 = CARTESIAN_POINT('',(5.850983687823,-47.08131934522));
#6554 = CARTESIAN_POINT('',(5.872423165488,-47.11858626572));
#6555 = CARTESIAN_POINT('',(5.903211600904,-47.14906001969));
#6556 = CARTESIAN_POINT('',(5.940696904869,-47.1701156281));
#6557 = CARTESIAN_POINT('',(5.981473552179,-47.18040784132));
#6558 = CARTESIAN_POINT('',(6.062397224148,-47.17957702816));
#6559 = CARTESIAN_POINT('',(6.102581042128,-47.1686498592));
#6560 = CARTESIAN_POINT('',(6.139348642812,-47.14722545124));
#6561 = CARTESIAN_POINT('',(6.169415304163,-47.11666668933));
#6562 = CARTESIAN_POINT('',(6.190239933521,-47.07955624878));
#6563 = CARTESIAN_POINT('',(6.200513153172,-47.03920053379));
#6564 = CARTESIAN_POINT('',(6.200032764307,-46.95879429215));
#6565 = CARTESIAN_POINT('',(6.189354830031,-46.91870966735));
#6566 = CARTESIAN_POINT('',(6.168241075265,-46.88195982569));
#6567 = CARTESIAN_POINT('',(6.138020606187,-46.85179968132));
#6568 = CARTESIAN_POINT('',(6.101228549702,-46.83075929663));
#6569 = CARTESIAN_POINT('',(6.061122481754,-46.82016127733));
#6570 = CARTESIAN_POINT('',(5.98050225943,-46.81984015147));
#6571 = CARTESIAN_POINT('',(5.939953249921,-46.8303040989));
#6572 = CARTESIAN_POINT('',(5.90272296443,-46.85142501648));
#6573 = CARTESIAN_POINT('',(5.872167971884,-46.88185833515));
#6574 = CARTESIAN_POINT('',(5.850898777241,-46.91900395164));
#6575 = CARTESIAN_POINT('',(5.840273324523,-46.95951069722));
#6576 = CARTESIAN_POINT('',(5.840273324523,-47.));
#6577 = ( GEOMETRIC_REPRESENTATION_CONTEXT(2)
PARAMETRIC_REPRESENTATION_CONTEXT() REPRESENTATION_CONTEXT('2D SPACE',''
  ) );
#6578 = ORIENTED_EDGE('',*,*,#6460,.F.);
#6579 = ADVANCED_FACE('',(#6580),#6425,.F.);
#6580 = FACE_BOUND('',#6581,.F.);
#6581 = EDGE_LOOP('',(#6582));
#6582 = ORIENTED_EDGE('',*,*,#6358,.F.);
#6583 = ADVANCED_FACE('',(#6584),#6544,.F.);
#6584 = FACE_BOUND('',#6585,.F.);
#6585 = EDGE_LOOP('',(#6586));
#6586 = ORIENTED_EDGE('',*,*,#6484,.T.);
#6587 = ( GEOMETRIC_REPRESENTATION_CONTEXT(3)
GLOBAL_UNCERTAINTY_ASSIGNED_CONTEXT((#6591))
GLOBAL_UNIT_ASSIGNED_CONTEXT((#6588,#6589,#6590)) REPRESENTATION_CONTEXT
('Context #1','3D Context with UNIT and UNCERTAINTY') );
#6588 = ( LENGTH_UNIT() NAMED_UNIT(*) SI_UNIT(.MILLI.,.METRE.) );
#6589 = ( NAMED_UNIT(*) PLANE_ANGLE_UNIT() SI_UNIT($,.RADIAN.) );
#6590 = ( NAMED_UNIT(*) SI_UNIT($,.STERADIAN.) SOLID_ANGLE_UNIT() );
#6591 = UNCERTAINTY_MEASURE_WITH_UNIT(LENGTH_MEASURE(1.E-06),#6588,
  'distance_accuracy_value','confusion accuracy');
#6592 = CONTEXT_DEPENDENT_SHAPE_REPRESENTATION(#6593,#6595);
#6593 = ( REPRESENTATION_RELATIONSHIP('','',#6351,#10)
REPRESENTATION_RELATIONSHIP_WITH_TRANSFORMATION(#6594)
SHAPE_REPRESENTATION_RELATIONSHIP() );
#6594 = ITEM_DEFINED_TRANSFORMATION('','',#11,#91);
#6595 = PRODUCT_DEFINITION_SHAPE('Placement','Placement of an item',
  #6596);
#6596 = NEXT_ASSEMBLY_USAGE_OCCURRENCE('20','','',#5,#6346,$);
#6597 = PRODUCT_RELATED_PRODUCT_CATEGORY('part',$,(#6348));
#6598 = SHAPE_DEFINITION_REPRESENTATION(#6599,#6605);
#6599 = PRODUCT_DEFINITION_SHAPE('','',#6600);
#6600 = PRODUCT_DEFINITION('design','',#6601,#6604);
#6601 = PRODUCT_DEFINITION_FORMATION('','',#6602);
#6602 = PRODUCT('Open CASCADE STEP translator 7.9 1.21',
  'Open CASCADE STEP translator 7.9 1.21','',(#6603));
#6603 = PRODUCT_CONTEXT('',#2,'mechanical');
#6604 = PRODUCT_DEFINITION_CONTEXT('part definition',#2,'design');
#6605 = ADVANCED_BREP_SHAPE_REPRESENTATION('',(#11,#6606),#6841);
#6606 = MANIFOLD_SOLID_BREP('',#6607);
#6607 = CLOSED_SHELL('',(#6608,#6833,#6837));
#6608 = ADVANCED_FACE('',(#6609),#6644,.T.);
#6609 = FACE_BOUND('',#6610,.T.);
#6610 = EDGE_LOOP('',(#6611,#6713,#6737,#6832));
#6611 = ORIENTED_EDGE('',*,*,#6612,.F.);
#6612 = EDGE_CURVE('',#6613,#6613,#6615,.T.);
#6613 = VERTEX_POINT('',#6614);
#6614 = CARTESIAN_POINT('',(0.15,-27.54123286792,30.587637896945));
#6615 = SURFACE_CURVE('',#6616,(#6643,#6678),.PCURVE_S1.);
#6616 = B_SPLINE_CURVE_WITH_KNOTS('',7,(#6617,#6618,#6619,#6620,#6621,
    #6622,#6623,#6624,#6625,#6626,#6627,#6628,#6629,#6630,#6631,#6632,
    #6633,#6634,#6635,#6636,#6637,#6638,#6639,#6640,#6641,#6642),
  .UNSPECIFIED.,.T.,.F.,(8,6,6,6,8),(0.,0.251633164442,0.500950410604,
    0.749366363548,1.),.UNSPECIFIED.);
#6617 = CARTESIAN_POINT('',(0.15,-27.54123286792,30.587637896945));
#6618 = CARTESIAN_POINT('',(0.15,-27.51102345687,30.614838572828));
#6619 = CARTESIAN_POINT('',(0.15,-27.47363418506,30.634091808841));
#6620 = CARTESIAN_POINT('',(0.15,-27.43159365499,30.643095609012));
#6621 = CARTESIAN_POINT('',(0.15,-27.38834575772,30.640606263844));
#6622 = CARTESIAN_POINT('',(0.15,-27.34761582697,30.626838205905));
#6623 = CARTESIAN_POINT('',(0.15,-27.3126823192,30.603422085981));
#6624 = CARTESIAN_POINT('',(0.15,-27.25915122807,30.542728154521));
#6625 = CARTESIAN_POINT('',(0.15,-27.24038347482,30.50555405434));
#6626 = CARTESIAN_POINT('',(0.15,-27.23170258624,30.463894674469));
#6627 = CARTESIAN_POINT('',(0.15,-27.23429364938,30.42110298733));
#6628 = CARTESIAN_POINT('',(0.15,-27.24793768527,30.380795539991));
#6629 = CARTESIAN_POINT('',(0.15,-27.27105370134,30.346157806036));
#6630 = CARTESIAN_POINT('',(0.15,-27.33112862977,30.292712527072));
#6631 = CARTESIAN_POINT('',(0.15,-27.36806224664,30.273825929668));
#6632 = CARTESIAN_POINT('',(0.15,-27.40950056368,30.264926064991));
#6633 = CARTESIAN_POINT('',(0.15,-27.45213536206,30.267203177396));
#6634 = CARTESIAN_POINT('',(0.15,-27.49239010742,30.280466242354));
#6635 = CARTESIAN_POINT('',(0.15,-27.52710216802,30.303179404605));
#6636 = CARTESIAN_POINT('',(0.15,-27.58128626261,30.362877035758));
#6637 = CARTESIAN_POINT('',(0.15,-27.60064261287,30.400012568919));
#6638 = CARTESIAN_POINT('',(0.15,-27.60985863212,30.441812712874));
#6639 = CARTESIAN_POINT('',(0.15,-27.60768754743,30.484883359097));
#6640 = CARTESIAN_POINT('',(0.15,-27.59431484345,30.525544716458));
#6641 = CARTESIAN_POINT('',(0.15,-27.57132228176,30.560545267034));
#6642 = CARTESIAN_POINT('',(0.15,-27.54123286792,30.587637896945));
#6643 = PCURVE('',#6644,#6649);
#6644 = TOROIDAL_SURFACE('',#6645,40.98,0.18);
#6645 = AXIS2_PLACEMENT_3D('',#6646,#6647,#6648);
#6646 = CARTESIAN_POINT('',(0.,0.,0.));
#6647 = DIRECTION('',(0.,0.743144825477,0.669130606359));
#6648 = DIRECTION('',(0.,-0.669130606359,0.743144825477));
#6649 = DEFINITIONAL_REPRESENTATION('',(#6650),#6677);
#6650 = B_SPLINE_CURVE_WITH_KNOTS('',7,(#6651,#6652,#6653,#6654,#6655,
    #6656,#6657,#6658,#6659,#6660,#6661,#6662,#6663,#6664,#6665,#6666,
    #6667,#6668,#6669,#6670,#6671,#6672,#6673,#6674,#6675,#6676),
  .UNSPECIFIED.,.F.,.F.,(8,6,6,6,8),(0.,0.251633164442,0.500950410604,
    0.749366363548,1.),.UNSPECIFIED.);
#6651 = CARTESIAN_POINT('',(3.644322935563E-03,0.));
#6652 = CARTESIAN_POINT('',(3.644322935563E-03,0.2258376236));
#6653 = CARTESIAN_POINT('',(3.645271231394E-03,0.45177326553));
#6654 = CARTESIAN_POINT('',(3.64716950075E-03,0.677628945936));
#6655 = CARTESIAN_POINT('',(3.649898569417E-03,0.903433846264));
#6656 = CARTESIAN_POINT('',(3.653230188099E-03,1.129289502397));
#6657 = CARTESIAN_POINT('',(3.656864269934E-03,1.355225096057));
#6658 = CARTESIAN_POINT('',(3.664093001591E-03,1.804821735835));
#6659 = CARTESIAN_POINT('',(3.667690784813E-03,2.028674323998));
#6660 = CARTESIAN_POINT('',(3.670991607938E-03,2.252450774512));
#6661 = CARTESIAN_POINT('',(3.673698013996E-03,2.47617885899));
#6662 = CARTESIAN_POINT('',(3.675574547735E-03,2.699955337886));
#6663 = CARTESIAN_POINT('',(3.676500264036E-03,2.923807973803));
#6664 = CARTESIAN_POINT('',(3.676456976234E-03,3.370517302417));
#6665 = CARTESIAN_POINT('',(3.675494791299E-03,3.593559328433));
#6666 = CARTESIAN_POINT('',(3.673592296049E-03,3.816526636615));
#6667 = CARTESIAN_POINT('',(3.670872271377E-03,4.039446458368));
#6668 = CARTESIAN_POINT('',(3.667569516135E-03,4.262413743656));
#6669 = CARTESIAN_POINT('',(3.663978934951E-03,4.485455722219));
#6670 = CARTESIAN_POINT('',(3.656777707379E-03,4.933346395433));
#6671 = CARTESIAN_POINT('',(3.653164093523E-03,5.158382962332));
#6672 = CARTESIAN_POINT('',(3.649855256245E-03,5.383341248189));
#6673 = CARTESIAN_POINT('',(3.647146905382E-03,5.608249821964));
#6674 = CARTESIAN_POINT('',(3.645263713252E-03,5.833208136269));
#6675 = CARTESIAN_POINT('',(3.644322935562E-03,6.0582447512));
#6676 = CARTESIAN_POINT('',(3.644322935562E-03,6.28318530718));
#6677 = ( GEOMETRIC_REPRESENTATION_CONTEXT(2)
PARAMETRIC_REPRESENTATION_CONTEXT() REPRESENTATION_CONTEXT('2D SPACE',''
  ) );
#6678 = PCURVE('',#6679,#6684);
#6679 = PLANE('',#6680);
#6680 = AXIS2_PLACEMENT_3D('',#6681,#6682,#6683);
#6681 = CARTESIAN_POINT('',(0.15,-47.,-47.));
#6682 = DIRECTION('',(1.,0.,-0.));
#6683 = DIRECTION('',(0.,0.,1.));
#6684 = DEFINITIONAL_REPRESENTATION('',(#6685),#6712);
#6685 = B_SPLINE_CURVE_WITH_KNOTS('',7,(#6686,#6687,#6688,#6689,#6690,
    #6691,#6692,#6693,#6694,#6695,#6696,#6697,#6698,#6699,#6700,#6701,
    #6702,#6703,#6704,#6705,#6706,#6707,#6708,#6709,#6710,#6711),
  .UNSPECIFIED.,.T.,.F.,(8,6,6,6,8),(0.,0.251633164442,0.500950410604,
    0.749366363548,1.),.UNSPECIFIED.);
#6686 = CARTESIAN_POINT('',(77.587637896945,-19.45876713207));
#6687 = CARTESIAN_POINT('',(77.614838572828,-19.48897654312));
#6688 = CARTESIAN_POINT('',(77.634091808841,-19.52636581493));
#6689 = CARTESIAN_POINT('',(77.643095609012,-19.568406345));
#6690 = CARTESIAN_POINT('',(77.640606263844,-19.61165424227));
#6691 = CARTESIAN_POINT('',(77.626838205905,-19.65238417302));
#6692 = CARTESIAN_POINT('',(77.603422085981,-19.68731768079));
#6693 = CARTESIAN_POINT('',(77.542728154521,-19.74084877192));
#6694 = CARTESIAN_POINT('',(77.50555405434,-19.75961652517));
#6695 = CARTESIAN_POINT('',(77.463894674469,-19.76829741375));
#6696 = CARTESIAN_POINT('',(77.42110298733,-19.76570635061));
#6697 = CARTESIAN_POINT('',(77.380795539991,-19.75206231472));
#6698 = CARTESIAN_POINT('',(77.346157806036,-19.72894629865));
#6699 = CARTESIAN_POINT('',(77.292712527072,-19.66887137022));
#6700 = CARTESIAN_POINT('',(77.273825929668,-19.63193775335));
#6701 = CARTESIAN_POINT('',(77.264926064991,-19.59049943631));
#6702 = CARTESIAN_POINT('',(77.267203177396,-19.54786463793));
#6703 = CARTESIAN_POINT('',(77.280466242354,-19.50760989257));
#6704 = CARTESIAN_POINT('',(77.303179404605,-19.47289783197));
#6705 = CARTESIAN_POINT('',(77.362877035758,-19.41871373738));
#6706 = CARTESIAN_POINT('',(77.400012568919,-19.39935738712));
#6707 = CARTESIAN_POINT('',(77.441812712874,-19.39014136787));
#6708 = CARTESIAN_POINT('',(77.484883359097,-19.39231245257));
#6709 = CARTESIAN_POINT('',(77.525544716458,-19.40568515654));
#6710 = CARTESIAN_POINT('',(77.560545267034,-19.42867771823));
#6711 = CARTESIAN_POINT('',(77.587637896945,-19.45876713207));
#6712 = ( GEOMETRIC_REPRESENTATION_CONTEXT(2)
PARAMETRIC_REPRESENTATION_CONTEXT() REPRESENTATION_CONTEXT('2D SPACE',''
  ) );
#6713 = ORIENTED_EDGE('',*,*,#6714,.T.);
#6714 = EDGE_CURVE('',#6613,#6715,#6717,.T.);
#6715 = VERTEX_POINT('',#6716);
#6716 = CARTESIAN_POINT('',(0.15,27.541232867927,-30.58763789694));
#6717 = SEAM_CURVE('',#6718,(#6723,#6730),.PCURVE_S1.);
#6718 = CIRCLE('',#6719,41.16);
#6719 = AXIS2_PLACEMENT_3D('',#6720,#6721,#6722);
#6720 = CARTESIAN_POINT('',(0.,-3.276323754566E-17,-2.95001515904E-17));
#6721 = DIRECTION('',(0.,0.743144825477,0.669130606359));
#6722 = DIRECTION('',(0.,-0.669130606359,0.743144825477));
#6723 = PCURVE('',#6644,#6724);
#6724 = DEFINITIONAL_REPRESENTATION('',(#6725),#6729);
#6725 = LINE('',#6726,#6727);
#6726 = CARTESIAN_POINT('',(0.,6.28318530718));
#6727 = VECTOR('',#6728,1.);
#6728 = DIRECTION('',(1.,0.));
#6729 = ( GEOMETRIC_REPRESENTATION_CONTEXT(2)
PARAMETRIC_REPRESENTATION_CONTEXT() REPRESENTATION_CONTEXT('2D SPACE',''
  ) );
#6730 = PCURVE('',#6644,#6731);
#6731 = DEFINITIONAL_REPRESENTATION('',(#6732),#6736);
#6732 = LINE('',#6733,#6734);
#6733 = CARTESIAN_POINT('',(0.,0.));
#6734 = VECTOR('',#6735,1.);
#6735 = DIRECTION('',(1.,0.));
#6736 = ( GEOMETRIC_REPRESENTATION_CONTEXT(2)
PARAMETRIC_REPRESENTATION_CONTEXT() REPRESENTATION_CONTEXT('2D SPACE',''
  ) );
#6737 = ORIENTED_EDGE('',*,*,#6738,.T.);
#6738 = EDGE_CURVE('',#6715,#6715,#6739,.T.);
#6739 = SURFACE_CURVE('',#6740,(#6767,#6797),.PCURVE_S1.);
#6740 = B_SPLINE_CURVE_WITH_KNOTS('',7,(#6741,#6742,#6743,#6744,#6745,
    #6746,#6747,#6748,#6749,#6750,#6751,#6752,#6753,#6754,#6755,#6756,
    #6757,#6758,#6759,#6760,#6761,#6762,#6763,#6764,#6765,#6766),
  .UNSPECIFIED.,.T.,.F.,(8,6,6,6,8),(0.,0.251633163225,0.500950406848,
    0.749366346843,1.),.UNSPECIFIED.);
#6741 = CARTESIAN_POINT('',(0.15,27.541232867927,-30.58763789694));
#6742 = CARTESIAN_POINT('',(0.15,27.571442278829,-30.56043722119));
#6743 = CARTESIAN_POINT('',(0.15,27.594498286648,-30.5252652831));
#6744 = CARTESIAN_POINT('',(0.15,27.607847195093,-30.4843962091));
#6745 = CARTESIAN_POINT('',(0.15,27.609892123213,-30.44112502116));
#6746 = CARTESIAN_POINT('',(0.15,27.600456925475,-30.39917905947));
#6747 = CARTESIAN_POINT('',(0.15,27.580820627731,-30.36198927015));
#6748 = CARTESIAN_POINT('',(0.15,27.526054707537,-30.30240718458));
#6749 = CARTESIAN_POINT('',(0.15,27.491046015982,-30.27985649136));
#6750 = CARTESIAN_POINT('',(0.15,27.450522251121,-30.26686856627));
#6751 = CARTESIAN_POINT('',(0.15,27.407694141994,-30.26497248535));
#6752 = CARTESIAN_POINT('',(0.15,27.366181313262,-30.27432850138));
#6753 = CARTESIAN_POINT('',(0.15,27.329317046792,-30.2936972554));
#6754 = CARTESIAN_POINT('',(0.15,27.269885007279,-30.34785653112));
#6755 = CARTESIAN_POINT('',(0.15,27.247241258412,-30.38261363203));
#6756 = CARTESIAN_POINT('',(0.15,27.234058663274,-30.42289465346));
#6757 = CARTESIAN_POINT('',(0.15,27.23186674885,-30.46553391437));
#6758 = CARTESIAN_POINT('',(0.15,27.240849386901,-30.50695450613));
#6759 = CARTESIAN_POINT('',(0.15,27.259809721263,-30.54385058208));
#6760 = CARTESIAN_POINT('',(0.15,27.313516536496,-30.60397795826));
#6761 = CARTESIAN_POINT('',(0.15,27.3484253482,-30.62710999737));
#6762 = CARTESIAN_POINT('',(0.15,27.389033172315,-30.640644839));
#6763 = CARTESIAN_POINT('',(0.15,27.432094816291,-30.64298775863));
#6764 = CARTESIAN_POINT('',(0.15,27.473931258088,-30.63393858168));
#6765 = CARTESIAN_POINT('',(0.15,27.511143452083,-30.61473052866));
#6766 = CARTESIAN_POINT('',(0.15,27.541232867927,-30.58763789694));
#6767 = PCURVE('',#6644,#6768);
#6768 = DEFINITIONAL_REPRESENTATION('',(#6769),#6796);
#6769 = B_SPLINE_CURVE_WITH_KNOTS('',7,(#6770,#6771,#6772,#6773,#6774,
    #6775,#6776,#6777,#6778,#6779,#6780,#6781,#6782,#6783,#6784,#6785,
    #6786,#6787,#6788,#6789,#6790,#6791,#6792,#6793,#6794,#6795),
  .UNSPECIFIED.,.F.,.F.,(8,6,6,6,8),(0.,0.251633163225,0.500950406848,
    0.749366346843,1.),.UNSPECIFIED.);
#6770 = CARTESIAN_POINT('',(3.137948330654,0.));
#6771 = CARTESIAN_POINT('',(3.137948330654,0.225837622507));
#6772 = CARTESIAN_POINT('',(3.137947382358,0.451773263341));
#6773 = CARTESIAN_POINT('',(3.137945484089,0.677628942655));
#6774 = CARTESIAN_POINT('',(3.13794275502,0.903433841889));
#6775 = CARTESIAN_POINT('',(3.137939423402,1.129289496929));
#6776 = CARTESIAN_POINT('',(3.13793578932,1.355225089494));
#6777 = CARTESIAN_POINT('',(3.137928560588,1.804821725901));
#6778 = CARTESIAN_POINT('',(3.137924962805,2.028674311778));
#6779 = CARTESIAN_POINT('',(3.137921661982,2.25245076002));
#6780 = CARTESIAN_POINT('',(3.137918955576,2.476178842213));
#6781 = CARTESIAN_POINT('',(3.137917079042,2.699955318835));
#6782 = CARTESIAN_POINT('',(3.137916153326,2.923807952467));
#6783 = CARTESIAN_POINT('',(3.137916196613,3.370517267181));
#6784 = CARTESIAN_POINT('',(3.137917158798,3.593559281561));
#6785 = CARTESIAN_POINT('',(3.137919061293,3.8165265781));
#6786 = CARTESIAN_POINT('',(3.137921781318,4.039446388263));
#6787 = CARTESIAN_POINT('',(3.137925084072,4.262413661912));
#6788 = CARTESIAN_POINT('',(3.137928674653,4.485455628836));
#6789 = CARTESIAN_POINT('',(3.137935875881,4.933346305421));
#6790 = CARTESIAN_POINT('',(3.137939489495,5.15838288734));
#6791 = CARTESIAN_POINT('',(3.137942798333,5.383341188205));
#6792 = CARTESIAN_POINT('',(3.137945506684,5.608249776944));
#6793 = CARTESIAN_POINT('',(3.137947389876,5.833208106257));
#6794 = CARTESIAN_POINT('',(3.137948330654,6.058244736208));
#6795 = CARTESIAN_POINT('',(3.137948330654,6.28318530718));
#6796 = ( GEOMETRIC_REPRESENTATION_CONTEXT(2)
PARAMETRIC_REPRESENTATION_CONTEXT() REPRESENTATION_CONTEXT('2D SPACE',''
  ) );
#6797 = PCURVE('',#6798,#6803);
#6798 = PLANE('',#6799);
#6799 = AXIS2_PLACEMENT_3D('',#6800,#6801,#6802);
#6800 = CARTESIAN_POINT('',(0.15,-47.,-47.));
#6801 = DIRECTION('',(1.,0.,-0.));
#6802 = DIRECTION('',(0.,0.,1.));
#6803 = DEFINITIONAL_REPRESENTATION('',(#6804),#6831);
#6804 = B_SPLINE_CURVE_WITH_KNOTS('',7,(#6805,#6806,#6807,#6808,#6809,
    #6810,#6811,#6812,#6813,#6814,#6815,#6816,#6817,#6818,#6819,#6820,
    #6821,#6822,#6823,#6824,#6825,#6826,#6827,#6828,#6829,#6830),
  .UNSPECIFIED.,.T.,.F.,(8,6,6,6,8),(0.,0.251633163225,0.500950406848,
    0.749366346843,1.),.UNSPECIFIED.);
#6805 = CARTESIAN_POINT('',(16.412362103055,-74.54123286792));
#6806 = CARTESIAN_POINT('',(16.439562778807,-74.57144227882));
#6807 = CARTESIAN_POINT('',(16.474734716896,-74.59449828664));
#6808 = CARTESIAN_POINT('',(16.515603790898,-74.60784719509));
#6809 = CARTESIAN_POINT('',(16.558874978837,-74.60989212321));
#6810 = CARTESIAN_POINT('',(16.600820940529,-74.60045692547));
#6811 = CARTESIAN_POINT('',(16.63801072985,-74.58082062773));
#6812 = CARTESIAN_POINT('',(16.697592815419,-74.52605470753));
#6813 = CARTESIAN_POINT('',(16.720143508631,-74.49104601598));
#6814 = CARTESIAN_POINT('',(16.73313143373,-74.45052225112));
#6815 = CARTESIAN_POINT('',(16.735027514646,-74.40769414199));
#6816 = CARTESIAN_POINT('',(16.725671498612,-74.36618131326));
#6817 = CARTESIAN_POINT('',(16.706302744593,-74.32931704679));
#6818 = CARTESIAN_POINT('',(16.652143468874,-74.26988500727));
#6819 = CARTESIAN_POINT('',(16.61738636797,-74.24724125841));
#6820 = CARTESIAN_POINT('',(16.577105346537,-74.23405866327));
#6821 = CARTESIAN_POINT('',(16.534466085628,-74.23186674885));
#6822 = CARTESIAN_POINT('',(16.493045493863,-74.2408493869));
#6823 = CARTESIAN_POINT('',(16.456149417916,-74.25980972126));
#6824 = CARTESIAN_POINT('',(16.396022041731,-74.31351653649));
#6825 = CARTESIAN_POINT('',(16.372890002624,-74.3484253482));
#6826 = CARTESIAN_POINT('',(16.359355160995,-74.38903317231));
#6827 = CARTESIAN_POINT('',(16.357012241364,-74.43209481629));
#6828 = CARTESIAN_POINT('',(16.366061418313,-74.47393125808));
#6829 = CARTESIAN_POINT('',(16.385269471338,-74.51114345208));
#6830 = CARTESIAN_POINT('',(16.412362103055,-74.54123286792));
#6831 = ( GEOMETRIC_REPRESENTATION_CONTEXT(2)
PARAMETRIC_REPRESENTATION_CONTEXT() REPRESENTATION_CONTEXT('2D SPACE',''
  ) );
#6832 = ORIENTED_EDGE('',*,*,#6714,.F.);
#6833 = ADVANCED_FACE('',(#6834),#6679,.F.);
#6834 = FACE_BOUND('',#6835,.F.);
#6835 = EDGE_LOOP('',(#6836));
#6836 = ORIENTED_EDGE('',*,*,#6612,.F.);
#6837 = ADVANCED_FACE('',(#6838),#6798,.F.);
#6838 = FACE_BOUND('',#6839,.F.);
#6839 = EDGE_LOOP('',(#6840));
#6840 = ORIENTED_EDGE('',*,*,#6738,.T.);
#6841 = ( GEOMETRIC_REPRESENTATION_CONTEXT(3)
GLOBAL_UNCERTAINTY_ASSIGNED_CONTEXT((#6845))
GLOBAL_UNIT_ASSIGNED_CONTEXT((#6842,#6843,#6844)) REPRESENTATION_CONTEXT
('Context #1','3D Context with UNIT and UNCERTAINTY') );
#6842 = ( LENGTH_UNIT() NAMED_UNIT(*) SI_UNIT(.MILLI.,.METRE.) );
#6843 = ( NAMED_UNIT(*) PLANE_ANGLE_UNIT() SI_UNIT($,.RADIAN.) );
#6844 = ( NAMED_UNIT(*) SI_UNIT($,.STERADIAN.) SOLID_ANGLE_UNIT() );
#6845 = UNCERTAINTY_MEASURE_WITH_UNIT(LENGTH_MEASURE(1.E-06),#6842,
  'distance_accuracy_value','confusion accuracy');
#6846 = CONTEXT_DEPENDENT_SHAPE_REPRESENTATION(#6847,#6849);
#6847 = ( REPRESENTATION_RELATIONSHIP('','',#6605,#10)
REPRESENTATION_RELATIONSHIP_WITH_TRANSFORMATION(#6848)
SHAPE_REPRESENTATION_RELATIONSHIP() );
#6848 = ITEM_DEFINED_TRANSFORMATION('','',#11,#95);
#6849 = PRODUCT_DEFINITION_SHAPE('Placement','Placement of an item',
  #6850);
#6850 = NEXT_ASSEMBLY_USAGE_OCCURRENCE('21','','',#5,#6600,$);
#6851 = PRODUCT_RELATED_PRODUCT_CATEGORY('part',$,(#6602));
#6852 = SHAPE_DEFINITION_REPRESENTATION(#6853,#6859);
#6853 = PRODUCT_DEFINITION_SHAPE('','',#6854);
#6854 = PRODUCT_DEFINITION('design','',#6855,#6858);
#6855 = PRODUCT_DEFINITION_FORMATION('','',#6856);
#6856 = PRODUCT('Open CASCADE STEP translator 7.9 1.22',
  'Open CASCADE STEP translator 7.9 1.22','',(#6857));
#6857 = PRODUCT_CONTEXT('',#2,'mechanical');
#6858 = PRODUCT_DEFINITION_CONTEXT('part definition',#2,'design');
#6859 = ADVANCED_BREP_SHAPE_REPRESENTATION('',(#11,#6860),#7446);
#6860 = MANIFOLD_SOLID_BREP('',#6861);
#6861 = CLOSED_SHELL('',(#6862,#7438,#7442));
#6862 = ADVANCED_FACE('',(#6863),#6949,.T.);
#6863 = FACE_BOUND('',#6864,.T.);
#6864 = EDGE_LOOP('',(#6865,#7120,#7144,#7437));
#6865 = ORIENTED_EDGE('',*,*,#6866,.F.);
#6866 = EDGE_CURVE('',#6867,#6867,#6869,.T.);
#6867 = VERTEX_POINT('',#6868);
#6868 = CARTESIAN_POINT('',(-1.763491390772E-16,-29.84034852343,28.));
#6869 = SURFACE_CURVE('',#6870,(#6948,#7034),.PCURVE_S1.);
#6870 = B_SPLINE_CURVE_WITH_KNOTS('',6,(#6871,#6872,#6873,#6874,#6875,
    #6876,#6877,#6878,#6879,#6880,#6881,#6882,#6883,#6884,#6885,#6886,
    #6887,#6888,#6889,#6890,#6891,#6892,#6893,#6894,#6895,#6896,#6897,
    #6898,#6899,#6900,#6901,#6902,#6903,#6904,#6905,#6906,#6907,#6908,
    #6909,#6910,#6911,#6912,#6913,#6914,#6915,#6916,#6917,#6918,#6919,
    #6920,#6921,#6922,#6923,#6924,#6925,#6926,#6927,#6928,#6929,#6930,
    #6931,#6932,#6933,#6934,#6935,#6936,#6937,#6938,#6939,#6940,#6941,
    #6942,#6943,#6944,#6945,#6946,#6947),.UNSPECIFIED.,.T.,.F.,(7,5,5,5,
    5,5,5,5,5,5,5,5,5,5,5,7),(0.,0.109943998387,0.154317690643,
    0.255496953332,0.355603303426,0.397921631791,0.434879412652,
    0.455772416111,0.499662375088,0.565120844713,0.602078562855,
    0.644396815405,0.744503036905,0.845682284313,0.890055988195,1.),
  .UNSPECIFIED.);
#6871 = CARTESIAN_POINT('',(0.,-29.84034852343,28.));
#6872 = CARTESIAN_POINT('',(8.920651435659E-02,-29.84034880429,28.));
#6873 = CARTESIAN_POINT('',(0.178556413034,-29.82215944783,28.));
#6874 = CARTESIAN_POINT('',(0.264464761852,-29.78568168127,28.));
#6875 = CARTESIAN_POINT('',(0.344089284325,-29.7330880193,28.));
#6876 = CARTESIAN_POINT('',(0.415698625362,-29.66711118681,28.));
#6877 = CARTESIAN_POINT('',(0.503554867878,-29.55961626555,28.));
#6878 = CARTESIAN_POINT('',(0.527358656891,-29.52696662431,28.));
#6879 = CARTESIAN_POINT('',(0.549642954783,-29.49274880412,28.));
#6880 = CARTESIAN_POINT('',(0.57036598097,-29.45712972823,28.));
#6881 = CARTESIAN_POINT('',(0.589500028383,-29.42026818441,28.));
#6882 = CARTESIAN_POINT('',(0.646991337763,-29.29576355217,28.));
#6883 = CARTESIAN_POINT('',(0.678586595003,-29.20354989257,28.));
#6884 = CARTESIAN_POINT('',(0.701632225925,-29.10737925167,28.));
#6885 = CARTESIAN_POINT('',(0.716111458658,-29.00876760614,28.));
#6886 = CARTESIAN_POINT('',(0.722075706097,-28.9090812887,28.));
#6887 = CARTESIAN_POINT('',(0.717048779549,-28.71113481361,28.));
#6888 = CARTESIAN_POINT('',(0.706238464109,-28.61293587133,28.));
#6889 = CARTESIAN_POINT('',(0.687156374877,-28.51619866482,28.));
#6890 = CARTESIAN_POINT('',(0.659817316679,-28.42226264298,28.));
#6891 = CARTESIAN_POINT('',(0.624294592249,-28.33263847162,28.));
#6892 = CARTESIAN_POINT('',(0.562416265087,-28.21372114308,28.));
#6893 = CARTESIAN_POINT('',(0.542609308958,-28.17947284368,28.));
#6894 = CARTESIAN_POINT('',(0.52140038294,-28.14644353378,28.));
#6895 = CARTESIAN_POINT('',(0.498816993376,-28.11477858478,28.));
#6896 = CARTESIAN_POINT('',(0.474898857838,-28.08463165022,28.));
#6897 = CARTESIAN_POINT('',(0.427696475724,-28.03129697641,28.));
#6898 = CARTESIAN_POINT('',(0.404716014229,-28.00771175295,28.));
#6899 = CARTESIAN_POINT('',(0.380798002125,-27.98551089658,28.));
#6900 = CARTESIAN_POINT('',(0.355990462592,-27.96480351782,28.));
#6901 = CARTESIAN_POINT('',(0.330353975131,-27.94569744485,28.));
#6902 = CARTESIAN_POINT('',(0.289044890365,-27.91845592427,28.));
#6903 = CARTESIAN_POINT('',(0.273885080653,-27.90916163731,28.));
#6904 = CARTESIAN_POINT('',(0.258497951842,-27.90042998263,28.));
#6905 = CARTESIAN_POINT('',(0.242898509766,-27.89227837716,28.));
#6906 = CARTESIAN_POINT('',(0.227103190338,-27.8847230851,28.));
#6907 = CARTESIAN_POINT('',(0.177574631123,-27.86319214037,28.));
#6908 = CARTESIAN_POINT('',(0.143231446793,-27.8513016709,28.));
#6909 = CARTESIAN_POINT('',(0.108270024832,-27.84224800835,28.));
#6910 = CARTESIAN_POINT('',(7.288080490827E-02,-27.83613508746,28.));
#6911 = CARTESIAN_POINT('',(3.727023017253E-02,-27.8330202799,28.));
#6912 = CARTESIAN_POINT('',(-5.145947273449E-02,-27.83273062341,28.));
#6913 = CARTESIAN_POINT('',(-0.104608893819,-27.83922785494,28.));
#6914 = CARTESIAN_POINT('',(-0.157045294764,-27.85240551696,28.));
#6915 = CARTESIAN_POINT('',(-0.208103483659,-27.87197981565,28.));
#6916 = CARTESIAN_POINT('',(-0.257221747851,-27.8974698673,28.));
#6917 = CARTESIAN_POINT('',(-0.330353735577,-27.94569727164,28.));
#6918 = CARTESIAN_POINT('',(-0.35599020462,-27.96480331327,28.));
#6919 = CARTESIAN_POINT('',(-0.380797727768,-27.98551065828,28.));
#6920 = CARTESIAN_POINT('',(-0.404715725624,-28.00771147883,28.));
#6921 = CARTESIAN_POINT('',(-0.427696175074,-28.03129666469,28.));
#6922 = CARTESIAN_POINT('',(-0.474898533773,-28.084631252,28.));
#6923 = CARTESIAN_POINT('',(-0.498816658882,-28.11477813688,28.));
#6924 = CARTESIAN_POINT('',(-0.521400041267,-28.14644303443,28.));
#6925 = CARTESIAN_POINT('',(-0.542608963378,-28.17947229153,28.));
#6926 = CARTESIAN_POINT('',(-0.562415918872,-28.21372053717,28.));
#6927 = CARTESIAN_POINT('',(-0.624294276922,-28.33263772503,28.));
#6928 = CARTESIAN_POINT('',(-0.659817039806,-28.42226181287,28.));
#6929 = CARTESIAN_POINT('',(-0.687156146089,-28.51619775559,28.));
#6930 = CARTESIAN_POINT('',(-0.70623829281,-28.61293488883,28.));
#6931 = CARTESIAN_POINT('',(-0.717048675134,-28.71113376521,28.));
#6932 = CARTESIAN_POINT('',(-0.722075758073,-28.90908023939,28.));
#6933 = CARTESIAN_POINT('',(-0.716111581059,-29.00876662251,28.));
#6934 = CARTESIAN_POINT('',(-0.701632409113,-29.10737834155,28.));
#6935 = CARTESIAN_POINT('',(-0.678586829161,-29.20354906199,28.));
#6936 = CARTESIAN_POINT('',(-0.646991612702,-29.2957628055,28.));
#6937 = CARTESIAN_POINT('',(-0.589500339203,-29.42026757763,28.));
#6938 = CARTESIAN_POINT('',(-0.570366294293,-29.45712917453,28.));
#6939 = CARTESIAN_POINT('',(-0.549643267179,-29.4927483027,28.));
#6940 = CARTESIAN_POINT('',(-0.527358964916,-29.52696617395,28.));
#6941 = CARTESIAN_POINT('',(-0.503555168105,-29.55961586461,28.));
#6942 = CARTESIAN_POINT('',(-0.415698894856,-29.6671109397,28.));
#6943 = CARTESIAN_POINT('',(-0.344089528486,-29.73308785763,28.));
#6944 = CARTESIAN_POINT('',(-0.264464966371,-29.78568158318,28.));
#6945 = CARTESIAN_POINT('',(-0.178556572284,-29.82215942721,28.));
#6946 = CARTESIAN_POINT('',(-8.920655257693E-02,-29.84034880568,28.));
#6947 = CARTESIAN_POINT('',(0.,-29.84034852343,28.));
#6948 = PCURVE('',#6949,#6954);
#6949 = TOROIDAL_SURFACE('',#6950,40.2,0.72);
#6950 = AXIS2_PLACEMENT_3D('',#6951,#6952,#6953);
#6951 = CARTESIAN_POINT('',(0.,0.,0.));
#6952 = DIRECTION('',(1.,0.,0.));
#6953 = DIRECTION('',(-0.,0.,1.));
#6954 = DEFINITIONAL_REPRESENTATION('',(#6955),#7033);
#6955 = B_SPLINE_CURVE_WITH_KNOTS('',6,(#6956,#6957,#6958,#6959,#6960,
    #6961,#6962,#6963,#6964,#6965,#6966,#6967,#6968,#6969,#6970,#6971,
    #6972,#6973,#6974,#6975,#6976,#6977,#6978,#6979,#6980,#6981,#6982,
    #6983,#6984,#6985,#6986,#6987,#6988,#6989,#6990,#6991,#6992,#6993,
    #6994,#6995,#6996,#6997,#6998,#6999,#7000,#7001,#7002,#7003,#7004,
    #7005,#7006,#7007,#7008,#7009,#7010,#7011,#7012,#7013,#7014,#7015,
    #7016,#7017,#7018,#7019,#7020,#7021,#7022,#7023,#7024,#7025,#7026,
    #7027,#7028,#7029,#7030,#7031,#7032),.UNSPECIFIED.,.F.,.F.,(7,5,5,5,
    5,5,5,5,5,5,5,5,5,5,5,7),(0.,0.109943998387,0.154317690643,
    0.255496953332,0.355603303426,0.397921631791,0.434879412652,
    0.455772416111,0.499662375088,0.565120844713,0.602078562855,
    0.644396815405,0.744503036905,0.845682284313,0.890055988195,1.),
  .UNSPECIFIED.);
#6956 = CARTESIAN_POINT('',(0.81720516164,0.));
#6957 = CARTESIAN_POINT('',(0.817205168305,0.123898788931));
#6958 = CARTESIAN_POINT('',(0.816900994601,0.24799054329));
#6959 = CARTESIAN_POINT('',(0.816291056525,0.37074905106));
#6960 = CARTESIAN_POINT('',(0.815410000909,0.491615757504));
#6961 = CARTESIAN_POINT('',(0.814301094569,0.610242781547));
#6962 = CARTESIAN_POINT('',(0.81248749104,0.773490871118));
#6963 = CARTESIAN_POINT('',(0.811935951579,0.820071038139));
#6964 = CARTESIAN_POINT('',(0.811357117528,0.866296224109));
#6965 = CARTESIAN_POINT('',(0.810753670509,0.912180008192));
#6966 = CARTESIAN_POINT('',(0.810128171835,0.957742423483));
#6967 = CARTESIAN_POINT('',(0.808011927834,1.106225140293));
#6968 = CARTESIAN_POINT('',(0.806439099157,1.207867474047));
#6969 = CARTESIAN_POINT('',(0.804792183094,1.308307848904));
#6970 = CARTESIAN_POINT('',(0.803096173833,1.407898823021));
#6971 = CARTESIAN_POINT('',(0.801374140443,1.507031808462));
#6972 = CARTESIAN_POINT('',(0.797940107497,1.704306504854));
#6973 = CARTESIAN_POINT('',(0.796229325562,1.802388295144));
#6974 = CARTESIAN_POINT('',(0.794536716209,1.900920577261));
#6975 = CARTESIAN_POINT('',(0.792886162996,2.000297272557));
#6976 = CARTESIAN_POINT('',(0.791305196969,2.100887589665));
#6977 = CARTESIAN_POINT('',(0.789200478856,2.246305321066));
#6978 = CARTESIAN_POINT('',(0.78859337094,2.289794981429));
#6979 = CARTESIAN_POINT('',(0.788006997816,2.333591845009));
#6980 = CARTESIAN_POINT('',(0.787444059519,2.377715631087));
#6981 = CARTESIAN_POINT('',(0.786907419032,2.422179936387));
#6982 = CARTESIAN_POINT('',(0.785956922533,2.506126849576));
#6983 = CARTESIAN_POINT('',(0.785536129635,2.545526535407));
#6984 = CARTESIAN_POINT('',(0.785139626066,2.585194242493));
#6985 = CARTESIAN_POINT('',(0.784769453215,2.625128189543));
#6986 = CARTESIAN_POINT('',(0.784427630797,2.665319873875));
#6987 = CARTESIAN_POINT('',(0.783939927756,2.728610270178));
#6988 = CARTESIAN_POINT('',(0.783773458411,2.751544895054));
#6989 = CARTESIAN_POINT('',(0.783617003077,2.774553630938));
#6990 = CARTESIAN_POINT('',(0.783470888315,2.797632709188));
#6991 = CARTESIAN_POINT('',(0.783335419163,2.820777568938));
#6992 = CARTESIAN_POINT('',(0.782949256189,2.89273023549));
#6993 = CARTESIAN_POINT('',(0.782735833636,2.941747873707));
#6994 = CARTESIAN_POINT('',(0.782573240573,2.990978939644));
#6995 = CARTESIAN_POINT('',(0.782463428173,3.040362418706));
#6996 = CARTESIAN_POINT('',(0.782407474087,3.089828274717));
#6997 = CARTESIAN_POINT('',(0.782402271302,3.213064831569));
#6998 = CARTESIAN_POINT('',(0.782518984551,3.286866478592));
#6999 = CARTESIAN_POINT('',(0.782755718312,3.360391860368));
#7000 = CARTESIAN_POINT('',(0.783107138435,3.433427783434));
#7001 = CARTESIAN_POINT('',(0.783564216339,3.505818763823));
#7002 = CARTESIAN_POINT('',(0.784427627698,3.617865059953));
#7003 = CARTESIAN_POINT('',(0.784769449557,3.65805670743));
#7004 = CARTESIAN_POINT('',(0.785139621808,3.697990618197));
#7005 = CARTESIAN_POINT('',(0.785536124741,3.737658289561));
#7006 = CARTESIAN_POINT('',(0.785956916973,3.777057940195));
#7007 = CARTESIAN_POINT('',(0.786907411942,3.861004774673));
#7008 = CARTESIAN_POINT('',(0.787444051552,3.905469036677));
#7009 = CARTESIAN_POINT('',(0.788006988944,3.949592780074));
#7010 = CARTESIAN_POINT('',(0.788593361141,3.993389601492));
#7011 = CARTESIAN_POINT('',(0.789200468117,4.03687922011));
#7012 = CARTESIAN_POINT('',(0.79130518379,4.182296863832));
#7013 = CARTESIAN_POINT('',(0.792886148387,4.282887134851));
#7014 = CARTESIAN_POINT('',(0.794536700261,4.382263783076));
#7015 = CARTESIAN_POINT('',(0.796229308391,4.480796016383));
#7016 = CARTESIAN_POINT('',(0.797940089242,4.578877755479));
#7017 = CARTESIAN_POINT('',(0.801374122307,4.776152454986));
#7018 = CARTESIAN_POINT('',(0.803096156896,4.875285494656));
#7019 = CARTESIAN_POINT('',(0.80479216748,4.974876520712));
#7020 = CARTESIAN_POINT('',(0.806439084956,5.075316945964));
#7021 = CARTESIAN_POINT('',(0.808011915108,5.176959329369));
#7022 = CARTESIAN_POINT('',(0.810128161536,5.32544213683));
#7023 = CARTESIAN_POINT('',(0.810753661125,5.371004593052));
#7024 = CARTESIAN_POINT('',(0.81135710904,5.416888418479));
#7025 = CARTESIAN_POINT('',(0.811935943966,5.46311364631));
#7026 = CARTESIAN_POINT('',(0.812487484269,5.509693855797));
#7027 = CARTESIAN_POINT('',(0.814301090419,5.672942079138));
#7028 = CARTESIAN_POINT('',(0.81540999819,5.791569181444));
#7029 = CARTESIAN_POINT('',(0.816291054903,5.912435955023));
#7030 = CARTESIAN_POINT('',(0.81690099424,6.035194551041));
#7031 = CARTESIAN_POINT('',(0.817205168335,6.159286461997));
#7032 = CARTESIAN_POINT('',(0.81720516164,6.28318530718));
#7033 = ( GEOMETRIC_REPRESENTATION_CONTEXT(2)
PARAMETRIC_REPRESENTATION_CONTEXT() REPRESENTATION_CONTEXT('2D SPACE',''
  ) );
#7034 = PCURVE('',#7035,#7040);
#7035 = PLANE('',#7036);
#7036 = AXIS2_PLACEMENT_3D('',#7037,#7038,#7039);
#7037 = CARTESIAN_POINT('',(-3.5,-45.,28.));
#7038 = DIRECTION('',(0.,0.,1.));
#7039 = DIRECTION('',(1.,0.,-0.));
#7040 = DEFINITIONAL_REPRESENTATION('',(#7041),#7119);
#7041 = B_SPLINE_CURVE_WITH_KNOTS('',6,(#7042,#7043,#7044,#7045,#7046,
    #7047,#7048,#7049,#7050,#7051,#7052,#7053,#7054,#7055,#7056,#7057,
    #7058,#7059,#7060,#7061,#7062,#7063,#7064,#7065,#7066,#7067,#7068,
    #7069,#7070,#7071,#7072,#7073,#7074,#7075,#7076,#7077,#7078,#7079,
    #7080,#7081,#7082,#7083,#7084,#7085,#7086,#7087,#7088,#7089,#7090,
    #7091,#7092,#7093,#7094,#7095,#7096,#7097,#7098,#7099,#7100,#7101,
    #7102,#7103,#7104,#7105,#7106,#7107,#7108,#7109,#7110,#7111,#7112,
    #7113,#7114,#7115,#7116,#7117,#7118),.UNSPECIFIED.,.F.,.F.,(7,5,5,5,
    5,5,5,5,5,5,5,5,5,5,5,7),(0.,0.109943998387,0.154317690643,
    0.255496953332,0.355603303426,0.397921631791,0.434879412652,
    0.455772416111,0.499662375088,0.565120844713,0.602078562855,
    0.644396815405,0.744503036905,0.845682284313,0.890055988195,1.),
  .UNSPECIFIED.);
#7042 = CARTESIAN_POINT('',(3.5,15.159651476566));
#7043 = CARTESIAN_POINT('',(3.589206514357,15.159651195701));
#7044 = CARTESIAN_POINT('',(3.678556413034,15.177840552166));
#7045 = CARTESIAN_POINT('',(3.764464761852,15.214318318727));
#7046 = CARTESIAN_POINT('',(3.844089284325,15.2669119807));
#7047 = CARTESIAN_POINT('',(3.915698625362,15.33288881319));
#7048 = CARTESIAN_POINT('',(4.003554867878,15.440383734441));
#7049 = CARTESIAN_POINT('',(4.027358656891,15.473033375687));
#7050 = CARTESIAN_POINT('',(4.049642954783,15.507251195876));
#7051 = CARTESIAN_POINT('',(4.07036598097,15.542870271766));
#7052 = CARTESIAN_POINT('',(4.089500028383,15.579731815583));
#7053 = CARTESIAN_POINT('',(4.146991337763,15.704236447825));
#7054 = CARTESIAN_POINT('',(4.178586595003,15.796450107423));
#7055 = CARTESIAN_POINT('',(4.201632225925,15.892620748326));
#7056 = CARTESIAN_POINT('',(4.216111458658,15.991232393857));
#7057 = CARTESIAN_POINT('',(4.222075706097,16.090918711298));
#7058 = CARTESIAN_POINT('',(4.217048779549,16.288865186386));
#7059 = CARTESIAN_POINT('',(4.206238464109,16.387064128669));
#7060 = CARTESIAN_POINT('',(4.187156374877,16.483801335179));
#7061 = CARTESIAN_POINT('',(4.159817316679,16.577737357014));
#7062 = CARTESIAN_POINT('',(4.124294592249,16.667361528376));
#7063 = CARTESIAN_POINT('',(4.062416265087,16.786278856913));
#7064 = CARTESIAN_POINT('',(4.042609308958,16.820527156316));
#7065 = CARTESIAN_POINT('',(4.02140038294,16.853556466213));
#7066 = CARTESIAN_POINT('',(3.998816993376,16.88522141522));
#7067 = CARTESIAN_POINT('',(3.974898857838,16.915368349779));
#7068 = CARTESIAN_POINT('',(3.927696475724,16.968703023582));
#7069 = CARTESIAN_POINT('',(3.904716014229,16.992288247042));
#7070 = CARTESIAN_POINT('',(3.880798002125,17.014489103418));
#7071 = CARTESIAN_POINT('',(3.855990462592,17.035196482173));
#7072 = CARTESIAN_POINT('',(3.830353975131,17.054302555145));
#7073 = CARTESIAN_POINT('',(3.789044890365,17.081544075726));
#7074 = CARTESIAN_POINT('',(3.773885080653,17.09083836269));
#7075 = CARTESIAN_POINT('',(3.758497951842,17.099570017365));
#7076 = CARTESIAN_POINT('',(3.742898509766,17.107721622835));
#7077 = CARTESIAN_POINT('',(3.727103190338,17.115276914894));
#7078 = CARTESIAN_POINT('',(3.677574631123,17.13680785963));
#7079 = CARTESIAN_POINT('',(3.643231446793,17.148698329095));
#7080 = CARTESIAN_POINT('',(3.608270024832,17.157751991642));
#7081 = CARTESIAN_POINT('',(3.572880804908,17.163864912533));
#7082 = CARTESIAN_POINT('',(3.537270230173,17.166979720097));
#7083 = CARTESIAN_POINT('',(3.448540527266,17.167269376583));
#7084 = CARTESIAN_POINT('',(3.395391106181,17.160772145058));
#7085 = CARTESIAN_POINT('',(3.342954705236,17.147594483038));
#7086 = CARTESIAN_POINT('',(3.291896516341,17.128020184342));
#7087 = CARTESIAN_POINT('',(3.242778252149,17.102530132693));
#7088 = CARTESIAN_POINT('',(3.169646264423,17.054302728352));
#7089 = CARTESIAN_POINT('',(3.14400979538,17.035196686723));
#7090 = CARTESIAN_POINT('',(3.119202272232,17.014489341718));
#7091 = CARTESIAN_POINT('',(3.095284274376,16.99228852117));
#7092 = CARTESIAN_POINT('',(3.072303824926,16.968703335301));
#7093 = CARTESIAN_POINT('',(3.025101466227,16.915368747993));
#7094 = CARTESIAN_POINT('',(3.001183341118,16.885221863112));
#7095 = CARTESIAN_POINT('',(2.978599958733,16.853556965563));
#7096 = CARTESIAN_POINT('',(2.957391036622,16.820527708469));
#7097 = CARTESIAN_POINT('',(2.937584081128,16.78627946283));
#7098 = CARTESIAN_POINT('',(2.875705723078,16.667362274968));
#7099 = CARTESIAN_POINT('',(2.840182960194,16.577738187128));
#7100 = CARTESIAN_POINT('',(2.812843853911,16.483802244403));
#7101 = CARTESIAN_POINT('',(2.79376170719,16.387065111167));
#7102 = CARTESIAN_POINT('',(2.782951324866,16.288866234789));
#7103 = CARTESIAN_POINT('',(2.777924241927,16.090919760605));
#7104 = CARTESIAN_POINT('',(2.783888418941,15.991233377484));
#7105 = CARTESIAN_POINT('',(2.798367590887,15.89262165845));
#7106 = CARTESIAN_POINT('',(2.821413170839,15.796450938001));
#7107 = CARTESIAN_POINT('',(2.853008387298,15.704237194497));
#7108 = CARTESIAN_POINT('',(2.910499660797,15.57973242237));
#7109 = CARTESIAN_POINT('',(2.929633705707,15.542870825466));
#7110 = CARTESIAN_POINT('',(2.950356732821,15.507251697297));
#7111 = CARTESIAN_POINT('',(2.972641035084,15.473033826043));
#7112 = CARTESIAN_POINT('',(2.996444831895,15.440384135388));
#7113 = CARTESIAN_POINT('',(3.084301105144,15.332889060291));
#7114 = CARTESIAN_POINT('',(3.155910471514,15.266912142364));
#7115 = CARTESIAN_POINT('',(3.235535033629,15.214318416819));
#7116 = CARTESIAN_POINT('',(3.321443427716,15.177840572789));
#7117 = CARTESIAN_POINT('',(3.410793447423,15.159651194311));
#7118 = CARTESIAN_POINT('',(3.5,15.159651476566));
#7119 = ( GEOMETRIC_REPRESENTATION_CONTEXT(2)
PARAMETRIC_REPRESENTATION_CONTEXT() REPRESENTATION_CONTEXT('2D SPACE',''
  ) );
#7120 = ORIENTED_EDGE('',*,*,#7121,.T.);
#7121 = EDGE_CURVE('',#6867,#7122,#7124,.T.);
#7122 = VERTEX_POINT('',#7123);
#7123 = CARTESIAN_POINT('',(-1.763491390772E-16,29.840348523434,28.));
#7124 = SEAM_CURVE('',#7125,(#7130,#7137),.PCURVE_S1.);
#7125 = CIRCLE('',#7126,40.92);
#7126 = AXIS2_PLACEMENT_3D('',#7127,#7128,#7129);
#7127 = CARTESIAN_POINT('',(-1.763491390772E-16,0.,0.));
#7128 = DIRECTION('',(1.,0.,0.));
#7129 = DIRECTION('',(-0.,0.,1.));
#7130 = PCURVE('',#6949,#7131);
#7131 = DEFINITIONAL_REPRESENTATION('',(#7132),#7136);
#7132 = LINE('',#7133,#7134);
#7133 = CARTESIAN_POINT('',(0.,6.28318530718));
#7134 = VECTOR('',#7135,1.);
#7135 = DIRECTION('',(1.,0.));
#7136 = ( GEOMETRIC_REPRESENTATION_CONTEXT(2)
PARAMETRIC_REPRESENTATION_CONTEXT() REPRESENTATION_CONTEXT('2D SPACE',''
  ) );
#7137 = PCURVE('',#6949,#7138);
#7138 = DEFINITIONAL_REPRESENTATION('',(#7139),#7143);
#7139 = LINE('',#7140,#7141);
#7140 = CARTESIAN_POINT('',(0.,0.));
#7141 = VECTOR('',#7142,1.);
#7142 = DIRECTION('',(1.,0.));
#7143 = ( GEOMETRIC_REPRESENTATION_CONTEXT(2)
PARAMETRIC_REPRESENTATION_CONTEXT() REPRESENTATION_CONTEXT('2D SPACE',''
  ) );
#7144 = ORIENTED_EDGE('',*,*,#7145,.T.);
#7145 = EDGE_CURVE('',#7122,#7122,#7146,.T.);
#7146 = SURFACE_CURVE('',#7147,(#7240,#7336),.PCURVE_S1.);
#7147 = B_SPLINE_CURVE_WITH_KNOTS('',7,(#7148,#7149,#7150,#7151,#7152,
    #7153,#7154,#7155,#7156,#7157,#7158,#7159,#7160,#7161,#7162,#7163,
    #7164,#7165,#7166,#7167,#7168,#7169,#7170,#7171,#7172,#7173,#7174,
    #7175,#7176,#7177,#7178,#7179,#7180,#7181,#7182,#7183,#7184,#7185,
    #7186,#7187,#7188,#7189,#7190,#7191,#7192,#7193,#7194,#7195,#7196,
    #7197,#7198,#7199,#7200,#7201,#7202,#7203,#7204,#7205,#7206,#7207,
    #7208,#7209,#7210,#7211,#7212,#7213,#7214,#7215,#7216,#7217,#7218,
    #7219,#7220,#7221,#7222,#7223,#7224,#7225,#7226,#7227,#7228,#7229,
    #7230,#7231,#7232,#7233,#7234,#7235,#7236,#7237,#7238,#7239),
  .UNSPECIFIED.,.T.,.F.,(8,6,6,6,6,6,6,6,6,6,6,6,6,6,6,8),(0.,
    0.109906400787,0.15428212944,0.25546795169,0.355581181251,
    0.397901786947,0.434861422906,0.455755414427,0.499647258304,
    0.565110666588,0.602072635405,0.644395908338,0.744515498248,
    0.845707863703,0.890086480253,1.),.UNSPECIFIED.);
#7148 = CARTESIAN_POINT('',(0.,29.840348523434,28.));
#7149 = CARTESIAN_POINT('',(7.649268760362E-02,29.840348523434,28.));
#7150 = CARTESIAN_POINT('',(0.153029802977,29.827347249554,28.));
#7151 = CARTESIAN_POINT('',(0.227625014756,29.801317546744,28.));
#7152 = CARTESIAN_POINT('',(0.298567778742,29.763162305611,28.));
#7153 = CARTESIAN_POINT('',(0.364555980136,29.714241288842,28.));
#7154 = CARTESIAN_POINT('',(0.424660814831,29.656145570054,28.));
#7155 = CARTESIAN_POINT('',(0.499945911296,29.564031917099,28.));
#7156 = CARTESIAN_POINT('',(0.520557573631,29.536295083276,28.));
#7157 = CARTESIAN_POINT('',(0.540092509204,29.507413638725,28.));
#7158 = CARTESIAN_POINT('',(0.558524228006,29.477483543291,28.));
#7159 = CARTESIAN_POINT('',(0.575832859912,29.446597851256,28.));
#7160 = CARTESIAN_POINT('',(0.592003912935,29.41484568187,28.));
#7161 = CARTESIAN_POINT('',(0.641282843172,29.30812583171,28.));
#7162 = CARTESIAN_POINT('',(0.66955905495,29.229897052402,28.));
#7163 = CARTESIAN_POINT('',(0.691755186445,29.148596212499,28.));
#7164 = CARTESIAN_POINT('',(0.707837644706,29.065118046268,28.));
#7165 = CARTESIAN_POINT('',(0.717815609707,28.980286061409,28.));
#7166 = CARTESIAN_POINT('',(0.72171477525,28.894865006769,28.));
#7167 = CARTESIAN_POINT('',(0.717406073591,28.725199845468,28.));
#7168 = CARTESIAN_POINT('',(0.709327110538,28.640992603404,28.));
#7169 = CARTESIAN_POINT('',(0.695334448948,28.557656768884,28.));
#7170 = CARTESIAN_POINT('',(0.67543938644,28.475939603488,28.));
#7171 = CARTESIAN_POINT('',(0.64966763362,28.396655457381,28.));
#7172 = CARTESIAN_POINT('',(0.618081973374,28.32069915966,28.));
#7173 = CARTESIAN_POINT('',(0.565042834967,28.218768886728,28.));
#7174 = CARTESIAN_POINT('',(0.548268446738,28.18925807875,28.));
#7175 = CARTESIAN_POINT('',(0.530489899868,28.160598901569,28.));
#7176 = CARTESIAN_POINT('',(0.511721757246,28.13287279299,28.));
#7177 = CARTESIAN_POINT('',(0.491983240037,28.106165183703,28.));
#7178 = CARTESIAN_POINT('',(0.471299316382,28.080564492849,28.));
#7179 = CARTESIAN_POINT('',(0.430840134041,28.034849055186,28.));
#7180 = CARTESIAN_POINT('',(0.411281869048,28.014450391776,28.));
#7181 = CARTESIAN_POINT('',(0.391048543722,27.995025505744,28.));
#7182 = CARTESIAN_POINT('',(0.370166158145,27.976636267743,28.));
#7183 = CARTESIAN_POINT('',(0.348665753989,27.959344649145,28.));
#7184 = CARTESIAN_POINT('',(0.326584004622,27.943211324484,28.));
#7185 = CARTESIAN_POINT('',(0.29117617238,27.919861378915,28.));
#7186 = CARTESIAN_POINT('',(0.278216458489,27.911817121142,28.));
#7187 = CARTESIAN_POINT('',(0.265092432563,27.904172106984,28.));
#7188 = CARTESIAN_POINT('',(0.251812471353,27.896936445801,28.));
#7189 = CARTESIAN_POINT('',(0.238385559344,27.890119749904,28.));
#7190 = CARTESIAN_POINT('',(0.224821288757,27.88373113455,28.));
#7191 = CARTESIAN_POINT('',(0.182368381743,27.865276073492,28.));
#7192 = CARTESIAN_POINT('',(0.153043802003,27.854698935521,28.));
#7193 = CARTESIAN_POINT('',(0.123253372511,27.846128105301,28.));
#7194 = CARTESIAN_POINT('',(9.310309644696E-02,27.839628172482,28.));
#7195 = CARTESIAN_POINT('',(6.270637292871E-02,27.835245163413,28.));
#7196 = CARTESIAN_POINT('',(3.218264195157E-02,27.833003689452,28.));
#7197 = CARTESIAN_POINT('',(-4.387352534493E-02,27.832755553465,28.));
#7198 = CARTESIAN_POINT('',(-8.942311723979E-02,27.837371507952,28.));
#7199 = CARTESIAN_POINT('',(-0.134571379914,27.846758031017,28.));
#7200 = CARTESIAN_POINT('',(-0.17892626268,27.860793994401,28.));
#7201 = CARTESIAN_POINT('',(-0.222137078946,27.879262065898,28.));
#7202 = CARTESIAN_POINT('',(-0.263900941681,27.901874558109,28.));
#7203 = CARTESIAN_POINT('',(-0.326583768019,27.943211155402,28.));
#7204 = CARTESIAN_POINT('',(-0.348665501331,27.959344453591,28.));
#7205 = CARTESIAN_POINT('',(-0.370165890862,27.976636043951,28.));
#7206 = CARTESIAN_POINT('',(-0.391048263309,27.995025252135,28.));
#7207 = CARTESIAN_POINT('',(-0.41128157705,28.014450106956,28.));
#7208 = CARTESIAN_POINT('',(-0.430839832038,28.034848737936,28.));
#7209 = CARTESIAN_POINT('',(-0.471298994306,28.080564101465,28.));
#7210 = CARTESIAN_POINT('',(-0.491982908567,28.106164750062,28.));
#7211 = CARTESIAN_POINT('',(-0.511721418692,28.132872315753,28.));
#7212 = CARTESIAN_POINT('',(-0.53048955656,28.160598379651,28.));
#7213 = CARTESIAN_POINT('',(-0.548268101015,28.1892575113,28.));
#7214 = CARTESIAN_POINT('',(-0.565042489164,28.218768273107,28.));
#7215 = CARTESIAN_POINT('',(-0.618081654042,28.32069842547,28.));
#7216 = CARTESIAN_POINT('',(-0.649667345789,28.396654651204,28.));
#7217 = CARTESIAN_POINT('',(-0.675439137062,28.475938728245,28.));
#7218 = CARTESIAN_POINT('',(-0.695334244813,28.557655828335,28.));
#7219 = CARTESIAN_POINT('',(-0.709326958364,28.640991602154,28.));
#7220 = CARTESIAN_POINT('',(-0.71740598009,28.725198789074,28.));
#7221 = CARTESIAN_POINT('',(-0.721714815789,28.894863949599,28.));
#7222 = CARTESIAN_POINT('',(-0.717815711976,28.980285059097,28.));
#7223 = CARTESIAN_POINT('',(-0.707837801832,29.065117104723,28.));
#7224 = CARTESIAN_POINT('',(-0.691755391462,29.148595336545,28.));
#7225 = CARTESIAN_POINT('',(-0.669559300735,29.229896245873,28.));
#7226 = CARTESIAN_POINT('',(-0.641283122365,29.308125097447,28.));
#7227 = CARTESIAN_POINT('',(-0.592004222878,29.414845067501,28.));
#7228 = CARTESIAN_POINT('',(-0.575833172484,29.446597282455,28.));
#7229 = CARTESIAN_POINT('',(-0.558524540762,29.477483019529,28.));
#7230 = CARTESIAN_POINT('',(-0.540092819687,29.507413159252,28.));
#7231 = CARTESIAN_POINT('',(-0.520557879388,29.536294647097,28.));
#7232 = CARTESIAN_POINT('',(-0.499946209886,29.56403152296,28.));
#7233 = CARTESIAN_POINT('',(-0.424661096531,29.656145296727,28.));
#7234 = CARTESIAN_POINT('',(-0.364556231277,29.714241106257,28.));
#7235 = CARTESIAN_POINT('',(-0.298567990844,29.763162191236,28.));
#7236 = CARTESIAN_POINT('',(-0.227625189254,29.801317480076,28.));
#7237 = CARTESIAN_POINT('',(-0.153029930964,29.827347231177,28.));
#7238 = CARTESIAN_POINT('',(-7.649274120193E-02,29.840348523434,28.));
#7239 = CARTESIAN_POINT('',(0.,29.840348523434,28.));
#7240 = PCURVE('',#6949,#7241);
#7241 = DEFINITIONAL_REPRESENTATION('',(#7242),#7335);
#7242 = B_SPLINE_CURVE_WITH_KNOTS('',7,(#7243,#7244,#7245,#7246,#7247,
    #7248,#7249,#7250,#7251,#7252,#7253,#7254,#7255,#7256,#7257,#7258,
    #7259,#7260,#7261,#7262,#7263,#7264,#7265,#7266,#7267,#7268,#7269,
    #7270,#7271,#7272,#7273,#7274,#7275,#7276,#7277,#7278,#7279,#7280,
    #7281,#7282,#7283,#7284,#7285,#7286,#7287,#7288,#7289,#7290,#7291,
    #7292,#7293,#7294,#7295,#7296,#7297,#7298,#7299,#7300,#7301,#7302,
    #7303,#7304,#7305,#7306,#7307,#7308,#7309,#7310,#7311,#7312,#7313,
    #7314,#7315,#7316,#7317,#7318,#7319,#7320,#7321,#7322,#7323,#7324,
    #7325,#7326,#7327,#7328,#7329,#7330,#7331,#7332,#7333,#7334),
  .UNSPECIFIED.,.F.,.F.,(8,6,6,6,6,6,6,6,6,6,6,6,6,6,6,8),(0.,
    0.109906400787,0.15428212944,0.25546795169,0.355581181251,
    0.397901786947,0.434861422906,0.455755414427,0.499647258304,
    0.565110666588,0.602072635405,0.644395908338,0.744515498248,
    0.845707863703,0.890086480253,1.),.UNSPECIFIED.);
#7243 = CARTESIAN_POINT('',(5.46598014554,0.));
#7244 = CARTESIAN_POINT('',(5.46598014554,0.106239843894));
#7245 = CARTESIAN_POINT('',(5.466197552486,0.212541190402));
#7246 = CARTESIAN_POINT('',(5.466632817753,0.318105326779));
#7247 = CARTESIAN_POINT('',(5.467271487904,0.42251960846));
#7248 = CARTESIAN_POINT('',(5.468092076081,0.525510980658));
#7249 = CARTESIAN_POINT('',(5.469069217796,0.626896478668));
#7250 = CARTESIAN_POINT('',(5.470623317249,0.766784999612));
#7251 = CARTESIAN_POINT('',(5.471091773063,0.806762423445));
#7252 = CARTESIAN_POINT('',(5.471580117016,0.846485372209));
#7253 = CARTESIAN_POINT('',(5.47208680885,0.885960649908));
#7254 = CARTESIAN_POINT('',(5.472610350694,0.925197850804));
#7255 = CARTESIAN_POINT('',(5.473149303224,0.964209182885));
#7256 = CARTESIAN_POINT('',(5.474963252804,1.091481548497));
#7257 = CARTESIAN_POINT('',(5.47629682391,1.178827272408));
#7258 = CARTESIAN_POINT('',(5.477687285135,1.265260228396));
#7259 = CARTESIAN_POINT('',(5.47911996776,1.35098822875));
#7260 = CARTESIAN_POINT('',(5.480581140359,1.436223400709));
#7261 = CARTESIAN_POINT('',(5.482057793882,1.521199307618));
#7262 = CARTESIAN_POINT('',(5.485001194309,1.690289566079));
#7263 = CARTESIAN_POINT('',(5.486467190899,1.77436425327));
#7264 = CARTESIAN_POINT('',(5.487923197585,1.858693496161));
#7265 = CARTESIAN_POINT('',(5.489355983077,1.943511912612));
#7266 = CARTESIAN_POINT('',(5.490750856264,2.029037104098));
#7267 = CARTESIAN_POINT('',(5.492091422958,2.115487857779));
#7268 = CARTESIAN_POINT('',(5.493895488205,2.240132743608));
#7269 = CARTESIAN_POINT('',(5.494418476709,2.277369355403));
#7270 = CARTESIAN_POINT('',(5.494927007517,2.314821807549));
#7271 = CARTESIAN_POINT('',(5.495419569517,2.352502090678));
#7272 = CARTESIAN_POINT('',(5.495894573355,2.390419714633));
#7273 = CARTESIAN_POINT('',(5.496350370394,2.428581535661));
#7274 = CARTESIAN_POINT('',(5.497165081746,2.500536032338));
#7275 = CARTESIAN_POINT('',(5.497528950935,2.5342694731));
#7276 = CARTESIAN_POINT('',(5.497875751801,2.568193850371));
#7277 = CARTESIAN_POINT('',(5.498204327311,2.602308848894));
#7278 = CARTESIAN_POINT('',(5.498513517344,2.63661152269));
#7279 = CARTESIAN_POINT('',(5.498802185209,2.671095924085));
#7280 = CARTESIAN_POINT('',(5.499220217699,2.725344891782));
#7281 = CARTESIAN_POINT('',(5.499364286607,2.744992135964));
#7282 = CARTESIAN_POINT('',(5.499501252068,2.764692746808));
#7283 = CARTESIAN_POINT('',(5.499630924553,2.784444673548));
#7284 = CARTESIAN_POINT('',(5.499753123813,2.804245533127));
#7285 = CARTESIAN_POINT('',(5.499867678874,2.824092610194));
#7286 = CARTESIAN_POINT('',(5.500198675191,2.885766142564));
#7287 = CARTESIAN_POINT('',(5.500388495909,2.927742818643));
#7288 = CARTESIAN_POINT('',(5.500542384608,2.969880060731));
#7289 = CARTESIAN_POINT('',(5.500659129235,3.012143432583));
#7290 = CARTESIAN_POINT('',(5.500737865521,3.054495496848));
#7291 = CARTESIAN_POINT('',(5.500778131215,3.096894425593));
#7292 = CARTESIAN_POINT('',(5.500782588737,3.202528270694));
#7293 = CARTESIAN_POINT('',(5.500699667829,3.265780969959));
#7294 = CARTESIAN_POINT('',(5.500531045468,3.328878810847));
#7295 = CARTESIAN_POINT('',(5.500278990173,3.391690748019));
#7296 = CARTESIAN_POINT('',(5.499947584916,3.454111503333));
#7297 = CARTESIAN_POINT('',(5.499542234533,3.516051560349));
#7298 = CARTESIAN_POINT('',(5.498802188235,3.61208901517));
#7299 = CARTESIAN_POINT('',(5.498513520842,3.646573384896));
#7300 = CARTESIAN_POINT('',(5.498204331311,3.68087602743));
#7301 = CARTESIAN_POINT('',(5.497875756331,3.714990995093));
#7302 = CARTESIAN_POINT('',(5.497528956019,3.748915341894));
#7303 = CARTESIAN_POINT('',(5.497165087404,3.782648752556));
#7304 = CARTESIAN_POINT('',(5.496350377364,3.854603181766));
#7305 = CARTESIAN_POINT('',(5.495894581071,3.892764965584));
#7306 = CARTESIAN_POINT('',(5.495419578,3.93068255278));
#7307 = CARTESIAN_POINT('',(5.494927016785,3.968362799547));
#7308 = CARTESIAN_POINT('',(5.494418486776,4.005815215674));
#7309 = CARTESIAN_POINT('',(5.493895499079,4.04305179173));
#7310 = CARTESIAN_POINT('',(5.492091435922,4.167696602408));
#7311 = CARTESIAN_POINT('',(5.490750870463,4.254147316563));
#7312 = CARTESIAN_POINT('',(5.48935599845,4.339672467977));
#7313 = CARTESIAN_POINT('',(5.487923214056,4.424490843336));
#7314 = CARTESIAN_POINT('',(5.486467208378,4.508820043713));
#7315 = CARTESIAN_POINT('',(5.485001212693,4.592894686574));
#7316 = CARTESIAN_POINT('',(5.482057812164,4.761984947704));
#7317 = CARTESIAN_POINT('',(5.480581157636,4.846960901557));
#7318 = CARTESIAN_POINT('',(5.479119983939,4.932196118687));
#7319 = CARTESIAN_POINT('',(5.477687300141,5.017924162899));
#7320 = CARTESIAN_POINT('',(5.476296837688,5.104357161872));
#7321 = CARTESIAN_POINT('',(5.474963265314,5.191702928394));
#7322 = CARTESIAN_POINT('',(5.473149313653,5.318975371706));
#7323 = CARTESIAN_POINT('',(5.472610360338,5.357986738828));
#7324 = CARTESIAN_POINT('',(5.472086817721,5.397223975044));
#7325 = CARTESIAN_POINT('',(5.471580125128,5.436699288402));
#7326 = CARTESIAN_POINT('',(5.471091780435,5.47642227322));
#7327 = CARTESIAN_POINT('',(5.470623323905,5.516399733549));
#7328 = CARTESIAN_POINT('',(5.469069222393,5.656288352642));
#7329 = CARTESIAN_POINT('',(5.468092079143,5.75767393706));
#7330 = CARTESIAN_POINT('',(5.467271489819,5.860665384788));
#7331 = CARTESIAN_POINT('',(5.466632818868,5.965079733258));
#7332 = CARTESIAN_POINT('',(5.466197552794,6.070643939158));
#7333 = CARTESIAN_POINT('',(5.46598014554,6.176945388844));
#7334 = CARTESIAN_POINT('',(5.46598014554,6.28318530718));
#7335 = ( GEOMETRIC_REPRESENTATION_CONTEXT(2)
PARAMETRIC_REPRESENTATION_CONTEXT() REPRESENTATION_CONTEXT('2D SPACE',''
  ) );
#7336 = PCURVE('',#7337,#7342);
#7337 = PLANE('',#7338);
#7338 = AXIS2_PLACEMENT_3D('',#7339,#7340,#7341);
#7339 = CARTESIAN_POINT('',(-3.5,-45.,28.));
#7340 = DIRECTION('',(0.,0.,1.));
#7341 = DIRECTION('',(1.,0.,-0.));
#7342 = DEFINITIONAL_REPRESENTATION('',(#7343),#7436);
#7343 = B_SPLINE_CURVE_WITH_KNOTS('',7,(#7344,#7345,#7346,#7347,#7348,
    #7349,#7350,#7351,#7352,#7353,#7354,#7355,#7356,#7357,#7358,#7359,
    #7360,#7361,#7362,#7363,#7364,#7365,#7366,#7367,#7368,#7369,#7370,
    #7371,#7372,#7373,#7374,#7375,#7376,#7377,#7378,#7379,#7380,#7381,
    #7382,#7383,#7384,#7385,#7386,#7387,#7388,#7389,#7390,#7391,#7392,
    #7393,#7394,#7395,#7396,#7397,#7398,#7399,#7400,#7401,#7402,#7403,
    #7404,#7405,#7406,#7407,#7408,#7409,#7410,#7411,#7412,#7413,#7414,
    #7415,#7416,#7417,#7418,#7419,#7420,#7421,#7422,#7423,#7424,#7425,
    #7426,#7427,#7428,#7429,#7430,#7431,#7432,#7433,#7434,#7435),
  .UNSPECIFIED.,.T.,.F.,(8,6,6,6,6,6,6,6,6,6,6,6,6,6,6,8),(0.,
    0.109906400787,0.15428212944,0.25546795169,0.355581181251,
    0.397901786947,0.434861422906,0.455755414427,0.499647258304,
    0.565110666588,0.602072635405,0.644395908338,0.744515498248,
    0.845707863703,0.890086480253,1.),.UNSPECIFIED.);
#7344 = CARTESIAN_POINT('',(3.5,74.840348523434));
#7345 = CARTESIAN_POINT('',(3.576492687604,74.840348523434));
#7346 = CARTESIAN_POINT('',(3.653029802977,74.827347249554));
#7347 = CARTESIAN_POINT('',(3.727625014756,74.801317546744));
#7348 = CARTESIAN_POINT('',(3.798567778742,74.763162305611));
#7349 = CARTESIAN_POINT('',(3.864555980136,74.714241288842));
#7350 = CARTESIAN_POINT('',(3.924660814831,74.656145570054));
#7351 = CARTESIAN_POINT('',(3.999945911296,74.564031917099));
#7352 = CARTESIAN_POINT('',(4.020557573631,74.536295083276));
#7353 = CARTESIAN_POINT('',(4.040092509204,74.507413638725));
#7354 = CARTESIAN_POINT('',(4.058524228006,74.477483543291));
#7355 = CARTESIAN_POINT('',(4.075832859912,74.446597851256));
#7356 = CARTESIAN_POINT('',(4.092003912935,74.41484568187));
#7357 = CARTESIAN_POINT('',(4.141282843172,74.30812583171));
#7358 = CARTESIAN_POINT('',(4.16955905495,74.229897052402));
#7359 = CARTESIAN_POINT('',(4.191755186445,74.148596212499));
#7360 = CARTESIAN_POINT('',(4.207837644706,74.065118046268));
#7361 = CARTESIAN_POINT('',(4.217815609707,73.980286061409));
#7362 = CARTESIAN_POINT('',(4.22171477525,73.894865006769));
#7363 = CARTESIAN_POINT('',(4.217406073591,73.725199845468));
#7364 = CARTESIAN_POINT('',(4.209327110538,73.640992603404));
#7365 = CARTESIAN_POINT('',(4.195334448948,73.557656768884));
#7366 = CARTESIAN_POINT('',(4.17543938644,73.475939603488));
#7367 = CARTESIAN_POINT('',(4.14966763362,73.396655457381));
#7368 = CARTESIAN_POINT('',(4.118081973374,73.32069915966));
#7369 = CARTESIAN_POINT('',(4.065042834967,73.218768886728));
#7370 = CARTESIAN_POINT('',(4.048268446738,73.18925807875));
#7371 = CARTESIAN_POINT('',(4.030489899868,73.160598901569));
#7372 = CARTESIAN_POINT('',(4.011721757246,73.13287279299));
#7373 = CARTESIAN_POINT('',(3.991983240037,73.106165183703));
#7374 = CARTESIAN_POINT('',(3.971299316382,73.080564492849));
#7375 = CARTESIAN_POINT('',(3.930840134041,73.034849055186));
#7376 = CARTESIAN_POINT('',(3.911281869048,73.014450391776));
#7377 = CARTESIAN_POINT('',(3.891048543722,72.995025505744));
#7378 = CARTESIAN_POINT('',(3.870166158145,72.976636267743));
#7379 = CARTESIAN_POINT('',(3.848665753989,72.959344649145));
#7380 = CARTESIAN_POINT('',(3.826584004622,72.943211324484));
#7381 = CARTESIAN_POINT('',(3.79117617238,72.919861378915));
#7382 = CARTESIAN_POINT('',(3.778216458489,72.911817121142));
#7383 = CARTESIAN_POINT('',(3.765092432563,72.904172106984));
#7384 = CARTESIAN_POINT('',(3.751812471353,72.896936445801));
#7385 = CARTESIAN_POINT('',(3.738385559344,72.890119749904));
#7386 = CARTESIAN_POINT('',(3.724821288757,72.88373113455));
#7387 = CARTESIAN_POINT('',(3.682368381743,72.865276073492));
#7388 = CARTESIAN_POINT('',(3.653043802003,72.854698935521));
#7389 = CARTESIAN_POINT('',(3.623253372511,72.846128105301));
#7390 = CARTESIAN_POINT('',(3.593103096447,72.839628172482));
#7391 = CARTESIAN_POINT('',(3.562706372929,72.835245163413));
#7392 = CARTESIAN_POINT('',(3.532182641952,72.833003689452));
#7393 = CARTESIAN_POINT('',(3.456126474655,72.832755553465));
#7394 = CARTESIAN_POINT('',(3.41057688276,72.837371507952));
#7395 = CARTESIAN_POINT('',(3.365428620086,72.846758031017));
#7396 = CARTESIAN_POINT('',(3.32107373732,72.860793994401));
#7397 = CARTESIAN_POINT('',(3.277862921054,72.879262065898));
#7398 = CARTESIAN_POINT('',(3.236099058319,72.901874558109));
#7399 = CARTESIAN_POINT('',(3.173416231981,72.943211155402));
#7400 = CARTESIAN_POINT('',(3.151334498669,72.959344453591));
#7401 = CARTESIAN_POINT('',(3.129834109138,72.976636043951));
#7402 = CARTESIAN_POINT('',(3.108951736691,72.995025252135));
#7403 = CARTESIAN_POINT('',(3.08871842295,73.014450106956));
#7404 = CARTESIAN_POINT('',(3.069160167962,73.034848737936));
#7405 = CARTESIAN_POINT('',(3.028701005694,73.080564101465));
#7406 = CARTESIAN_POINT('',(3.008017091433,73.106164750062));
#7407 = CARTESIAN_POINT('',(2.988278581308,73.132872315753));
#7408 = CARTESIAN_POINT('',(2.96951044344,73.160598379651));
#7409 = CARTESIAN_POINT('',(2.951731898985,73.1892575113));
#7410 = CARTESIAN_POINT('',(2.934957510836,73.218768273107));
#7411 = CARTESIAN_POINT('',(2.881918345958,73.32069842547));
#7412 = CARTESIAN_POINT('',(2.850332654211,73.396654651204));
#7413 = CARTESIAN_POINT('',(2.824560862938,73.475938728245));
#7414 = CARTESIAN_POINT('',(2.804665755187,73.557655828335));
#7415 = CARTESIAN_POINT('',(2.790673041636,73.640991602154));
#7416 = CARTESIAN_POINT('',(2.78259401991,73.725198789074));
#7417 = CARTESIAN_POINT('',(2.778285184211,73.894863949599));
#7418 = CARTESIAN_POINT('',(2.782184288024,73.980285059097));
#7419 = CARTESIAN_POINT('',(2.792162198168,74.065117104723));
#7420 = CARTESIAN_POINT('',(2.808244608538,74.148595336545));
#7421 = CARTESIAN_POINT('',(2.830440699265,74.229896245873));
#7422 = CARTESIAN_POINT('',(2.858716877635,74.308125097447));
#7423 = CARTESIAN_POINT('',(2.907995777122,74.414845067501));
#7424 = CARTESIAN_POINT('',(2.924166827516,74.446597282455));
#7425 = CARTESIAN_POINT('',(2.941475459238,74.477483019529));
#7426 = CARTESIAN_POINT('',(2.959907180313,74.507413159252));
#7427 = CARTESIAN_POINT('',(2.979442120612,74.536294647097));
#7428 = CARTESIAN_POINT('',(3.000053790114,74.56403152296));
#7429 = CARTESIAN_POINT('',(3.075338903469,74.656145296727));
#7430 = CARTESIAN_POINT('',(3.135443768723,74.714241106257));
#7431 = CARTESIAN_POINT('',(3.201432009156,74.763162191236));
#7432 = CARTESIAN_POINT('',(3.272374810746,74.801317480076));
#7433 = CARTESIAN_POINT('',(3.346970069036,74.827347231177));
#7434 = CARTESIAN_POINT('',(3.423507258798,74.840348523434));
#7435 = CARTESIAN_POINT('',(3.5,74.840348523434));
#7436 = ( GEOMETRIC_REPRESENTATION_CONTEXT(2)
PARAMETRIC_REPRESENTATION_CONTEXT() REPRESENTATION_CONTEXT('2D SPACE',''
  ) );
#7437 = ORIENTED_EDGE('',*,*,#7121,.F.);
#7438 = ADVANCED_FACE('',(#7439),#7035,.T.);
#7439 = FACE_BOUND('',#7440,.T.);
#7440 = EDGE_LOOP('',(#7441));
#7441 = ORIENTED_EDGE('',*,*,#6866,.T.);
#7442 = ADVANCED_FACE('',(#7443),#7337,.T.);
#7443 = FACE_BOUND('',#7444,.T.);
#7444 = EDGE_LOOP('',(#7445));
#7445 = ORIENTED_EDGE('',*,*,#7145,.F.);
#7446 = ( GEOMETRIC_REPRESENTATION_CONTEXT(3)
GLOBAL_UNCERTAINTY_ASSIGNED_CONTEXT((#7450))
GLOBAL_UNIT_ASSIGNED_CONTEXT((#7447,#7448,#7449)) REPRESENTATION_CONTEXT
('Context #1','3D Context with UNIT and UNCERTAINTY') );
#7447 = ( LENGTH_UNIT() NAMED_UNIT(*) SI_UNIT(.MILLI.,.METRE.) );
#7448 = ( NAMED_UNIT(*) PLANE_ANGLE_UNIT() SI_UNIT($,.RADIAN.) );
#7449 = ( NAMED_UNIT(*) SI_UNIT($,.STERADIAN.) SOLID_ANGLE_UNIT() );
#7450 = UNCERTAINTY_MEASURE_WITH_UNIT(LENGTH_MEASURE(1.E-06),#7447,
  'distance_accuracy_value','confusion accuracy');
#7451 = CONTEXT_DEPENDENT_SHAPE_REPRESENTATION(#7452,#7454);
#7452 = ( REPRESENTATION_RELATIONSHIP('','',#6859,#10)
REPRESENTATION_RELATIONSHIP_WITH_TRANSFORMATION(#7453)
SHAPE_REPRESENTATION_RELATIONSHIP() );
#7453 = ITEM_DEFINED_TRANSFORMATION('','',#11,#99);
#7454 = PRODUCT_DEFINITION_SHAPE('Placement','Placement of an item',
  #7455);
#7455 = NEXT_ASSEMBLY_USAGE_OCCURRENCE('22','','',#5,#6854,$);
#7456 = PRODUCT_RELATED_PRODUCT_CATEGORY('part',$,(#6856));
#7457 = SHAPE_DEFINITION_REPRESENTATION(#7458,#7464);
#7458 = PRODUCT_DEFINITION_SHAPE('','',#7459);
#7459 = PRODUCT_DEFINITION('design','',#7460,#7463);
#7460 = PRODUCT_DEFINITION_FORMATION('','',#7461);
#7461 = PRODUCT('Open CASCADE STEP translator 7.9 1.23',
  'Open CASCADE STEP translator 7.9 1.23','',(#7462));
#7462 = PRODUCT_CONTEXT('',#2,'mechanical');
#7463 = PRODUCT_DEFINITION_CONTEXT('part definition',#2,'design');
#7464 = ADVANCED_BREP_SHAPE_REPRESENTATION('',(#11,#7465),#7477);
#7465 = MANIFOLD_SOLID_BREP('',#7466);
#7466 = CLOSED_SHELL('',(#7467));
#7467 = ADVANCED_FACE('',(#7468),#7472,.T.);
#7468 = FACE_BOUND('',#7469,.T.);
#7469 = VERTEX_LOOP('',#7470);
#7470 = VERTEX_POINT('',#7471);
#7471 = CARTESIAN_POINT('',(18.620290658069,-21.33015236253,-30.326));
#7472 = SPHERICAL_SURFACE('',#7473,0.95);
#7473 = AXIS2_PLACEMENT_3D('',#7474,#7475,#7476);
#7474 = CARTESIAN_POINT('',(18.620290658069,-21.33015236253,-29.376));
#7475 = DIRECTION('',(0.,0.,1.));
#7476 = DIRECTION('',(1.,0.,-0.));
#7477 = ( GEOMETRIC_REPRESENTATION_CONTEXT(3)
GLOBAL_UNCERTAINTY_ASSIGNED_CONTEXT((#7481))
GLOBAL_UNIT_ASSIGNED_CONTEXT((#7478,#7479,#7480)) REPRESENTATION_CONTEXT
('Context #1','3D Context with UNIT and UNCERTAINTY') );
#7478 = ( LENGTH_UNIT() NAMED_UNIT(*) SI_UNIT(.MILLI.,.METRE.) );
#7479 = ( NAMED_UNIT(*) PLANE_ANGLE_UNIT() SI_UNIT($,.RADIAN.) );
#7480 = ( NAMED_UNIT(*) SI_UNIT($,.STERADIAN.) SOLID_ANGLE_UNIT() );
#7481 = UNCERTAINTY_MEASURE_WITH_UNIT(LENGTH_MEASURE(1.E-07),#7478,
  'distance_accuracy_value','confusion accuracy');
#7482 = CONTEXT_DEPENDENT_SHAPE_REPRESENTATION(#7483,#7485);
#7483 = ( REPRESENTATION_RELATIONSHIP('','',#7464,#10)
REPRESENTATION_RELATIONSHIP_WITH_TRANSFORMATION(#7484)
SHAPE_REPRESENTATION_RELATIONSHIP() );
#7484 = ITEM_DEFINED_TRANSFORMATION('','',#11,#103);
#7485 = PRODUCT_DEFINITION_SHAPE('Placement','Placement of an item',
  #7486);
#7486 = NEXT_ASSEMBLY_USAGE_OCCURRENCE('23','','',#5,#7459,$);
#7487 = PRODUCT_RELATED_PRODUCT_CATEGORY('part',$,(#7461));
#7488 = SHAPE_DEFINITION_REPRESENTATION(#7489,#7495);
#7489 = PRODUCT_DEFINITION_SHAPE('','',#7490);
#7490 = PRODUCT_DEFINITION('design','',#7491,#7494);
#7491 = PRODUCT_DEFINITION_FORMATION('','',#7492);
#7492 = PRODUCT('Open CASCADE STEP translator 7.9 1.24',
  'Open CASCADE STEP translator 7.9 1.24','',(#7493));
#7493 = PRODUCT_CONTEXT('',#2,'mechanical');
#7494 = PRODUCT_DEFINITION_CONTEXT('part definition',#2,'design');
#7495 = ADVANCED_BREP_SHAPE_REPRESENTATION('',(#11,#7496),#7508);
#7496 = MANIFOLD_SOLID_BREP('',#7497);
#7497 = CLOSED_SHELL('',(#7498));
#7498 = ADVANCED_FACE('',(#7499),#7503,.T.);
#7499 = FACE_BOUND('',#7500,.T.);
#7500 = VERTEX_LOOP('',#7501);
#7501 = VERTEX_POINT('',#7502);
#7502 = CARTESIAN_POINT('',(29.774720895146,-11.39890920115,-26.4092));
#7503 = SPHERICAL_SURFACE('',#7504,0.95);
#7504 = AXIS2_PLACEMENT_3D('',#7505,#7506,#7507);
#7505 = CARTESIAN_POINT('',(29.774720895146,-11.39890920115,-25.4592));
#7506 = DIRECTION('',(0.,0.,1.));
#7507 = DIRECTION('',(1.,0.,-0.));
#7508 = ( GEOMETRIC_REPRESENTATION_CONTEXT(3)
GLOBAL_UNCERTAINTY_ASSIGNED_CONTEXT((#7512))
GLOBAL_UNIT_ASSIGNED_CONTEXT((#7509,#7510,#7511)) REPRESENTATION_CONTEXT
('Context #1','3D Context with UNIT and UNCERTAINTY') );
#7509 = ( LENGTH_UNIT() NAMED_UNIT(*) SI_UNIT(.MILLI.,.METRE.) );
#7510 = ( NAMED_UNIT(*) PLANE_ANGLE_UNIT() SI_UNIT($,.RADIAN.) );
#7511 = ( NAMED_UNIT(*) SI_UNIT($,.STERADIAN.) SOLID_ANGLE_UNIT() );
#7512 = UNCERTAINTY_MEASURE_WITH_UNIT(LENGTH_MEASURE(1.E-07),#7509,
  'distance_accuracy_value','confusion accuracy');
#7513 = CONTEXT_DEPENDENT_SHAPE_REPRESENTATION(#7514,#7516);
#7514 = ( REPRESENTATION_RELATIONSHIP('','',#7495,#10)
REPRESENTATION_RELATIONSHIP_WITH_TRANSFORMATION(#7515)
SHAPE_REPRESENTATION_RELATIONSHIP() );
#7515 = ITEM_DEFINED_TRANSFORMATION('','',#11,#107);
#7516 = PRODUCT_DEFINITION_SHAPE('Placement','Placement of an item',
  #7517);
#7517 = NEXT_ASSEMBLY_USAGE_OCCURRENCE('24','','',#5,#7490,$);
#7518 = PRODUCT_RELATED_PRODUCT_CATEGORY('part',$,(#7492));
#7519 = SHAPE_DEFINITION_REPRESENTATION(#7520,#7526);
#7520 = PRODUCT_DEFINITION_SHAPE('','',#7521);
#7521 = PRODUCT_DEFINITION('design','',#7522,#7525);
#7522 = PRODUCT_DEFINITION_FORMATION('','',#7523);
#7523 = PRODUCT('Open CASCADE STEP translator 7.9 1.25',
  'Open CASCADE STEP translator 7.9 1.25','',(#7524));
#7524 = PRODUCT_CONTEXT('',#2,'mechanical');
#7525 = PRODUCT_DEFINITION_CONTEXT('part definition',#2,'design');
#7526 = ADVANCED_BREP_SHAPE_REPRESENTATION('',(#11,#7527),#7539);
#7527 = MANIFOLD_SOLID_BREP('',#7528);
#7528 = CLOSED_SHELL('',(#7529));
#7529 = ADVANCED_FACE('',(#7530),#7534,.T.);
#7530 = FACE_BOUND('',#7531,.T.);
#7531 = VERTEX_LOOP('',#7532);
#7532 = VERTEX_POINT('',#7533);
#7533 = CARTESIAN_POINT('',(32.3588769595,12.388223607925,-22.4924));
#7534 = SPHERICAL_SURFACE('',#7535,0.95);
#7535 = AXIS2_PLACEMENT_3D('',#7536,#7537,#7538);
#7536 = CARTESIAN_POINT('',(32.3588769595,12.388223607925,-21.5424));
#7537 = DIRECTION('',(0.,0.,1.));
#7538 = DIRECTION('',(1.,0.,-0.));
#7539 = ( GEOMETRIC_REPRESENTATION_CONTEXT(3)
GLOBAL_UNCERTAINTY_ASSIGNED_CONTEXT((#7543))
GLOBAL_UNIT_ASSIGNED_CONTEXT((#7540,#7541,#7542)) REPRESENTATION_CONTEXT
('Context #1','3D Context with UNIT and UNCERTAINTY') );
#7540 = ( LENGTH_UNIT() NAMED_UNIT(*) SI_UNIT(.MILLI.,.METRE.) );
#7541 = ( NAMED_UNIT(*) PLANE_ANGLE_UNIT() SI_UNIT($,.RADIAN.) );
#7542 = ( NAMED_UNIT(*) SI_UNIT($,.STERADIAN.) SOLID_ANGLE_UNIT() );
#7543 = UNCERTAINTY_MEASURE_WITH_UNIT(LENGTH_MEASURE(1.E-07),#7540,
  'distance_accuracy_value','confusion accuracy');
#7544 = CONTEXT_DEPENDENT_SHAPE_REPRESENTATION(#7545,#7547);
#7545 = ( REPRESENTATION_RELATIONSHIP('','',#7526,#10)
REPRESENTATION_RELATIONSHIP_WITH_TRANSFORMATION(#7546)
SHAPE_REPRESENTATION_RELATIONSHIP() );
#7546 = ITEM_DEFINED_TRANSFORMATION('','',#11,#111);
#7547 = PRODUCT_DEFINITION_SHAPE('Placement','Placement of an item',
  #7548);
#7548 = NEXT_ASSEMBLY_USAGE_OCCURRENCE('25','','',#5,#7521,$);
#7549 = PRODUCT_RELATED_PRODUCT_CATEGORY('part',$,(#7523));
#7550 = SHAPE_DEFINITION_REPRESENTATION(#7551,#7557);
#7551 = PRODUCT_DEFINITION_SHAPE('','',#7552);
#7552 = PRODUCT_DEFINITION('design','',#7553,#7556);
#7553 = PRODUCT_DEFINITION_FORMATION('','',#7554);
#7554 = PRODUCT('Open CASCADE STEP translator 7.9 1.26',
  'Open CASCADE STEP translator 7.9 1.26','',(#7555));
#7555 = PRODUCT_CONTEXT('',#2,'mechanical');
#7556 = PRODUCT_DEFINITION_CONTEXT('part definition',#2,'design');
#7557 = ADVANCED_BREP_SHAPE_REPRESENTATION('',(#11,#7558),#7570);
#7558 = MANIFOLD_SOLID_BREP('',#7559);
#7559 = CLOSED_SHELL('',(#7560));
#7560 = ADVANCED_FACE('',(#7561),#7565,.T.);
#7561 = FACE_BOUND('',#7562,.T.);
#7562 = VERTEX_LOOP('',#7563);
#7563 = VERTEX_POINT('',#7564);
#7564 = CARTESIAN_POINT('',(27.389073041797,-24.57268610777,-18.5756));
#7565 = SPHERICAL_SURFACE('',#7566,0.95);
#7566 = AXIS2_PLACEMENT_3D('',#7567,#7568,#7569);
#7567 = CARTESIAN_POINT('',(27.389073041797,-24.57268610777,-17.6256));
#7568 = DIRECTION('',(0.,0.,1.));
#7569 = DIRECTION('',(1.,0.,-0.));
#7570 = ( GEOMETRIC_REPRESENTATION_CONTEXT(3)
GLOBAL_UNCERTAINTY_ASSIGNED_CONTEXT((#7574))
GLOBAL_UNIT_ASSIGNED_CONTEXT((#7571,#7572,#7573)) REPRESENTATION_CONTEXT
('Context #1','3D Context with UNIT and UNCERTAINTY') );
#7571 = ( LENGTH_UNIT() NAMED_UNIT(*) SI_UNIT(.MILLI.,.METRE.) );
#7572 = ( NAMED_UNIT(*) PLANE_ANGLE_UNIT() SI_UNIT($,.RADIAN.) );
#7573 = ( NAMED_UNIT(*) SI_UNIT($,.STERADIAN.) SOLID_ANGLE_UNIT() );
#7574 = UNCERTAINTY_MEASURE_WITH_UNIT(LENGTH_MEASURE(1.E-07),#7571,
  'distance_accuracy_value','confusion accuracy');
#7575 = CONTEXT_DEPENDENT_SHAPE_REPRESENTATION(#7576,#7578);
#7576 = ( REPRESENTATION_RELATIONSHIP('','',#7557,#10)
REPRESENTATION_RELATIONSHIP_WITH_TRANSFORMATION(#7577)
SHAPE_REPRESENTATION_RELATIONSHIP() );
#7577 = ITEM_DEFINED_TRANSFORMATION('','',#11,#115);
#7578 = PRODUCT_DEFINITION_SHAPE('Placement','Placement of an item',
  #7579);
#7579 = NEXT_ASSEMBLY_USAGE_OCCURRENCE('26','','',#5,#7552,$);
#7580 = PRODUCT_RELATED_PRODUCT_CATEGORY('part',$,(#7554));
#7581 = SHAPE_DEFINITION_REPRESENTATION(#7582,#7588);
#7582 = PRODUCT_DEFINITION_SHAPE('','',#7583);
#7583 = PRODUCT_DEFINITION('design','',#7584,#7587);
#7584 = PRODUCT_DEFINITION_FORMATION('','',#7585);
#7585 = PRODUCT('Open CASCADE STEP translator 7.9 1.27',
  'Open CASCADE STEP translator 7.9 1.27','',(#7586));
#7586 = PRODUCT_CONTEXT('',#2,'mechanical');
#7587 = PRODUCT_DEFINITION_CONTEXT('part definition',#2,'design');
#7588 = ADVANCED_BREP_SHAPE_REPRESENTATION('',(#11,#7589),#7601);
#7589 = MANIFOLD_SOLID_BREP('',#7590);
#7590 = CLOSED_SHELL('',(#7591));
#7591 = ADVANCED_FACE('',(#7592),#7596,.T.);
#7592 = FACE_BOUND('',#7593,.T.);
#7593 = VERTEX_LOOP('',#7594);
#7594 = VERTEX_POINT('',#7595);
#7595 = CARTESIAN_POINT('',(33.951366739439,18.000374970653,-14.6588));
#7596 = SPHERICAL_SURFACE('',#7597,0.95);
#7597 = AXIS2_PLACEMENT_3D('',#7598,#7599,#7600);
#7598 = CARTESIAN_POINT('',(33.951366739439,18.000374970653,-13.7088));
#7599 = DIRECTION('',(0.,0.,1.));
#7600 = DIRECTION('',(1.,0.,-0.));
#7601 = ( GEOMETRIC_REPRESENTATION_CONTEXT(3)
GLOBAL_UNCERTAINTY_ASSIGNED_CONTEXT((#7605))
GLOBAL_UNIT_ASSIGNED_CONTEXT((#7602,#7603,#7604)) REPRESENTATION_CONTEXT
('Context #1','3D Context with UNIT and UNCERTAINTY') );
#7602 = ( LENGTH_UNIT() NAMED_UNIT(*) SI_UNIT(.MILLI.,.METRE.) );
#7603 = ( NAMED_UNIT(*) PLANE_ANGLE_UNIT() SI_UNIT($,.RADIAN.) );
#7604 = ( NAMED_UNIT(*) SI_UNIT($,.STERADIAN.) SOLID_ANGLE_UNIT() );
#7605 = UNCERTAINTY_MEASURE_WITH_UNIT(LENGTH_MEASURE(1.E-07),#7602,
  'distance_accuracy_value','confusion accuracy');
#7606 = CONTEXT_DEPENDENT_SHAPE_REPRESENTATION(#7607,#7609);
#7607 = ( REPRESENTATION_RELATIONSHIP('','',#7588,#10)
REPRESENTATION_RELATIONSHIP_WITH_TRANSFORMATION(#7608)
SHAPE_REPRESENTATION_RELATIONSHIP() );
#7608 = ITEM_DEFINED_TRANSFORMATION('','',#11,#119);
#7609 = PRODUCT_DEFINITION_SHAPE('Placement','Placement of an item',
  #7610);
#7610 = NEXT_ASSEMBLY_USAGE_OCCURRENCE('27','','',#5,#7583,$);
#7611 = PRODUCT_RELATED_PRODUCT_CATEGORY('part',$,(#7585));
#7612 = SHAPE_DEFINITION_REPRESENTATION(#7613,#7619);
#7613 = PRODUCT_DEFINITION_SHAPE('','',#7614);
#7614 = PRODUCT_DEFINITION('design','',#7615,#7618);
#7615 = PRODUCT_DEFINITION_FORMATION('','',#7616);
#7616 = PRODUCT('Open CASCADE STEP translator 7.9 1.28',
  'Open CASCADE STEP translator 7.9 1.28','',(#7617));
#7617 = PRODUCT_CONTEXT('',#2,'mechanical');
#7618 = PRODUCT_DEFINITION_CONTEXT('part definition',#2,'design');
#7619 = ADVANCED_BREP_SHAPE_REPRESENTATION('',(#11,#7620),#7632);
#7620 = MANIFOLD_SOLID_BREP('',#7621);
#7621 = CLOSED_SHELL('',(#7622));
#7622 = ADVANCED_FACE('',(#7623),#7627,.T.);
#7623 = FACE_BOUND('',#7624,.T.);
#7624 = VERTEX_LOOP('',#7625);
#7625 = VERTEX_POINT('',#7626);
#7626 = CARTESIAN_POINT('',(39.313742190968,-4.815226987597,-10.742));
#7627 = SPHERICAL_SURFACE('',#7628,0.95);
#7628 = AXIS2_PLACEMENT_3D('',#7629,#7630,#7631);
#7629 = CARTESIAN_POINT('',(39.313742190968,-4.815226987597,-9.792));
#7630 = DIRECTION('',(0.,0.,1.));
#7631 = DIRECTION('',(1.,0.,-0.));
#7632 = ( GEOMETRIC_REPRESENTATION_CONTEXT(3)
GLOBAL_UNCERTAINTY_ASSIGNED_CONTEXT((#7636))
GLOBAL_UNIT_ASSIGNED_CONTEXT((#7633,#7634,#7635)) REPRESENTATION_CONTEXT
('Context #1','3D Context with UNIT and UNCERTAINTY') );
#7633 = ( LENGTH_UNIT() NAMED_UNIT(*) SI_UNIT(.MILLI.,.METRE.) );
#7634 = ( NAMED_UNIT(*) PLANE_ANGLE_UNIT() SI_UNIT($,.RADIAN.) );
#7635 = ( NAMED_UNIT(*) SI_UNIT($,.STERADIAN.) SOLID_ANGLE_UNIT() );
#7636 = UNCERTAINTY_MEASURE_WITH_UNIT(LENGTH_MEASURE(1.E-07),#7633,
  'distance_accuracy_value','confusion accuracy');
#7637 = CONTEXT_DEPENDENT_SHAPE_REPRESENTATION(#7638,#7640);
#7638 = ( REPRESENTATION_RELATIONSHIP('','',#7619,#10)
REPRESENTATION_RELATIONSHIP_WITH_TRANSFORMATION(#7639)
SHAPE_REPRESENTATION_RELATIONSHIP() );
#7639 = ITEM_DEFINED_TRANSFORMATION('','',#11,#123);
#7640 = PRODUCT_DEFINITION_SHAPE('Placement','Placement of an item',
  #7641);
#7641 = NEXT_ASSEMBLY_USAGE_OCCURRENCE('28','','',#5,#7614,$);
#7642 = PRODUCT_RELATED_PRODUCT_CATEGORY('part',$,(#7616));
#7643 = SHAPE_DEFINITION_REPRESENTATION(#7644,#7650);
#7644 = PRODUCT_DEFINITION_SHAPE('','',#7645);
#7645 = PRODUCT_DEFINITION('design','',#7646,#7649);
#7646 = PRODUCT_DEFINITION_FORMATION('','',#7647);
#7647 = PRODUCT('Open CASCADE STEP translator 7.9 1.29',
  'Open CASCADE STEP translator 7.9 1.29','',(#7648));
#7648 = PRODUCT_CONTEXT('',#2,'mechanical');
#7649 = PRODUCT_DEFINITION_CONTEXT('part definition',#2,'design');
#7650 = ADVANCED_BREP_SHAPE_REPRESENTATION('',(#11,#7651),#7663);
#7651 = MANIFOLD_SOLID_BREP('',#7652);
#7652 = CLOSED_SHELL('',(#7653));
#7653 = ADVANCED_FACE('',(#7654),#7658,.T.);
#7654 = FACE_BOUND('',#7655,.T.);
#7655 = VERTEX_LOOP('',#7656);
#7656 = VERTEX_POINT('',#7657);
#7657 = CARTESIAN_POINT('',(35.671378083519,-18.9122925787,-6.8252));
#7658 = SPHERICAL_SURFACE('',#7659,0.95);
#7659 = AXIS2_PLACEMENT_3D('',#7660,#7661,#7662);
#7660 = CARTESIAN_POINT('',(35.671378083519,-18.9122925787,-5.8752));
#7661 = DIRECTION('',(0.,0.,1.));
#7662 = DIRECTION('',(1.,0.,-0.));
#7663 = ( GEOMETRIC_REPRESENTATION_CONTEXT(3)
GLOBAL_UNCERTAINTY_ASSIGNED_CONTEXT((#7667))
GLOBAL_UNIT_ASSIGNED_CONTEXT((#7664,#7665,#7666)) REPRESENTATION_CONTEXT
('Context #1','3D Context with UNIT and UNCERTAINTY') );
#7664 = ( LENGTH_UNIT() NAMED_UNIT(*) SI_UNIT(.MILLI.,.METRE.) );
#7665 = ( NAMED_UNIT(*) PLANE_ANGLE_UNIT() SI_UNIT($,.RADIAN.) );
#7666 = ( NAMED_UNIT(*) SI_UNIT($,.STERADIAN.) SOLID_ANGLE_UNIT() );
#7667 = UNCERTAINTY_MEASURE_WITH_UNIT(LENGTH_MEASURE(1.E-07),#7664,
  'distance_accuracy_value','confusion accuracy');
#7668 = CONTEXT_DEPENDENT_SHAPE_REPRESENTATION(#7669,#7671);
#7669 = ( REPRESENTATION_RELATIONSHIP('','',#7650,#10)
REPRESENTATION_RELATIONSHIP_WITH_TRANSFORMATION(#7670)
SHAPE_REPRESENTATION_RELATIONSHIP() );
#7670 = ITEM_DEFINED_TRANSFORMATION('','',#11,#127);
#7671 = PRODUCT_DEFINITION_SHAPE('Placement','Placement of an item',
  #7672);
#7672 = NEXT_ASSEMBLY_USAGE_OCCURRENCE('29','','',#5,#7645,$);
#7673 = PRODUCT_RELATED_PRODUCT_CATEGORY('part',$,(#7647));
#7674 = SHAPE_DEFINITION_REPRESENTATION(#7675,#7681);
#7675 = PRODUCT_DEFINITION_SHAPE('','',#7676);
#7676 = PRODUCT_DEFINITION('design','',#7677,#7680);
#7677 = PRODUCT_DEFINITION_FORMATION('','',#7678);
#7678 = PRODUCT('Open CASCADE STEP translator 7.9 1.30',
  'Open CASCADE STEP translator 7.9 1.30','',(#7679));
#7679 = PRODUCT_CONTEXT('',#2,'mechanical');
#7680 = PRODUCT_DEFINITION_CONTEXT('part definition',#2,'design');
#7681 = ADVANCED_BREP_SHAPE_REPRESENTATION('',(#11,#7682),#7694);
#7682 = MANIFOLD_SOLID_BREP('',#7683);
#7683 = CLOSED_SHELL('',(#7684));
#7684 = ADVANCED_FACE('',(#7685),#7689,.T.);
#7685 = FACE_BOUND('',#7686,.T.);
#7686 = VERTEX_LOOP('',#7687);
#7687 = VERTEX_POINT('',#7688);
#7688 = CARTESIAN_POINT('',(33.417676900936,-23.32516966679,-2.9084));
#7689 = SPHERICAL_SURFACE('',#7690,0.95);
#7690 = AXIS2_PLACEMENT_3D('',#7691,#7692,#7693);
#7691 = CARTESIAN_POINT('',(33.417676900936,-23.32516966679,-1.9584));
#7692 = DIRECTION('',(0.,0.,1.));
#7693 = DIRECTION('',(1.,0.,-0.));
#7694 = ( GEOMETRIC_REPRESENTATION_CONTEXT(3)
GLOBAL_UNCERTAINTY_ASSIGNED_CONTEXT((#7698))
GLOBAL_UNIT_ASSIGNED_CONTEXT((#7695,#7696,#7697)) REPRESENTATION_CONTEXT
('Context #1','3D Context with UNIT and UNCERTAINTY') );
#7695 = ( LENGTH_UNIT() NAMED_UNIT(*) SI_UNIT(.MILLI.,.METRE.) );
#7696 = ( NAMED_UNIT(*) PLANE_ANGLE_UNIT() SI_UNIT($,.RADIAN.) );
#7697 = ( NAMED_UNIT(*) SI_UNIT($,.STERADIAN.) SOLID_ANGLE_UNIT() );
#7698 = UNCERTAINTY_MEASURE_WITH_UNIT(LENGTH_MEASURE(1.E-07),#7695,
  'distance_accuracy_value','confusion accuracy');
#7699 = CONTEXT_DEPENDENT_SHAPE_REPRESENTATION(#7700,#7702);
#7700 = ( REPRESENTATION_RELATIONSHIP('','',#7681,#10)
REPRESENTATION_RELATIONSHIP_WITH_TRANSFORMATION(#7701)
SHAPE_REPRESENTATION_RELATIONSHIP() );
#7701 = ITEM_DEFINED_TRANSFORMATION('','',#11,#131);
#7702 = PRODUCT_DEFINITION_SHAPE('Placement','Placement of an item',
  #7703);
#7703 = NEXT_ASSEMBLY_USAGE_OCCURRENCE('30','','',#5,#7676,$);
#7704 = PRODUCT_RELATED_PRODUCT_CATEGORY('part',$,(#7678));
#7705 = SHAPE_DEFINITION_REPRESENTATION(#7706,#7712);
#7706 = PRODUCT_DEFINITION_SHAPE('','',#7707);
#7707 = PRODUCT_DEFINITION('design','',#7708,#7711);
#7708 = PRODUCT_DEFINITION_FORMATION('','',#7709);
#7709 = PRODUCT('Open CASCADE STEP translator 7.9 1.31',
  'Open CASCADE STEP translator 7.9 1.31','',(#7710));
#7710 = PRODUCT_CONTEXT('',#2,'mechanical');
#7711 = PRODUCT_DEFINITION_CONTEXT('part definition',#2,'design');
#7712 = ADVANCED_BREP_SHAPE_REPRESENTATION('',(#11,#7713),#7725);
#7713 = MANIFOLD_SOLID_BREP('',#7714);
#7714 = CLOSED_SHELL('',(#7715));
#7715 = ADVANCED_FACE('',(#7716),#7720,.T.);
#7716 = FACE_BOUND('',#7717,.T.);
#7717 = VERTEX_LOOP('',#7718);
#7718 = VERTEX_POINT('',#7719);
#7719 = CARTESIAN_POINT('',(36.005521750943,-19.0894492556,1.0084));
#7720 = SPHERICAL_SURFACE('',#7721,0.95);
#7721 = AXIS2_PLACEMENT_3D('',#7722,#7723,#7724);
#7722 = CARTESIAN_POINT('',(36.005521750943,-19.0894492556,1.9584));
#7723 = DIRECTION('',(0.,0.,1.));
#7724 = DIRECTION('',(1.,0.,-0.));
#7725 = ( GEOMETRIC_REPRESENTATION_CONTEXT(3)
GLOBAL_UNCERTAINTY_ASSIGNED_CONTEXT((#7729))
GLOBAL_UNIT_ASSIGNED_CONTEXT((#7726,#7727,#7728)) REPRESENTATION_CONTEXT
('Context #1','3D Context with UNIT and UNCERTAINTY') );
#7726 = ( LENGTH_UNIT() NAMED_UNIT(*) SI_UNIT(.MILLI.,.METRE.) );
#7727 = ( NAMED_UNIT(*) PLANE_ANGLE_UNIT() SI_UNIT($,.RADIAN.) );
#7728 = ( NAMED_UNIT(*) SI_UNIT($,.STERADIAN.) SOLID_ANGLE_UNIT() );
#7729 = UNCERTAINTY_MEASURE_WITH_UNIT(LENGTH_MEASURE(1.E-07),#7726,
  'distance_accuracy_value','confusion accuracy');
#7730 = CONTEXT_DEPENDENT_SHAPE_REPRESENTATION(#7731,#7733);
#7731 = ( REPRESENTATION_RELATIONSHIP('','',#7712,#10)
REPRESENTATION_RELATIONSHIP_WITH_TRANSFORMATION(#7732)
SHAPE_REPRESENTATION_RELATIONSHIP() );
#7732 = ITEM_DEFINED_TRANSFORMATION('','',#11,#135);
#7733 = PRODUCT_DEFINITION_SHAPE('Placement','Placement of an item',
  #7734);
#7734 = NEXT_ASSEMBLY_USAGE_OCCURRENCE('31','','',#5,#7707,$);
#7735 = PRODUCT_RELATED_PRODUCT_CATEGORY('part',$,(#7709));
#7736 = SHAPE_DEFINITION_REPRESENTATION(#7737,#7743);
#7737 = PRODUCT_DEFINITION_SHAPE('','',#7738);
#7738 = PRODUCT_DEFINITION('design','',#7739,#7742);
#7739 = PRODUCT_DEFINITION_FORMATION('','',#7740);
#7740 = PRODUCT('Open CASCADE STEP translator 7.9 1.32',
  'Open CASCADE STEP translator 7.9 1.32','',(#7741));
#7741 = PRODUCT_CONTEXT('',#2,'mechanical');
#7742 = PRODUCT_DEFINITION_CONTEXT('part definition',#2,'design');
#7743 = ADVANCED_BREP_SHAPE_REPRESENTATION('',(#11,#7744),#7756);
#7744 = MANIFOLD_SOLID_BREP('',#7745);
#7745 = CLOSED_SHELL('',(#7746));
#7746 = ADVANCED_FACE('',(#7747),#7751,.T.);
#7747 = FACE_BOUND('',#7748,.T.);
#7748 = VERTEX_LOOP('',#7749);
#7749 = VERTEX_POINT('',#7750);
#7750 = CARTESIAN_POINT('',(40.075286995308,-4.908502541888,4.9252));
#7751 = SPHERICAL_SURFACE('',#7752,0.95);
#7752 = AXIS2_PLACEMENT_3D('',#7753,#7754,#7755);
#7753 = CARTESIAN_POINT('',(40.075286995308,-4.908502541888,5.8752));
#7754 = DIRECTION('',(0.,0.,1.));
#7755 = DIRECTION('',(1.,0.,-0.));
#7756 = ( GEOMETRIC_REPRESENTATION_CONTEXT(3)
GLOBAL_UNCERTAINTY_ASSIGNED_CONTEXT((#7760))
GLOBAL_UNIT_ASSIGNED_CONTEXT((#7757,#7758,#7759)) REPRESENTATION_CONTEXT
('Context #1','3D Context with UNIT and UNCERTAINTY') );
#7757 = ( LENGTH_UNIT() NAMED_UNIT(*) SI_UNIT(.MILLI.,.METRE.) );
#7758 = ( NAMED_UNIT(*) PLANE_ANGLE_UNIT() SI_UNIT($,.RADIAN.) );
#7759 = ( NAMED_UNIT(*) SI_UNIT($,.STERADIAN.) SOLID_ANGLE_UNIT() );
#7760 = UNCERTAINTY_MEASURE_WITH_UNIT(LENGTH_MEASURE(1.E-07),#7757,
  'distance_accuracy_value','confusion accuracy');
#7761 = CONTEXT_DEPENDENT_SHAPE_REPRESENTATION(#7762,#7764);
#7762 = ( REPRESENTATION_RELATIONSHIP('','',#7743,#10)
REPRESENTATION_RELATIONSHIP_WITH_TRANSFORMATION(#7763)
SHAPE_REPRESENTATION_RELATIONSHIP() );
#7763 = ITEM_DEFINED_TRANSFORMATION('','',#11,#139);
#7764 = PRODUCT_DEFINITION_SHAPE('Placement','Placement of an item',
  #7765);
#7765 = NEXT_ASSEMBLY_USAGE_OCCURRENCE('32','','',#5,#7738,$);
#7766 = PRODUCT_RELATED_PRODUCT_CATEGORY('part',$,(#7740));
#7767 = SHAPE_DEFINITION_REPRESENTATION(#7768,#7774);
#7768 = PRODUCT_DEFINITION_SHAPE('','',#7769);
#7769 = PRODUCT_DEFINITION('design','',#7770,#7773);
#7770 = PRODUCT_DEFINITION_FORMATION('','',#7771);
#7771 = PRODUCT('Open CASCADE STEP translator 7.9 1.33',
  'Open CASCADE STEP translator 7.9 1.33','',(#7772));
#7772 = PRODUCT_CONTEXT('',#2,'mechanical');
#7773 = PRODUCT_DEFINITION_CONTEXT('part definition',#2,'design');
#7774 = ADVANCED_BREP_SHAPE_REPRESENTATION('',(#11,#7775),#7787);
#7775 = MANIFOLD_SOLID_BREP('',#7776);
#7776 = CLOSED_SHELL('',(#7777));
#7777 = ADVANCED_FACE('',(#7778),#7782,.T.);
#7778 = FACE_BOUND('',#7779,.T.);
#7779 = VERTEX_LOOP('',#7780);
#7780 = VERTEX_POINT('',#7781);
#7781 = CARTESIAN_POINT('',(34.993520114684,18.552905055091,8.842));
#7782 = SPHERICAL_SURFACE('',#7783,0.95);
#7783 = AXIS2_PLACEMENT_3D('',#7784,#7785,#7786);
#7784 = CARTESIAN_POINT('',(34.993520114684,18.552905055091,9.792));
#7785 = DIRECTION('',(0.,0.,1.));
#7786 = DIRECTION('',(1.,0.,-0.));
#7787 = ( GEOMETRIC_REPRESENTATION_CONTEXT(3)
GLOBAL_UNCERTAINTY_ASSIGNED_CONTEXT((#7791))
GLOBAL_UNIT_ASSIGNED_CONTEXT((#7788,#7789,#7790)) REPRESENTATION_CONTEXT
('Context #1','3D Context with UNIT and UNCERTAINTY') );
#7788 = ( LENGTH_UNIT() NAMED_UNIT(*) SI_UNIT(.MILLI.,.METRE.) );
#7789 = ( NAMED_UNIT(*) PLANE_ANGLE_UNIT() SI_UNIT($,.RADIAN.) );
#7790 = ( NAMED_UNIT(*) SI_UNIT($,.STERADIAN.) SOLID_ANGLE_UNIT() );
#7791 = UNCERTAINTY_MEASURE_WITH_UNIT(LENGTH_MEASURE(1.E-07),#7788,
  'distance_accuracy_value','confusion accuracy');
#7792 = CONTEXT_DEPENDENT_SHAPE_REPRESENTATION(#7793,#7795);
#7793 = ( REPRESENTATION_RELATIONSHIP('','',#7774,#10)
REPRESENTATION_RELATIONSHIP_WITH_TRANSFORMATION(#7794)
SHAPE_REPRESENTATION_RELATIONSHIP() );
#7794 = ITEM_DEFINED_TRANSFORMATION('','',#11,#143);
#7795 = PRODUCT_DEFINITION_SHAPE('Placement','Placement of an item',
  #7796);
#7796 = NEXT_ASSEMBLY_USAGE_OCCURRENCE('33','','',#5,#7769,$);
#7797 = PRODUCT_RELATED_PRODUCT_CATEGORY('part',$,(#7771));
#7798 = SHAPE_DEFINITION_REPRESENTATION(#7799,#7805);
#7799 = PRODUCT_DEFINITION_SHAPE('','',#7800);
#7800 = PRODUCT_DEFINITION('design','',#7801,#7804);
#7801 = PRODUCT_DEFINITION_FORMATION('','',#7802);
#7802 = PRODUCT('Open CASCADE STEP translator 7.9 1.34',
  'Open CASCADE STEP translator 7.9 1.34','',(#7803));
#7803 = PRODUCT_CONTEXT('',#2,'mechanical');
#7804 = PRODUCT_DEFINITION_CONTEXT('part definition',#2,'design');
#7805 = ADVANCED_BREP_SHAPE_REPRESENTATION('',(#11,#7806),#7818);
#7806 = MANIFOLD_SOLID_BREP('',#7807);
#7807 = CLOSED_SHELL('',(#7808));
#7808 = ADVANCED_FACE('',(#7809),#7813,.T.);
#7809 = FACE_BOUND('',#7810,.T.);
#7810 = VERTEX_LOOP('',#7811);
#7811 = VERTEX_POINT('',#7812);
#7812 = CARTESIAN_POINT('',(28.603483423261,-25.66222006404,12.7588));
#7813 = SPHERICAL_SURFACE('',#7814,0.95);
#7814 = AXIS2_PLACEMENT_3D('',#7815,#7816,#7817);
#7815 = CARTESIAN_POINT('',(28.603483423261,-25.66222006404,13.7088));
#7816 = DIRECTION('',(0.,0.,1.));
#7817 = DIRECTION('',(1.,0.,-0.));
#7818 = ( GEOMETRIC_REPRESENTATION_CONTEXT(3)
GLOBAL_UNCERTAINTY_ASSIGNED_CONTEXT((#7822))
GLOBAL_UNIT_ASSIGNED_CONTEXT((#7819,#7820,#7821)) REPRESENTATION_CONTEXT
('Context #1','3D Context with UNIT and UNCERTAINTY') );
#7819 = ( LENGTH_UNIT() NAMED_UNIT(*) SI_UNIT(.MILLI.,.METRE.) );
#7820 = ( NAMED_UNIT(*) PLANE_ANGLE_UNIT() SI_UNIT($,.RADIAN.) );
#7821 = ( NAMED_UNIT(*) SI_UNIT($,.STERADIAN.) SOLID_ANGLE_UNIT() );
#7822 = UNCERTAINTY_MEASURE_WITH_UNIT(LENGTH_MEASURE(1.E-07),#7819,
  'distance_accuracy_value','confusion accuracy');
#7823 = CONTEXT_DEPENDENT_SHAPE_REPRESENTATION(#7824,#7826);
#7824 = ( REPRESENTATION_RELATIONSHIP('','',#7805,#10)
REPRESENTATION_RELATIONSHIP_WITH_TRANSFORMATION(#7825)
SHAPE_REPRESENTATION_RELATIONSHIP() );
#7825 = ITEM_DEFINED_TRANSFORMATION('','',#11,#147);
#7826 = PRODUCT_DEFINITION_SHAPE('Placement','Placement of an item',
  #7827);
#7827 = NEXT_ASSEMBLY_USAGE_OCCURRENCE('34','','',#5,#7800,$);
#7828 = PRODUCT_RELATED_PRODUCT_CATEGORY('part',$,(#7802));
#7829 = SHAPE_DEFINITION_REPRESENTATION(#7830,#7836);
#7830 = PRODUCT_DEFINITION_SHAPE('','',#7831);
#7831 = PRODUCT_DEFINITION('design','',#7832,#7835);
#7832 = PRODUCT_DEFINITION_FORMATION('','',#7833);
#7833 = PRODUCT('Open CASCADE STEP translator 7.9 1.35',
  'Open CASCADE STEP translator 7.9 1.35','',(#7834));
#7834 = PRODUCT_CONTEXT('',#2,'mechanical');
#7835 = PRODUCT_DEFINITION_CONTEXT('part definition',#2,'design');
#7836 = ADVANCED_BREP_SHAPE_REPRESENTATION('',(#11,#7837),#7849);
#7837 = MANIFOLD_SOLID_BREP('',#7838);
#7838 = CLOSED_SHELL('',(#7839));
#7839 = ADVANCED_FACE('',(#7840),#7844,.T.);
#7840 = FACE_BOUND('',#7841,.T.);
#7841 = VERTEX_LOOP('',#7842);
#7842 = VERTEX_POINT('',#7843);
#7843 = CARTESIAN_POINT('',(34.364216070794,13.155944606139,16.6756));
#7844 = SPHERICAL_SURFACE('',#7845,0.95);
#7845 = AXIS2_PLACEMENT_3D('',#7846,#7847,#7848);
#7846 = CARTESIAN_POINT('',(34.364216070794,13.155944606139,17.6256));
#7847 = DIRECTION('',(0.,0.,1.));
#7848 = DIRECTION('',(1.,0.,-0.));
#7849 = ( GEOMETRIC_REPRESENTATION_CONTEXT(3)
GLOBAL_UNCERTAINTY_ASSIGNED_CONTEXT((#7853))
GLOBAL_UNIT_ASSIGNED_CONTEXT((#7850,#7851,#7852)) REPRESENTATION_CONTEXT
('Context #1','3D Context with UNIT and UNCERTAINTY') );
#7850 = ( LENGTH_UNIT() NAMED_UNIT(*) SI_UNIT(.MILLI.,.METRE.) );
#7851 = ( NAMED_UNIT(*) PLANE_ANGLE_UNIT() SI_UNIT($,.RADIAN.) );
#7852 = ( NAMED_UNIT(*) SI_UNIT($,.STERADIAN.) SOLID_ANGLE_UNIT() );
#7853 = UNCERTAINTY_MEASURE_WITH_UNIT(LENGTH_MEASURE(1.E-07),#7850,
  'distance_accuracy_value','confusion accuracy');
#7854 = CONTEXT_DEPENDENT_SHAPE_REPRESENTATION(#7855,#7857);
#7855 = ( REPRESENTATION_RELATIONSHIP('','',#7836,#10)
REPRESENTATION_RELATIONSHIP_WITH_TRANSFORMATION(#7856)
SHAPE_REPRESENTATION_RELATIONSHIP() );
#7856 = ITEM_DEFINED_TRANSFORMATION('','',#11,#151);
#7857 = PRODUCT_DEFINITION_SHAPE('Placement','Placement of an item',
  #7858);
#7858 = NEXT_ASSEMBLY_USAGE_OCCURRENCE('35','','',#5,#7831,$);
#7859 = PRODUCT_RELATED_PRODUCT_CATEGORY('part',$,(#7833));
#7860 = SHAPE_DEFINITION_REPRESENTATION(#7861,#7867);
#7861 = PRODUCT_DEFINITION_SHAPE('','',#7862);
#7862 = PRODUCT_DEFINITION('design','',#7863,#7866);
#7863 = PRODUCT_DEFINITION_FORMATION('','',#7864);
#7864 = PRODUCT('Open CASCADE STEP translator 7.9 1.36',
  'Open CASCADE STEP translator 7.9 1.36','',(#7865));
#7865 = PRODUCT_CONTEXT('',#2,'mechanical');
#7866 = PRODUCT_DEFINITION_CONTEXT('part definition',#2,'design');
#7867 = ADVANCED_BREP_SHAPE_REPRESENTATION('',(#11,#7868),#7880);
#7868 = MANIFOLD_SOLID_BREP('',#7869);
#7869 = CLOSED_SHELL('',(#7870));
#7870 = ADVANCED_FACE('',(#7871),#7875,.T.);
#7871 = FACE_BOUND('',#7872,.T.);
#7872 = VERTEX_LOOP('',#7873);
#7873 = VERTEX_POINT('',#7874);
#7874 = CARTESIAN_POINT('',(32.3588769595,-12.38822360792,20.5924));
#7875 = SPHERICAL_SURFACE('',#7876,0.95);
#7876 = AXIS2_PLACEMENT_3D('',#7877,#7878,#7879);
#7877 = CARTESIAN_POINT('',(32.3588769595,-12.38822360792,21.5424));
#7878 = DIRECTION('',(0.,0.,1.));
#7879 = DIRECTION('',(1.,0.,-0.));
#7880 = ( GEOMETRIC_REPRESENTATION_CONTEXT(3)
GLOBAL_UNCERTAINTY_ASSIGNED_CONTEXT((#7884))
GLOBAL_UNIT_ASSIGNED_CONTEXT((#7881,#7882,#7883)) REPRESENTATION_CONTEXT
('Context #1','3D Context with UNIT and UNCERTAINTY') );
#7881 = ( LENGTH_UNIT() NAMED_UNIT(*) SI_UNIT(.MILLI.,.METRE.) );
#7882 = ( NAMED_UNIT(*) PLANE_ANGLE_UNIT() SI_UNIT($,.RADIAN.) );
#7883 = ( NAMED_UNIT(*) SI_UNIT($,.STERADIAN.) SOLID_ANGLE_UNIT() );
#7884 = UNCERTAINTY_MEASURE_WITH_UNIT(LENGTH_MEASURE(1.E-07),#7881,
  'distance_accuracy_value','confusion accuracy');
#7885 = CONTEXT_DEPENDENT_SHAPE_REPRESENTATION(#7886,#7888);
#7886 = ( REPRESENTATION_RELATIONSHIP('','',#7867,#10)
REPRESENTATION_RELATIONSHIP_WITH_TRANSFORMATION(#7887)
SHAPE_REPRESENTATION_RELATIONSHIP() );
#7887 = ITEM_DEFINED_TRANSFORMATION('','',#11,#155);
#7888 = PRODUCT_DEFINITION_SHAPE('Placement','Placement of an item',
  #7889);
#7889 = NEXT_ASSEMBLY_USAGE_OCCURRENCE('36','','',#5,#7862,$);
#7890 = PRODUCT_RELATED_PRODUCT_CATEGORY('part',$,(#7864));
#7891 = SHAPE_DEFINITION_REPRESENTATION(#7892,#7898);
#7892 = PRODUCT_DEFINITION_SHAPE('','',#7893);
#7893 = PRODUCT_DEFINITION('design','',#7894,#7897);
#7894 = PRODUCT_DEFINITION_FORMATION('','',#7895);
#7895 = PRODUCT('Open CASCADE STEP translator 7.9 1.37',
  'Open CASCADE STEP translator 7.9 1.37','',(#7896));
#7896 = PRODUCT_CONTEXT('',#2,'mechanical');
#7897 = PRODUCT_DEFINITION_CONTEXT('part definition',#2,'design');
#7898 = ADVANCED_BREP_SHAPE_REPRESENTATION('',(#11,#7899),#7911);
#7899 = MANIFOLD_SOLID_BREP('',#7900);
#7900 = CLOSED_SHELL('',(#7901));
#7901 = ADVANCED_FACE('',(#7902),#7906,.T.);
#7902 = FACE_BOUND('',#7903,.T.);
#7903 = VERTEX_LOOP('',#7904);
#7904 = VERTEX_POINT('',#7905);
#7905 = CARTESIAN_POINT('',(20.966703405523,-24.01804495925,24.5092));
#7906 = SPHERICAL_SURFACE('',#7907,0.95);
#7907 = AXIS2_PLACEMENT_3D('',#7908,#7909,#7910);
#7908 = CARTESIAN_POINT('',(20.966703405523,-24.01804495925,25.4592));
#7909 = DIRECTION('',(0.,0.,1.));
#7910 = DIRECTION('',(1.,0.,-0.));
#7911 = ( GEOMETRIC_REPRESENTATION_CONTEXT(3)
GLOBAL_UNCERTAINTY_ASSIGNED_CONTEXT((#7915))
GLOBAL_UNIT_ASSIGNED_CONTEXT((#7912,#7913,#7914)) REPRESENTATION_CONTEXT
('Context #1','3D Context with UNIT and UNCERTAINTY') );
#7912 = ( LENGTH_UNIT() NAMED_UNIT(*) SI_UNIT(.MILLI.,.METRE.) );
#7913 = ( NAMED_UNIT(*) PLANE_ANGLE_UNIT() SI_UNIT($,.RADIAN.) );
#7914 = ( NAMED_UNIT(*) SI_UNIT($,.STERADIAN.) SOLID_ANGLE_UNIT() );
#7915 = UNCERTAINTY_MEASURE_WITH_UNIT(LENGTH_MEASURE(1.E-07),#7912,
  'distance_accuracy_value','confusion accuracy');
#7916 = CONTEXT_DEPENDENT_SHAPE_REPRESENTATION(#7917,#7919);
#7917 = ( REPRESENTATION_RELATIONSHIP('','',#7898,#10)
REPRESENTATION_RELATIONSHIP_WITH_TRANSFORMATION(#7918)
SHAPE_REPRESENTATION_RELATIONSHIP() );
#7918 = ITEM_DEFINED_TRANSFORMATION('','',#11,#159);
#7919 = PRODUCT_DEFINITION_SHAPE('Placement','Placement of an item',
  #7920);
#7920 = NEXT_ASSEMBLY_USAGE_OCCURRENCE('37','','',#5,#7893,$);
#7921 = PRODUCT_RELATED_PRODUCT_CATEGORY('part',$,(#7895));
#7922 = SHAPE_DEFINITION_REPRESENTATION(#7923,#7929);
#7923 = PRODUCT_DEFINITION_SHAPE('','',#7924);
#7924 = PRODUCT_DEFINITION('design','',#7925,#7928);
#7925 = PRODUCT_DEFINITION_FORMATION('','',#7926);
#7926 = PRODUCT('Open CASCADE STEP translator 7.9 1.38',
  'Open CASCADE STEP translator 7.9 1.38','',(#7927));
#7927 = PRODUCT_CONTEXT('',#2,'mechanical');
#7928 = PRODUCT_DEFINITION_CONTEXT('part definition',#2,'design');
#7929 = ADVANCED_BREP_SHAPE_REPRESENTATION('',(#11,#7930),#7942);
#7930 = MANIFOLD_SOLID_BREP('',#7931);
#7931 = CLOSED_SHELL('',(#7932));
#7932 = ADVANCED_FACE('',(#7933),#7937,.T.);
#7933 = FACE_BOUND('',#7934,.T.);
#7934 = VERTEX_LOOP('',#7935);
#7935 = VERTEX_POINT('',#7936);
#7936 = CARTESIAN_POINT('',(15.88899182329,23.435668602355,28.426));
#7937 = SPHERICAL_SURFACE('',#7938,0.95);
#7938 = AXIS2_PLACEMENT_3D('',#7939,#7940,#7941);
#7939 = CARTESIAN_POINT('',(15.88899182329,23.435668602355,29.376));
#7940 = DIRECTION('',(0.,0.,1.));
#7941 = DIRECTION('',(1.,0.,-0.));
#7942 = ( GEOMETRIC_REPRESENTATION_CONTEXT(3)
GLOBAL_UNCERTAINTY_ASSIGNED_CONTEXT((#7946))
GLOBAL_UNIT_ASSIGNED_CONTEXT((#7943,#7944,#7945)) REPRESENTATION_CONTEXT
('Context #1','3D Context with UNIT and UNCERTAINTY') );
#7943 = ( LENGTH_UNIT() NAMED_UNIT(*) SI_UNIT(.MILLI.,.METRE.) );
#7944 = ( NAMED_UNIT(*) PLANE_ANGLE_UNIT() SI_UNIT($,.RADIAN.) );
#7945 = ( NAMED_UNIT(*) SI_UNIT($,.STERADIAN.) SOLID_ANGLE_UNIT() );
#7946 = UNCERTAINTY_MEASURE_WITH_UNIT(LENGTH_MEASURE(1.E-07),#7943,
  'distance_accuracy_value','confusion accuracy');
#7947 = CONTEXT_DEPENDENT_SHAPE_REPRESENTATION(#7948,#7950);
#7948 = ( REPRESENTATION_RELATIONSHIP('','',#7929,#10)
REPRESENTATION_RELATIONSHIP_WITH_TRANSFORMATION(#7949)
SHAPE_REPRESENTATION_RELATIONSHIP() );
#7949 = ITEM_DEFINED_TRANSFORMATION('','',#11,#163);
#7950 = PRODUCT_DEFINITION_SHAPE('Placement','Placement of an item',
  #7951);
#7951 = NEXT_ASSEMBLY_USAGE_OCCURRENCE('38','','',#5,#7924,$);
#7952 = PRODUCT_RELATED_PRODUCT_CATEGORY('part',$,(#7926));
#7953 = SHAPE_DEFINITION_REPRESENTATION(#7954,#7960);
#7954 = PRODUCT_DEFINITION_SHAPE('','',#7955);
#7955 = PRODUCT_DEFINITION('design','',#7956,#7959);
#7956 = PRODUCT_DEFINITION_FORMATION('','',#7957);
#7957 = PRODUCT('Open CASCADE STEP translator 7.9 1.39',
  'Open CASCADE STEP translator 7.9 1.39','',(#7958));
#7958 = PRODUCT_CONTEXT('',#2,'mechanical');
#7959 = PRODUCT_DEFINITION_CONTEXT('part definition',#2,'design');
#7960 = ADVANCED_BREP_SHAPE_REPRESENTATION('',(#11,#7961),#8059);
#7961 = MANIFOLD_SOLID_BREP('',#7962);
#7962 = CLOSED_SHELL('',(#7963,#8051,#8055));
#7963 = ADVANCED_FACE('',(#7964),#7977,.T.);
#7964 = FACE_BOUND('',#7965,.T.);
#7965 = EDGE_LOOP('',(#7966,#8000,#8023,#8050));
#7966 = ORIENTED_EDGE('',*,*,#7967,.F.);
#7967 = EDGE_CURVE('',#7968,#7968,#7970,.T.);
#7968 = VERTEX_POINT('',#7969);
#7969 = CARTESIAN_POINT('',(29.621777947148,-11.22712895008,-25.4592));
#7970 = SURFACE_CURVE('',#7971,(#7976,#7988),.PCURVE_S1.);
#7971 = CIRCLE('',#7972,0.23);
#7972 = AXIS2_PLACEMENT_3D('',#7973,#7974,#7975);
#7973 = CARTESIAN_POINT('',(29.774720895146,-11.39890920115,-25.4592));
#7974 = DIRECTION('',(0.722439272101,0.643217083085,0.253679487058));
#7975 = DIRECTION('',(-0.664969339122,0.746870656826,-1.387778780781E-17
    ));
#7976 = PCURVE('',#7977,#7982);
#7977 = CYLINDRICAL_SURFACE('',#7978,0.23);
#7978 = AXIS2_PLACEMENT_3D('',#7979,#7980,#7981);
#7979 = CARTESIAN_POINT('',(18.620290658069,-21.33015236253,-29.376));
#7980 = DIRECTION('',(0.722439272101,0.643217083085,0.253679487058));
#7981 = DIRECTION('',(-0.664969339122,0.746870656826,0.));
#7982 = DEFINITIONAL_REPRESENTATION('',(#7983),#7987);
#7983 = LINE('',#7984,#7985);
#7984 = CARTESIAN_POINT('',(0.,15.439955533755));
#7985 = VECTOR('',#7986,1.);
#7986 = DIRECTION('',(1.,0.));
#7987 = ( GEOMETRIC_REPRESENTATION_CONTEXT(2)
PARAMETRIC_REPRESENTATION_CONTEXT() REPRESENTATION_CONTEXT('2D SPACE',''
  ) );
#7988 = PCURVE('',#7989,#7994);
#7989 = PLANE('',#7990);
#7990 = AXIS2_PLACEMENT_3D('',#7991,#7992,#7993);
#7991 = CARTESIAN_POINT('',(29.774720895146,-11.39890920115,-25.4592));
#7992 = DIRECTION('',(0.722439272101,0.643217083085,0.253679487058));
#7993 = DIRECTION('',(-0.664969339122,0.746870656826,0.));
#7994 = DEFINITIONAL_REPRESENTATION('',(#7995),#7999);
#7995 = CIRCLE('',#7996,0.23);
#7996 = AXIS2_PLACEMENT_2D('',#7997,#7998);
#7997 = CARTESIAN_POINT('',(0.,0.));
#7998 = DIRECTION('',(1.,0.));
#7999 = ( GEOMETRIC_REPRESENTATION_CONTEXT(2)
PARAMETRIC_REPRESENTATION_CONTEXT() REPRESENTATION_CONTEXT('2D SPACE',''
  ) );
#8000 = ORIENTED_EDGE('',*,*,#8001,.F.);
#8001 = EDGE_CURVE('',#8002,#7968,#8004,.T.);
#8002 = VERTEX_POINT('',#8003);
#8003 = CARTESIAN_POINT('',(18.467347710071,-21.15837211146,-29.376));
#8004 = SEAM_CURVE('',#8005,(#8009,#8016),.PCURVE_S1.);
#8005 = LINE('',#8006,#8007);
#8006 = CARTESIAN_POINT('',(18.467347710071,-21.15837211146,-29.376));
#8007 = VECTOR('',#8008,1.);
#8008 = DIRECTION('',(0.722439272101,0.643217083085,0.253679487058));
#8009 = PCURVE('',#7977,#8010);
#8010 = DEFINITIONAL_REPRESENTATION('',(#8011),#8015);
#8011 = LINE('',#8012,#8013);
#8012 = CARTESIAN_POINT('',(6.28318530718,-0.));
#8013 = VECTOR('',#8014,1.);
#8014 = DIRECTION('',(0.,1.));
#8015 = ( GEOMETRIC_REPRESENTATION_CONTEXT(2)
PARAMETRIC_REPRESENTATION_CONTEXT() REPRESENTATION_CONTEXT('2D SPACE',''
  ) );
#8016 = PCURVE('',#7977,#8017);
#8017 = DEFINITIONAL_REPRESENTATION('',(#8018),#8022);
#8018 = LINE('',#8019,#8020);
#8019 = CARTESIAN_POINT('',(0.,-0.));
#8020 = VECTOR('',#8021,1.);
#8021 = DIRECTION('',(0.,1.));
#8022 = ( GEOMETRIC_REPRESENTATION_CONTEXT(2)
PARAMETRIC_REPRESENTATION_CONTEXT() REPRESENTATION_CONTEXT('2D SPACE',''
  ) );
#8023 = ORIENTED_EDGE('',*,*,#8024,.T.);
#8024 = EDGE_CURVE('',#8002,#8002,#8025,.T.);
#8025 = SURFACE_CURVE('',#8026,(#8031,#8038),.PCURVE_S1.);
#8026 = CIRCLE('',#8027,0.23);
#8027 = AXIS2_PLACEMENT_3D('',#8028,#8029,#8030);
#8028 = CARTESIAN_POINT('',(18.620290658069,-21.33015236253,-29.376));
#8029 = DIRECTION('',(0.722439272101,0.643217083085,0.253679487058));
#8030 = DIRECTION('',(-0.664969339122,0.746870656826,-1.387778780781E-17
    ));
#8031 = PCURVE('',#7977,#8032);
#8032 = DEFINITIONAL_REPRESENTATION('',(#8033),#8037);
#8033 = LINE('',#8034,#8035);
#8034 = CARTESIAN_POINT('',(0.,0.));
#8035 = VECTOR('',#8036,1.);
#8036 = DIRECTION('',(1.,0.));
#8037 = ( GEOMETRIC_REPRESENTATION_CONTEXT(2)
PARAMETRIC_REPRESENTATION_CONTEXT() REPRESENTATION_CONTEXT('2D SPACE',''
  ) );
#8038 = PCURVE('',#8039,#8044);
#8039 = PLANE('',#8040);
#8040 = AXIS2_PLACEMENT_3D('',#8041,#8042,#8043);
#8041 = CARTESIAN_POINT('',(18.620290658069,-21.33015236253,-29.376));
#8042 = DIRECTION('',(0.722439272101,0.643217083085,0.253679487058));
#8043 = DIRECTION('',(-0.664969339122,0.746870656826,0.));
#8044 = DEFINITIONAL_REPRESENTATION('',(#8045),#8049);
#8045 = CIRCLE('',#8046,0.23);
#8046 = AXIS2_PLACEMENT_2D('',#8047,#8048);
#8047 = CARTESIAN_POINT('',(0.,0.));
#8048 = DIRECTION('',(1.,0.));
#8049 = ( GEOMETRIC_REPRESENTATION_CONTEXT(2)
PARAMETRIC_REPRESENTATION_CONTEXT() REPRESENTATION_CONTEXT('2D SPACE',''
  ) );
#8050 = ORIENTED_EDGE('',*,*,#8001,.T.);
#8051 = ADVANCED_FACE('',(#8052),#7989,.T.);
#8052 = FACE_BOUND('',#8053,.T.);
#8053 = EDGE_LOOP('',(#8054));
#8054 = ORIENTED_EDGE('',*,*,#7967,.T.);
#8055 = ADVANCED_FACE('',(#8056),#8039,.F.);
#8056 = FACE_BOUND('',#8057,.T.);
#8057 = EDGE_LOOP('',(#8058));
#8058 = ORIENTED_EDGE('',*,*,#8024,.F.);
#8059 = ( GEOMETRIC_REPRESENTATION_CONTEXT(3)
GLOBAL_UNCERTAINTY_ASSIGNED_CONTEXT((#8063))
GLOBAL_UNIT_ASSIGNED_CONTEXT((#8060,#8061,#8062)) REPRESENTATION_CONTEXT
('Context #1','3D Context with UNIT and UNCERTAINTY') );
#8060 = ( LENGTH_UNIT() NAMED_UNIT(*) SI_UNIT(.MILLI.,.METRE.) );
#8061 = ( NAMED_UNIT(*) PLANE_ANGLE_UNIT() SI_UNIT($,.RADIAN.) );
#8062 = ( NAMED_UNIT(*) SI_UNIT($,.STERADIAN.) SOLID_ANGLE_UNIT() );
#8063 = UNCERTAINTY_MEASURE_WITH_UNIT(LENGTH_MEASURE(1.E-07),#8060,
  'distance_accuracy_value','confusion accuracy');
#8064 = CONTEXT_DEPENDENT_SHAPE_REPRESENTATION(#8065,#8067);
#8065 = ( REPRESENTATION_RELATIONSHIP('','',#7960,#10)
REPRESENTATION_RELATIONSHIP_WITH_TRANSFORMATION(#8066)
SHAPE_REPRESENTATION_RELATIONSHIP() );
#8066 = ITEM_DEFINED_TRANSFORMATION('','',#11,#167);
#8067 = PRODUCT_DEFINITION_SHAPE('Placement','Placement of an item',
  #8068);
#8068 = NEXT_ASSEMBLY_USAGE_OCCURRENCE('39','','',#5,#7955,$);
#8069 = PRODUCT_RELATED_PRODUCT_CATEGORY('part',$,(#7957));
#8070 = SHAPE_DEFINITION_REPRESENTATION(#8071,#8077);
#8071 = PRODUCT_DEFINITION_SHAPE('','',#8072);
#8072 = PRODUCT_DEFINITION('design','',#8073,#8076);
#8073 = PRODUCT_DEFINITION_FORMATION('','',#8074);
#8074 = PRODUCT('Open CASCADE STEP translator 7.9 1.40',
  'Open CASCADE STEP translator 7.9 1.40','',(#8075));
#8075 = PRODUCT_CONTEXT('',#2,'mechanical');
#8076 = PRODUCT_DEFINITION_CONTEXT('part definition',#2,'design');
#8077 = ADVANCED_BREP_SHAPE_REPRESENTATION('',(#11,#8078),#8176);
#8078 = MANIFOLD_SOLID_BREP('',#8079);
#8079 = CLOSED_SHELL('',(#8080,#8168,#8172));
#8080 = ADVANCED_FACE('',(#8081),#8094,.T.);
#8081 = FACE_BOUND('',#8082,.T.);
#8082 = EDGE_LOOP('',(#8083,#8117,#8140,#8167));
#8083 = ORIENTED_EDGE('',*,*,#8084,.F.);
#8084 = EDGE_CURVE('',#8085,#8085,#8087,.T.);
#8085 = VERTEX_POINT('',#8086);
#8086 = CARTESIAN_POINT('',(32.3588769595,12.350854906325,
    -21.31545599778));
#8087 = SURFACE_CURVE('',#8088,(#8093,#8105),.PCURVE_S1.);
#8088 = CIRCLE('',#8089,0.23);
#8089 = AXIS2_PLACEMENT_3D('',#8090,#8091,#8092);
#8090 = CARTESIAN_POINT('',(32.3588769595,12.388223607925,-21.5424));
#8091 = DIRECTION('',(0.106582679077,0.981092580795,0.161547146153));
#8092 = DIRECTION('',(6.938893903907E-18,-0.162472615654,0.986713053102)
  );
#8093 = PCURVE('',#8094,#8099);
#8094 = CYLINDRICAL_SURFACE('',#8095,0.23);
#8095 = AXIS2_PLACEMENT_3D('',#8096,#8097,#8098);
#8096 = CARTESIAN_POINT('',(29.774720895146,-11.39890920115,-25.4592));
#8097 = DIRECTION('',(0.106582679077,0.981092580795,0.161547146153));
#8098 = DIRECTION('',(0.,-0.162472615654,0.986713053102));
#8099 = DEFINITIONAL_REPRESENTATION('',(#8100),#8104);
#8100 = LINE('',#8101,#8102);
#8101 = CARTESIAN_POINT('',(0.,24.245553655911));
#8102 = VECTOR('',#8103,1.);
#8103 = DIRECTION('',(1.,0.));
#8104 = ( GEOMETRIC_REPRESENTATION_CONTEXT(2)
PARAMETRIC_REPRESENTATION_CONTEXT() REPRESENTATION_CONTEXT('2D SPACE',''
  ) );
#8105 = PCURVE('',#8106,#8111);
#8106 = PLANE('',#8107);
#8107 = AXIS2_PLACEMENT_3D('',#8108,#8109,#8110);
#8108 = CARTESIAN_POINT('',(32.3588769595,12.388223607925,-21.5424));
#8109 = DIRECTION('',(0.106582679077,0.981092580795,0.161547146153));
#8110 = DIRECTION('',(0.,-0.162472615654,0.986713053102));
#8111 = DEFINITIONAL_REPRESENTATION('',(#8112),#8116);
#8112 = CIRCLE('',#8113,0.23);
#8113 = AXIS2_PLACEMENT_2D('',#8114,#8115);
#8114 = CARTESIAN_POINT('',(0.,0.));
#8115 = DIRECTION('',(1.,0.));
#8116 = ( GEOMETRIC_REPRESENTATION_CONTEXT(2)
PARAMETRIC_REPRESENTATION_CONTEXT() REPRESENTATION_CONTEXT('2D SPACE',''
  ) );
#8117 = ORIENTED_EDGE('',*,*,#8118,.F.);
#8118 = EDGE_CURVE('',#8119,#8085,#8121,.T.);
#8119 = VERTEX_POINT('',#8120);
#8120 = CARTESIAN_POINT('',(29.774720895146,-11.43627790275,
    -25.23225599778));
#8121 = SEAM_CURVE('',#8122,(#8126,#8133),.PCURVE_S1.);
#8122 = LINE('',#8123,#8124);
#8123 = CARTESIAN_POINT('',(29.774720895146,-11.43627790275,
    -25.23225599778));
#8124 = VECTOR('',#8125,1.);
#8125 = DIRECTION('',(0.106582679077,0.981092580795,0.161547146153));
#8126 = PCURVE('',#8094,#8127);
#8127 = DEFINITIONAL_REPRESENTATION('',(#8128),#8132);
#8128 = LINE('',#8129,#8130);
#8129 = CARTESIAN_POINT('',(6.28318530718,-0.));
#8130 = VECTOR('',#8131,1.);
#8131 = DIRECTION('',(0.,1.));
#8132 = ( GEOMETRIC_REPRESENTATION_CONTEXT(2)
PARAMETRIC_REPRESENTATION_CONTEXT() REPRESENTATION_CONTEXT('2D SPACE',''
  ) );
#8133 = PCURVE('',#8094,#8134);
#8134 = DEFINITIONAL_REPRESENTATION('',(#8135),#8139);
#8135 = LINE('',#8136,#8137);
#8136 = CARTESIAN_POINT('',(0.,-0.));
#8137 = VECTOR('',#8138,1.);
#8138 = DIRECTION('',(0.,1.));
#8139 = ( GEOMETRIC_REPRESENTATION_CONTEXT(2)
PARAMETRIC_REPRESENTATION_CONTEXT() REPRESENTATION_CONTEXT('2D SPACE',''
  ) );
#8140 = ORIENTED_EDGE('',*,*,#8141,.T.);
#8141 = EDGE_CURVE('',#8119,#8119,#8142,.T.);
#8142 = SURFACE_CURVE('',#8143,(#8148,#8155),.PCURVE_S1.);
#8143 = CIRCLE('',#8144,0.23);
#8144 = AXIS2_PLACEMENT_3D('',#8145,#8146,#8147);
#8145 = CARTESIAN_POINT('',(29.774720895146,-11.39890920115,-25.4592));
#8146 = DIRECTION('',(0.106582679077,0.981092580795,0.161547146153));
#8147 = DIRECTION('',(6.938893903907E-18,-0.162472615654,0.986713053102)
  );
#8148 = PCURVE('',#8094,#8149);
#8149 = DEFINITIONAL_REPRESENTATION('',(#8150),#8154);
#8150 = LINE('',#8151,#8152);
#8151 = CARTESIAN_POINT('',(0.,0.));
#8152 = VECTOR('',#8153,1.);
#8153 = DIRECTION('',(1.,0.));
#8154 = ( GEOMETRIC_REPRESENTATION_CONTEXT(2)
PARAMETRIC_REPRESENTATION_CONTEXT() REPRESENTATION_CONTEXT('2D SPACE',''
  ) );
#8155 = PCURVE('',#8156,#8161);
#8156 = PLANE('',#8157);
#8157 = AXIS2_PLACEMENT_3D('',#8158,#8159,#8160);
#8158 = CARTESIAN_POINT('',(29.774720895146,-11.39890920115,-25.4592));
#8159 = DIRECTION('',(0.106582679077,0.981092580795,0.161547146153));
#8160 = DIRECTION('',(0.,-0.162472615654,0.986713053102));
#8161 = DEFINITIONAL_REPRESENTATION('',(#8162),#8166);
#8162 = CIRCLE('',#8163,0.23);
#8163 = AXIS2_PLACEMENT_2D('',#8164,#8165);
#8164 = CARTESIAN_POINT('',(0.,0.));
#8165 = DIRECTION('',(1.,0.));
#8166 = ( GEOMETRIC_REPRESENTATION_CONTEXT(2)
PARAMETRIC_REPRESENTATION_CONTEXT() REPRESENTATION_CONTEXT('2D SPACE',''
  ) );
#8167 = ORIENTED_EDGE('',*,*,#8118,.T.);
#8168 = ADVANCED_FACE('',(#8169),#8106,.T.);
#8169 = FACE_BOUND('',#8170,.T.);
#8170 = EDGE_LOOP('',(#8171));
#8171 = ORIENTED_EDGE('',*,*,#8084,.T.);
#8172 = ADVANCED_FACE('',(#8173),#8156,.F.);
#8173 = FACE_BOUND('',#8174,.T.);
#8174 = EDGE_LOOP('',(#8175));
#8175 = ORIENTED_EDGE('',*,*,#8141,.F.);
#8176 = ( GEOMETRIC_REPRESENTATION_CONTEXT(3)
GLOBAL_UNCERTAINTY_ASSIGNED_CONTEXT((#8180))
GLOBAL_UNIT_ASSIGNED_CONTEXT((#8177,#8178,#8179)) REPRESENTATION_CONTEXT
('Context #1','3D Context with UNIT and UNCERTAINTY') );
#8177 = ( LENGTH_UNIT() NAMED_UNIT(*) SI_UNIT(.MILLI.,.METRE.) );
#8178 = ( NAMED_UNIT(*) PLANE_ANGLE_UNIT() SI_UNIT($,.RADIAN.) );
#8179 = ( NAMED_UNIT(*) SI_UNIT($,.STERADIAN.) SOLID_ANGLE_UNIT() );
#8180 = UNCERTAINTY_MEASURE_WITH_UNIT(LENGTH_MEASURE(1.E-07),#8177,
  'distance_accuracy_value','confusion accuracy');
#8181 = CONTEXT_DEPENDENT_SHAPE_REPRESENTATION(#8182,#8184);
#8182 = ( REPRESENTATION_RELATIONSHIP('','',#8077,#10)
REPRESENTATION_RELATIONSHIP_WITH_TRANSFORMATION(#8183)
SHAPE_REPRESENTATION_RELATIONSHIP() );
#8183 = ITEM_DEFINED_TRANSFORMATION('','',#11,#171);
#8184 = PRODUCT_DEFINITION_SHAPE('Placement','Placement of an item',
  #8185);
#8185 = NEXT_ASSEMBLY_USAGE_OCCURRENCE('40','','',#5,#8072,$);
#8186 = PRODUCT_RELATED_PRODUCT_CATEGORY('part',$,(#8074));
#8187 = SHAPE_DEFINITION_REPRESENTATION(#8188,#8194);
#8188 = PRODUCT_DEFINITION_SHAPE('','',#8189);
#8189 = PRODUCT_DEFINITION('design','',#8190,#8193);
#8190 = PRODUCT_DEFINITION_FORMATION('','',#8191);
#8191 = PRODUCT('Open CASCADE STEP translator 7.9 1.41',
  'Open CASCADE STEP translator 7.9 1.41','',(#8192));
#8192 = PRODUCT_CONTEXT('',#2,'mechanical');
#8193 = PRODUCT_DEFINITION_CONTEXT('part definition',#2,'design');
#8194 = ADVANCED_BREP_SHAPE_REPRESENTATION('',(#11,#8195),#8293);
#8195 = MANIFOLD_SOLID_BREP('',#8196);
#8196 = CLOSED_SHELL('',(#8197,#8285,#8289));
#8197 = ADVANCED_FACE('',(#8198),#8211,.T.);
#8198 = FACE_BOUND('',#8199,.T.);
#8199 = EDGE_LOOP('',(#8200,#8234,#8257,#8284));
#8200 = ORIENTED_EDGE('',*,*,#8201,.F.);
#8201 = EDGE_CURVE('',#8202,#8202,#8204,.T.);
#8202 = VERTEX_POINT('',#8203);
#8203 = CARTESIAN_POINT('',(27.161124441685,-24.54203589232,-17.6256));
#8204 = SURFACE_CURVE('',#8205,(#8210,#8222),.PCURVE_S1.);
#8205 = CIRCLE('',#8206,0.23);
#8206 = AXIS2_PLACEMENT_3D('',#8207,#8208,#8209);
#8207 = CARTESIAN_POINT('',(27.389073041797,-24.57268610777,-17.6256));
#8208 = DIRECTION('',(-0.132532858294,-0.985659613715,0.10445174658));
#8209 = DIRECTION('',(-0.991080870053,0.133261806288,3.469446951954E-18)
  );
#8210 = PCURVE('',#8211,#8216);
#8211 = CYLINDRICAL_SURFACE('',#8212,0.23);
#8212 = AXIS2_PLACEMENT_3D('',#8213,#8214,#8215);
#8213 = CARTESIAN_POINT('',(32.3588769595,12.388223607925,-21.5424));
#8214 = DIRECTION('',(-0.132532858294,-0.985659613715,0.10445174658));
#8215 = DIRECTION('',(-0.991080870053,0.133261806288,1.734723475977E-18)
  );
#8216 = DEFINITIONAL_REPRESENTATION('',(#8217),#8221);
#8217 = LINE('',#8218,#8219);
#8218 = CARTESIAN_POINT('',(0.,37.498654912308));
#8219 = VECTOR('',#8220,1.);
#8220 = DIRECTION('',(1.,0.));
#8221 = ( GEOMETRIC_REPRESENTATION_CONTEXT(2)
PARAMETRIC_REPRESENTATION_CONTEXT() REPRESENTATION_CONTEXT('2D SPACE',''
  ) );
#8222 = PCURVE('',#8223,#8228);
#8223 = PLANE('',#8224);
#8224 = AXIS2_PLACEMENT_3D('',#8225,#8226,#8227);
#8225 = CARTESIAN_POINT('',(27.389073041797,-24.57268610777,-17.6256));
#8226 = DIRECTION('',(-0.132532858294,-0.985659613715,0.10445174658));
#8227 = DIRECTION('',(-0.991080870053,0.133261806288,1.734723475977E-18)
  );
#8228 = DEFINITIONAL_REPRESENTATION('',(#8229),#8233);
#8229 = CIRCLE('',#8230,0.23);
#8230 = AXIS2_PLACEMENT_2D('',#8231,#8232);
#8231 = CARTESIAN_POINT('',(0.,0.));
#8232 = DIRECTION('',(1.,0.));
#8233 = ( GEOMETRIC_REPRESENTATION_CONTEXT(2)
PARAMETRIC_REPRESENTATION_CONTEXT() REPRESENTATION_CONTEXT('2D SPACE',''
  ) );
#8234 = ORIENTED_EDGE('',*,*,#8235,.F.);
#8235 = EDGE_CURVE('',#8236,#8202,#8238,.T.);
#8236 = VERTEX_POINT('',#8237);
#8237 = CARTESIAN_POINT('',(32.130928359388,12.418873823371,-21.5424));
#8238 = SEAM_CURVE('',#8239,(#8243,#8250),.PCURVE_S1.);
#8239 = LINE('',#8240,#8241);
#8240 = CARTESIAN_POINT('',(32.130928359388,12.418873823371,-21.5424));
#8241 = VECTOR('',#8242,1.);
#8242 = DIRECTION('',(-0.132532858294,-0.985659613715,0.10445174658));
#8243 = PCURVE('',#8211,#8244);
#8244 = DEFINITIONAL_REPRESENTATION('',(#8245),#8249);
#8245 = LINE('',#8246,#8247);
#8246 = CARTESIAN_POINT('',(6.28318530718,-0.));
#8247 = VECTOR('',#8248,1.);
#8248 = DIRECTION('',(0.,1.));
#8249 = ( GEOMETRIC_REPRESENTATION_CONTEXT(2)
PARAMETRIC_REPRESENTATION_CONTEXT() REPRESENTATION_CONTEXT('2D SPACE',''
  ) );
#8250 = PCURVE('',#8211,#8251);
#8251 = DEFINITIONAL_REPRESENTATION('',(#8252),#8256);
#8252 = LINE('',#8253,#8254);
#8253 = CARTESIAN_POINT('',(0.,-0.));
#8254 = VECTOR('',#8255,1.);
#8255 = DIRECTION('',(0.,1.));
#8256 = ( GEOMETRIC_REPRESENTATION_CONTEXT(2)
PARAMETRIC_REPRESENTATION_CONTEXT() REPRESENTATION_CONTEXT('2D SPACE',''
  ) );
#8257 = ORIENTED_EDGE('',*,*,#8258,.T.);
#8258 = EDGE_CURVE('',#8236,#8236,#8259,.T.);
#8259 = SURFACE_CURVE('',#8260,(#8265,#8272),.PCURVE_S1.);
#8260 = CIRCLE('',#8261,0.23);
#8261 = AXIS2_PLACEMENT_3D('',#8262,#8263,#8264);
#8262 = CARTESIAN_POINT('',(32.3588769595,12.388223607925,-21.5424));
#8263 = DIRECTION('',(-0.132532858294,-0.985659613715,0.10445174658));
#8264 = DIRECTION('',(-0.991080870053,0.133261806288,3.469446951954E-18)
  );
#8265 = PCURVE('',#8211,#8266);
#8266 = DEFINITIONAL_REPRESENTATION('',(#8267),#8271);
#8267 = LINE('',#8268,#8269);
#8268 = CARTESIAN_POINT('',(0.,0.));
#8269 = VECTOR('',#8270,1.);
#8270 = DIRECTION('',(1.,0.));
#8271 = ( GEOMETRIC_REPRESENTATION_CONTEXT(2)
PARAMETRIC_REPRESENTATION_CONTEXT() REPRESENTATION_CONTEXT('2D SPACE',''
  ) );
#8272 = PCURVE('',#8273,#8278);
#8273 = PLANE('',#8274);
#8274 = AXIS2_PLACEMENT_3D('',#8275,#8276,#8277);
#8275 = CARTESIAN_POINT('',(32.3588769595,12.388223607925,-21.5424));
#8276 = DIRECTION('',(-0.132532858294,-0.985659613715,0.10445174658));
#8277 = DIRECTION('',(-0.991080870053,0.133261806288,1.734723475977E-18)
  );
#8278 = DEFINITIONAL_REPRESENTATION('',(#8279),#8283);
#8279 = CIRCLE('',#8280,0.23);
#8280 = AXIS2_PLACEMENT_2D('',#8281,#8282);
#8281 = CARTESIAN_POINT('',(0.,0.));
#8282 = DIRECTION('',(1.,0.));
#8283 = ( GEOMETRIC_REPRESENTATION_CONTEXT(2)
PARAMETRIC_REPRESENTATION_CONTEXT() REPRESENTATION_CONTEXT('2D SPACE',''
  ) );
#8284 = ORIENTED_EDGE('',*,*,#8235,.T.);
#8285 = ADVANCED_FACE('',(#8286),#8223,.T.);
#8286 = FACE_BOUND('',#8287,.T.);
#8287 = EDGE_LOOP('',(#8288));
#8288 = ORIENTED_EDGE('',*,*,#8201,.T.);
#8289 = ADVANCED_FACE('',(#8290),#8273,.F.);
#8290 = FACE_BOUND('',#8291,.T.);
#8291 = EDGE_LOOP('',(#8292));
#8292 = ORIENTED_EDGE('',*,*,#8258,.F.);
#8293 = ( GEOMETRIC_REPRESENTATION_CONTEXT(3)
GLOBAL_UNCERTAINTY_ASSIGNED_CONTEXT((#8297))
GLOBAL_UNIT_ASSIGNED_CONTEXT((#8294,#8295,#8296)) REPRESENTATION_CONTEXT
('Context #1','3D Context with UNIT and UNCERTAINTY') );
#8294 = ( LENGTH_UNIT() NAMED_UNIT(*) SI_UNIT(.MILLI.,.METRE.) );
#8295 = ( NAMED_UNIT(*) PLANE_ANGLE_UNIT() SI_UNIT($,.RADIAN.) );
#8296 = ( NAMED_UNIT(*) SI_UNIT($,.STERADIAN.) SOLID_ANGLE_UNIT() );
#8297 = UNCERTAINTY_MEASURE_WITH_UNIT(LENGTH_MEASURE(1.E-07),#8294,
  'distance_accuracy_value','confusion accuracy');
#8298 = CONTEXT_DEPENDENT_SHAPE_REPRESENTATION(#8299,#8301);
#8299 = ( REPRESENTATION_RELATIONSHIP('','',#8194,#10)
REPRESENTATION_RELATIONSHIP_WITH_TRANSFORMATION(#8300)
SHAPE_REPRESENTATION_RELATIONSHIP() );
#8300 = ITEM_DEFINED_TRANSFORMATION('','',#11,#175);
#8301 = PRODUCT_DEFINITION_SHAPE('Placement','Placement of an item',
  #8302);
#8302 = NEXT_ASSEMBLY_USAGE_OCCURRENCE('41','','',#5,#8189,$);
#8303 = PRODUCT_RELATED_PRODUCT_CATEGORY('part',$,(#8191));
#8304 = SHAPE_DEFINITION_REPRESENTATION(#8305,#8311);
#8305 = PRODUCT_DEFINITION_SHAPE('','',#8306);
#8306 = PRODUCT_DEFINITION('design','',#8307,#8310);
#8307 = PRODUCT_DEFINITION_FORMATION('','',#8308);
#8308 = PRODUCT('Open CASCADE STEP translator 7.9 1.42',
  'Open CASCADE STEP translator 7.9 1.42','',(#8309));
#8309 = PRODUCT_CONTEXT('',#2,'mechanical');
#8310 = PRODUCT_DEFINITION_CONTEXT('part definition',#2,'design');
#8311 = ADVANCED_BREP_SHAPE_REPRESENTATION('',(#11,#8312),#8410);
#8312 = MANIFOLD_SOLID_BREP('',#8313);
#8313 = CLOSED_SHELL('',(#8314,#8402,#8406));
#8314 = ADVANCED_FACE('',(#8315),#8328,.T.);
#8315 = FACE_BOUND('',#8316,.T.);
#8316 = EDGE_LOOP('',(#8317,#8351,#8374,#8401));
#8317 = ORIENTED_EDGE('',*,*,#8318,.F.);
#8318 = EDGE_CURVE('',#8319,#8319,#8321,.T.);
#8319 = VERTEX_POINT('',#8320);
#8320 = CARTESIAN_POINT('',(34.178682115891,17.965336140358,-13.7088));
#8321 = SURFACE_CURVE('',#8322,(#8327,#8339),.PCURVE_S1.);
#8322 = CIRCLE('',#8323,0.23);
#8323 = AXIS2_PLACEMENT_3D('',#8324,#8325,#8326);
#8324 = CARTESIAN_POINT('',(33.951366739439,18.000374970653,-13.7088));
#8325 = DIRECTION('',(0.151716841949,0.98426719018,9.055439361985E-02));
#8326 = DIRECTION('',(0.988327723705,-0.152342740413,0.));
#8327 = PCURVE('',#8328,#8333);
#8328 = CYLINDRICAL_SURFACE('',#8329,0.23);
#8329 = AXIS2_PLACEMENT_3D('',#8330,#8331,#8332);
#8330 = CARTESIAN_POINT('',(27.389073041797,-24.57268610777,-17.6256));
#8331 = DIRECTION('',(0.151716841949,0.98426719018,9.055439361985E-02));
#8332 = DIRECTION('',(0.988327723705,-0.152342740413,0.));
#8333 = DEFINITIONAL_REPRESENTATION('',(#8334),#8338);
#8334 = LINE('',#8335,#8336);
#8335 = CARTESIAN_POINT('',(0.,43.253561129708));
#8336 = VECTOR('',#8337,1.);
#8337 = DIRECTION('',(1.,0.));
#8338 = ( GEOMETRIC_REPRESENTATION_CONTEXT(2)
PARAMETRIC_REPRESENTATION_CONTEXT() REPRESENTATION_CONTEXT('2D SPACE',''
  ) );
#8339 = PCURVE('',#8340,#8345);
#8340 = PLANE('',#8341);
#8341 = AXIS2_PLACEMENT_3D('',#8342,#8343,#8344);
#8342 = CARTESIAN_POINT('',(33.951366739439,18.000374970653,-13.7088));
#8343 = DIRECTION('',(0.151716841949,0.98426719018,9.055439361985E-02));
#8344 = DIRECTION('',(0.988327723705,-0.152342740413,0.));
#8345 = DEFINITIONAL_REPRESENTATION('',(#8346),#8350);
#8346 = CIRCLE('',#8347,0.23);
#8347 = AXIS2_PLACEMENT_2D('',#8348,#8349);
#8348 = CARTESIAN_POINT('',(0.,0.));
#8349 = DIRECTION('',(1.,0.));
#8350 = ( GEOMETRIC_REPRESENTATION_CONTEXT(2)
PARAMETRIC_REPRESENTATION_CONTEXT() REPRESENTATION_CONTEXT('2D SPACE',''
  ) );
#8351 = ORIENTED_EDGE('',*,*,#8352,.F.);
#8352 = EDGE_CURVE('',#8353,#8319,#8355,.T.);
#8353 = VERTEX_POINT('',#8354);
#8354 = CARTESIAN_POINT('',(27.616388418249,-24.60772493806,-17.6256));
#8355 = SEAM_CURVE('',#8356,(#8360,#8367),.PCURVE_S1.);
#8356 = LINE('',#8357,#8358);
#8357 = CARTESIAN_POINT('',(27.616388418249,-24.60772493806,-17.6256));
#8358 = VECTOR('',#8359,1.);
#8359 = DIRECTION('',(0.151716841949,0.98426719018,9.055439361985E-02));
#8360 = PCURVE('',#8328,#8361);
#8361 = DEFINITIONAL_REPRESENTATION('',(#8362),#8366);
#8362 = LINE('',#8363,#8364);
#8363 = CARTESIAN_POINT('',(6.28318530718,-0.));
#8364 = VECTOR('',#8365,1.);
#8365 = DIRECTION('',(0.,1.));
#8366 = ( GEOMETRIC_REPRESENTATION_CONTEXT(2)
PARAMETRIC_REPRESENTATION_CONTEXT() REPRESENTATION_CONTEXT('2D SPACE',''
  ) );
#8367 = PCURVE('',#8328,#8368);
#8368 = DEFINITIONAL_REPRESENTATION('',(#8369),#8373);
#8369 = LINE('',#8370,#8371);
#8370 = CARTESIAN_POINT('',(0.,-0.));
#8371 = VECTOR('',#8372,1.);
#8372 = DIRECTION('',(0.,1.));
#8373 = ( GEOMETRIC_REPRESENTATION_CONTEXT(2)
PARAMETRIC_REPRESENTATION_CONTEXT() REPRESENTATION_CONTEXT('2D SPACE',''
  ) );
#8374 = ORIENTED_EDGE('',*,*,#8375,.T.);
#8375 = EDGE_CURVE('',#8353,#8353,#8376,.T.);
#8376 = SURFACE_CURVE('',#8377,(#8382,#8389),.PCURVE_S1.);
#8377 = CIRCLE('',#8378,0.23);
#8378 = AXIS2_PLACEMENT_3D('',#8379,#8380,#8381);
#8379 = CARTESIAN_POINT('',(27.389073041797,-24.57268610777,-17.6256));
#8380 = DIRECTION('',(0.151716841949,0.98426719018,9.055439361985E-02));
#8381 = DIRECTION('',(0.988327723705,-0.152342740413,0.));
#8382 = PCURVE('',#8328,#8383);
#8383 = DEFINITIONAL_REPRESENTATION('',(#8384),#8388);
#8384 = LINE('',#8385,#8386);
#8385 = CARTESIAN_POINT('',(0.,0.));
#8386 = VECTOR('',#8387,1.);
#8387 = DIRECTION('',(1.,0.));
#8388 = ( GEOMETRIC_REPRESENTATION_CONTEXT(2)
PARAMETRIC_REPRESENTATION_CONTEXT() REPRESENTATION_CONTEXT('2D SPACE',''
  ) );
#8389 = PCURVE('',#8390,#8395);
#8390 = PLANE('',#8391);
#8391 = AXIS2_PLACEMENT_3D('',#8392,#8393,#8394);
#8392 = CARTESIAN_POINT('',(27.389073041797,-24.57268610777,-17.6256));
#8393 = DIRECTION('',(0.151716841949,0.98426719018,9.055439361985E-02));
#8394 = DIRECTION('',(0.988327723705,-0.152342740413,0.));
#8395 = DEFINITIONAL_REPRESENTATION('',(#8396),#8400);
#8396 = CIRCLE('',#8397,0.23);
#8397 = AXIS2_PLACEMENT_2D('',#8398,#8399);
#8398 = CARTESIAN_POINT('',(0.,0.));
#8399 = DIRECTION('',(1.,0.));
#8400 = ( GEOMETRIC_REPRESENTATION_CONTEXT(2)
PARAMETRIC_REPRESENTATION_CONTEXT() REPRESENTATION_CONTEXT('2D SPACE',''
  ) );
#8401 = ORIENTED_EDGE('',*,*,#8352,.T.);
#8402 = ADVANCED_FACE('',(#8403),#8340,.T.);
#8403 = FACE_BOUND('',#8404,.T.);
#8404 = EDGE_LOOP('',(#8405));
#8405 = ORIENTED_EDGE('',*,*,#8318,.T.);
#8406 = ADVANCED_FACE('',(#8407),#8390,.F.);
#8407 = FACE_BOUND('',#8408,.T.);
#8408 = EDGE_LOOP('',(#8409));
#8409 = ORIENTED_EDGE('',*,*,#8375,.F.);
#8410 = ( GEOMETRIC_REPRESENTATION_CONTEXT(3)
GLOBAL_UNCERTAINTY_ASSIGNED_CONTEXT((#8414))
GLOBAL_UNIT_ASSIGNED_CONTEXT((#8411,#8412,#8413)) REPRESENTATION_CONTEXT
('Context #1','3D Context with UNIT and UNCERTAINTY') );
#8411 = ( LENGTH_UNIT() NAMED_UNIT(*) SI_UNIT(.MILLI.,.METRE.) );
#8412 = ( NAMED_UNIT(*) PLANE_ANGLE_UNIT() SI_UNIT($,.RADIAN.) );
#8413 = ( NAMED_UNIT(*) SI_UNIT($,.STERADIAN.) SOLID_ANGLE_UNIT() );
#8414 = UNCERTAINTY_MEASURE_WITH_UNIT(LENGTH_MEASURE(1.E-07),#8411,
  'distance_accuracy_value','confusion accuracy');
#8415 = CONTEXT_DEPENDENT_SHAPE_REPRESENTATION(#8416,#8418);
#8416 = ( REPRESENTATION_RELATIONSHIP('','',#8311,#10)
REPRESENTATION_RELATIONSHIP_WITH_TRANSFORMATION(#8417)
SHAPE_REPRESENTATION_RELATIONSHIP() );
#8417 = ITEM_DEFINED_TRANSFORMATION('','',#11,#179);
#8418 = PRODUCT_DEFINITION_SHAPE('Placement','Placement of an item',
  #8419);
#8419 = NEXT_ASSEMBLY_USAGE_OCCURRENCE('42','','',#5,#8306,$);
#8420 = PRODUCT_RELATED_PRODUCT_CATEGORY('part',$,(#8308));
#8421 = SHAPE_DEFINITION_REPRESENTATION(#8422,#8428);
#8422 = PRODUCT_DEFINITION_SHAPE('','',#8423);
#8423 = PRODUCT_DEFINITION('design','',#8424,#8427);
#8424 = PRODUCT_DEFINITION_FORMATION('','',#8425);
#8425 = PRODUCT('Open CASCADE STEP translator 7.9 1.43',
  'Open CASCADE STEP translator 7.9 1.43','',(#8426));
#8426 = PRODUCT_CONTEXT('',#2,'mechanical');
#8427 = PRODUCT_DEFINITION_CONTEXT('part definition',#2,'design');
#8428 = ADVANCED_BREP_SHAPE_REPRESENTATION('',(#11,#8429),#8527);
#8429 = MANIFOLD_SOLID_BREP('',#8430);
#8430 = CLOSED_SHELL('',(#8431,#8519,#8523));
#8431 = ADVANCED_FACE('',(#8432),#8445,.T.);
#8432 = FACE_BOUND('',#8433,.T.);
#8433 = EDGE_LOOP('',(#8434,#8468,#8491,#8518));
#8434 = ORIENTED_EDGE('',*,*,#8435,.F.);
#8435 = EDGE_CURVE('',#8436,#8436,#8438,.T.);
#8436 = VERTEX_POINT('',#8437);
#8437 = CARTESIAN_POINT('',(39.089843118509,-4.867850227255,-9.792));
#8438 = SURFACE_CURVE('',#8439,(#8444,#8456),.PCURVE_S1.);
#8439 = CIRCLE('',#8440,0.23);
#8440 = AXIS2_PLACEMENT_3D('',#8441,#8442,#8443);
#8441 = CARTESIAN_POINT('',(39.313742190968,-4.815226987597,-9.792));
#8442 = DIRECTION('',(0.225667120972,-0.960158656123,0.164832355999));
#8443 = DIRECTION('',(-0.973474228082,-0.228796694162,
    -6.938893903907E-18));
#8444 = PCURVE('',#8445,#8450);
#8445 = CYLINDRICAL_SURFACE('',#8446,0.23);
#8446 = AXIS2_PLACEMENT_3D('',#8447,#8448,#8449);
#8447 = CARTESIAN_POINT('',(33.951366739439,18.000374970653,-13.7088));
#8448 = DIRECTION('',(0.225667120972,-0.960158656123,0.164832355999));
#8449 = DIRECTION('',(-0.973474228082,-0.228796694162,
    -6.938893903907E-18));
#8450 = DEFINITIONAL_REPRESENTATION('',(#8451),#8455);
#8451 = LINE('',#8452,#8453);
#8452 = CARTESIAN_POINT('',(0.,23.762324916567));
#8453 = VECTOR('',#8454,1.);
#8454 = DIRECTION('',(1.,0.));
#8455 = ( GEOMETRIC_REPRESENTATION_CONTEXT(2)
PARAMETRIC_REPRESENTATION_CONTEXT() REPRESENTATION_CONTEXT('2D SPACE',''
  ) );
#8456 = PCURVE('',#8457,#8462);
#8457 = PLANE('',#8458);
#8458 = AXIS2_PLACEMENT_3D('',#8459,#8460,#8461);
#8459 = CARTESIAN_POINT('',(39.313742190968,-4.815226987597,-9.792));
#8460 = DIRECTION('',(0.225667120972,-0.960158656123,0.164832355999));
#8461 = DIRECTION('',(-0.973474228082,-0.228796694162,
    -6.938893903907E-18));
#8462 = DEFINITIONAL_REPRESENTATION('',(#8463),#8467);
#8463 = CIRCLE('',#8464,0.23);
#8464 = AXIS2_PLACEMENT_2D('',#8465,#8466);
#8465 = CARTESIAN_POINT('',(0.,0.));
#8466 = DIRECTION('',(1.,0.));
#8467 = ( GEOMETRIC_REPRESENTATION_CONTEXT(2)
PARAMETRIC_REPRESENTATION_CONTEXT() REPRESENTATION_CONTEXT('2D SPACE',''
  ) );
#8468 = ORIENTED_EDGE('',*,*,#8469,.F.);
#8469 = EDGE_CURVE('',#8470,#8436,#8472,.T.);
#8470 = VERTEX_POINT('',#8471);
#8471 = CARTESIAN_POINT('',(33.72746766698,17.947751730996,-13.7088));
#8472 = SEAM_CURVE('',#8473,(#8477,#8484),.PCURVE_S1.);
#8473 = LINE('',#8474,#8475);
#8474 = CARTESIAN_POINT('',(33.72746766698,17.947751730996,-13.7088));
#8475 = VECTOR('',#8476,1.);
#8476 = DIRECTION('',(0.225667120972,-0.960158656123,0.164832355999));
#8477 = PCURVE('',#8445,#8478);
#8478 = DEFINITIONAL_REPRESENTATION('',(#8479),#8483);
#8479 = LINE('',#8480,#8481);
#8480 = CARTESIAN_POINT('',(6.28318530718,-0.));
#8481 = VECTOR('',#8482,1.);
#8482 = DIRECTION('',(0.,1.));
#8483 = ( GEOMETRIC_REPRESENTATION_CONTEXT(2)
PARAMETRIC_REPRESENTATION_CONTEXT() REPRESENTATION_CONTEXT('2D SPACE',''
  ) );
#8484 = PCURVE('',#8445,#8485);
#8485 = DEFINITIONAL_REPRESENTATION('',(#8486),#8490);
#8486 = LINE('',#8487,#8488);
#8487 = CARTESIAN_POINT('',(0.,-0.));
#8488 = VECTOR('',#8489,1.);
#8489 = DIRECTION('',(0.,1.));
#8490 = ( GEOMETRIC_REPRESENTATION_CONTEXT(2)
PARAMETRIC_REPRESENTATION_CONTEXT() REPRESENTATION_CONTEXT('2D SPACE',''
  ) );
#8491 = ORIENTED_EDGE('',*,*,#8492,.T.);
#8492 = EDGE_CURVE('',#8470,#8470,#8493,.T.);
#8493 = SURFACE_CURVE('',#8494,(#8499,#8506),.PCURVE_S1.);
#8494 = CIRCLE('',#8495,0.23);
#8495 = AXIS2_PLACEMENT_3D('',#8496,#8497,#8498);
#8496 = CARTESIAN_POINT('',(33.951366739439,18.000374970653,-13.7088));
#8497 = DIRECTION('',(0.225667120972,-0.960158656123,0.164832355999));
#8498 = DIRECTION('',(-0.973474228082,-0.228796694162,
    -6.938893903907E-18));
#8499 = PCURVE('',#8445,#8500);
#8500 = DEFINITIONAL_REPRESENTATION('',(#8501),#8505);
#8501 = LINE('',#8502,#8503);
#8502 = CARTESIAN_POINT('',(0.,0.));
#8503 = VECTOR('',#8504,1.);
#8504 = DIRECTION('',(1.,0.));
#8505 = ( GEOMETRIC_REPRESENTATION_CONTEXT(2)
PARAMETRIC_REPRESENTATION_CONTEXT() REPRESENTATION_CONTEXT('2D SPACE',''
  ) );
#8506 = PCURVE('',#8507,#8512);
#8507 = PLANE('',#8508);
#8508 = AXIS2_PLACEMENT_3D('',#8509,#8510,#8511);
#8509 = CARTESIAN_POINT('',(33.951366739439,18.000374970653,-13.7088));
#8510 = DIRECTION('',(0.225667120972,-0.960158656123,0.164832355999));
#8511 = DIRECTION('',(-0.973474228082,-0.228796694162,
    -6.938893903907E-18));
#8512 = DEFINITIONAL_REPRESENTATION('',(#8513),#8517);
#8513 = CIRCLE('',#8514,0.23);
#8514 = AXIS2_PLACEMENT_2D('',#8515,#8516);
#8515 = CARTESIAN_POINT('',(0.,0.));
#8516 = DIRECTION('',(1.,0.));
#8517 = ( GEOMETRIC_REPRESENTATION_CONTEXT(2)
PARAMETRIC_REPRESENTATION_CONTEXT() REPRESENTATION_CONTEXT('2D SPACE',''
  ) );
#8518 = ORIENTED_EDGE('',*,*,#8469,.T.);
#8519 = ADVANCED_FACE('',(#8520),#8457,.T.);
#8520 = FACE_BOUND('',#8521,.T.);
#8521 = EDGE_LOOP('',(#8522));
#8522 = ORIENTED_EDGE('',*,*,#8435,.T.);
#8523 = ADVANCED_FACE('',(#8524),#8507,.F.);
#8524 = FACE_BOUND('',#8525,.T.);
#8525 = EDGE_LOOP('',(#8526));
#8526 = ORIENTED_EDGE('',*,*,#8492,.F.);
#8527 = ( GEOMETRIC_REPRESENTATION_CONTEXT(3)
GLOBAL_UNCERTAINTY_ASSIGNED_CONTEXT((#8531))
GLOBAL_UNIT_ASSIGNED_CONTEXT((#8528,#8529,#8530)) REPRESENTATION_CONTEXT
('Context #1','3D Context with UNIT and UNCERTAINTY') );
#8528 = ( LENGTH_UNIT() NAMED_UNIT(*) SI_UNIT(.MILLI.,.METRE.) );
#8529 = ( NAMED_UNIT(*) PLANE_ANGLE_UNIT() SI_UNIT($,.RADIAN.) );
#8530 = ( NAMED_UNIT(*) SI_UNIT($,.STERADIAN.) SOLID_ANGLE_UNIT() );
#8531 = UNCERTAINTY_MEASURE_WITH_UNIT(LENGTH_MEASURE(1.E-07),#8528,
  'distance_accuracy_value','confusion accuracy');
#8532 = CONTEXT_DEPENDENT_SHAPE_REPRESENTATION(#8533,#8535);
#8533 = ( REPRESENTATION_RELATIONSHIP('','',#8428,#10)
REPRESENTATION_RELATIONSHIP_WITH_TRANSFORMATION(#8534)
SHAPE_REPRESENTATION_RELATIONSHIP() );
#8534 = ITEM_DEFINED_TRANSFORMATION('','',#11,#183);
#8535 = PRODUCT_DEFINITION_SHAPE('Placement','Placement of an item',
  #8536);
#8536 = NEXT_ASSEMBLY_USAGE_OCCURRENCE('43','','',#5,#8423,$);
#8537 = PRODUCT_RELATED_PRODUCT_CATEGORY('part',$,(#8425));
#8538 = SHAPE_DEFINITION_REPRESENTATION(#8539,#8545);
#8539 = PRODUCT_DEFINITION_SHAPE('','',#8540);
#8540 = PRODUCT_DEFINITION('design','',#8541,#8544);
#8541 = PRODUCT_DEFINITION_FORMATION('','',#8542);
#8542 = PRODUCT('Open CASCADE STEP translator 7.9 1.44',
  'Open CASCADE STEP translator 7.9 1.44','',(#8543));
#8543 = PRODUCT_CONTEXT('',#2,'mechanical');
#8544 = PRODUCT_DEFINITION_CONTEXT('part definition',#2,'design');
#8545 = ADVANCED_BREP_SHAPE_REPRESENTATION('',(#11,#8546),#8644);
#8546 = MANIFOLD_SOLID_BREP('',#8547);
#8547 = CLOSED_SHELL('',(#8548,#8636,#8640));
#8548 = ADVANCED_FACE('',(#8549),#8562,.T.);
#8549 = FACE_BOUND('',#8550,.T.);
#8550 = EDGE_LOOP('',(#8551,#8585,#8608,#8635));
#8551 = ORIENTED_EDGE('',*,*,#8552,.F.);
#8552 = EDGE_CURVE('',#8553,#8553,#8555,.T.);
#8553 = VERTEX_POINT('',#8554);
#8554 = CARTESIAN_POINT('',(35.671378083519,-18.97386450878,
    -6.096805273914));
#8555 = SURFACE_CURVE('',#8556,(#8561,#8573),.PCURVE_S1.);
#8556 = CIRCLE('',#8557,0.23);
#8557 = AXIS2_PLACEMENT_3D('',#8558,#8559,#8560);
#8558 = CARTESIAN_POINT('',(35.671378083519,-18.9122925787,-5.8752));
#8559 = DIRECTION('',(-0.241573797681,-0.934964646733,0.259775306049));
#8560 = DIRECTION('',(-6.938893903907E-18,-0.267704043813,
    -0.963501190931));
#8561 = PCURVE('',#8562,#8567);
#8562 = CYLINDRICAL_SURFACE('',#8563,0.23);
#8563 = AXIS2_PLACEMENT_3D('',#8564,#8565,#8566);
#8564 = CARTESIAN_POINT('',(39.313742190968,-4.815226987597,-9.792));
#8565 = DIRECTION('',(-0.241573797681,-0.934964646733,0.259775306049));
#8566 = DIRECTION('',(0.,-0.267704043813,-0.963501190931));
#8567 = DEFINITIONAL_REPRESENTATION('',(#8568),#8572);
#8568 = LINE('',#8569,#8570);
#8569 = CARTESIAN_POINT('',(0.,15.077645599075));
#8570 = VECTOR('',#8571,1.);
#8571 = DIRECTION('',(1.,0.));
#8572 = ( GEOMETRIC_REPRESENTATION_CONTEXT(2)
PARAMETRIC_REPRESENTATION_CONTEXT() REPRESENTATION_CONTEXT('2D SPACE',''
  ) );
#8573 = PCURVE('',#8574,#8579);
#8574 = PLANE('',#8575);
#8575 = AXIS2_PLACEMENT_3D('',#8576,#8577,#8578);
#8576 = CARTESIAN_POINT('',(35.671378083519,-18.9122925787,-5.8752));
#8577 = DIRECTION('',(-0.241573797681,-0.934964646733,0.259775306049));
#8578 = DIRECTION('',(0.,-0.267704043813,-0.963501190931));
#8579 = DEFINITIONAL_REPRESENTATION('',(#8580),#8584);
#8580 = CIRCLE('',#8581,0.23);
#8581 = AXIS2_PLACEMENT_2D('',#8582,#8583);
#8582 = CARTESIAN_POINT('',(0.,0.));
#8583 = DIRECTION('',(1.,0.));
#8584 = ( GEOMETRIC_REPRESENTATION_CONTEXT(2)
PARAMETRIC_REPRESENTATION_CONTEXT() REPRESENTATION_CONTEXT('2D SPACE',''
  ) );
#8585 = ORIENTED_EDGE('',*,*,#8586,.F.);
#8586 = EDGE_CURVE('',#8587,#8553,#8589,.T.);
#8587 = VERTEX_POINT('',#8588);
#8588 = CARTESIAN_POINT('',(39.313742190968,-4.876798917674,
    -10.01360527391));
#8589 = SEAM_CURVE('',#8590,(#8594,#8601),.PCURVE_S1.);
#8590 = LINE('',#8591,#8592);
#8591 = CARTESIAN_POINT('',(39.313742190968,-4.876798917674,
    -10.01360527391));
#8592 = VECTOR('',#8593,1.);
#8593 = DIRECTION('',(-0.241573797681,-0.934964646733,0.259775306049));
#8594 = PCURVE('',#8562,#8595);
#8595 = DEFINITIONAL_REPRESENTATION('',(#8596),#8600);
#8596 = LINE('',#8597,#8598);
#8597 = CARTESIAN_POINT('',(6.28318530718,-0.));
#8598 = VECTOR('',#8599,1.);
#8599 = DIRECTION('',(0.,1.));
#8600 = ( GEOMETRIC_REPRESENTATION_CONTEXT(2)
PARAMETRIC_REPRESENTATION_CONTEXT() REPRESENTATION_CONTEXT('2D SPACE',''
  ) );
#8601 = PCURVE('',#8562,#8602);
#8602 = DEFINITIONAL_REPRESENTATION('',(#8603),#8607);
#8603 = LINE('',#8604,#8605);
#8604 = CARTESIAN_POINT('',(0.,-0.));
#8605 = VECTOR('',#8606,1.);
#8606 = DIRECTION('',(0.,1.));
#8607 = ( GEOMETRIC_REPRESENTATION_CONTEXT(2)
PARAMETRIC_REPRESENTATION_CONTEXT() REPRESENTATION_CONTEXT('2D SPACE',''
  ) );
#8608 = ORIENTED_EDGE('',*,*,#8609,.T.);
#8609 = EDGE_CURVE('',#8587,#8587,#8610,.T.);
#8610 = SURFACE_CURVE('',#8611,(#8616,#8623),.PCURVE_S1.);
#8611 = CIRCLE('',#8612,0.23);
#8612 = AXIS2_PLACEMENT_3D('',#8613,#8614,#8615);
#8613 = CARTESIAN_POINT('',(39.313742190968,-4.815226987597,-9.792));
#8614 = DIRECTION('',(-0.241573797681,-0.934964646733,0.259775306049));
#8615 = DIRECTION('',(-6.938893903907E-18,-0.267704043813,
    -0.963501190931));
#8616 = PCURVE('',#8562,#8617);
#8617 = DEFINITIONAL_REPRESENTATION('',(#8618),#8622);
#8618 = LINE('',#8619,#8620);
#8619 = CARTESIAN_POINT('',(0.,0.));
#8620 = VECTOR('',#8621,1.);
#8621 = DIRECTION('',(1.,0.));
#8622 = ( GEOMETRIC_REPRESENTATION_CONTEXT(2)
PARAMETRIC_REPRESENTATION_CONTEXT() REPRESENTATION_CONTEXT('2D SPACE',''
  ) );
#8623 = PCURVE('',#8624,#8629);
#8624 = PLANE('',#8625);
#8625 = AXIS2_PLACEMENT_3D('',#8626,#8627,#8628);
#8626 = CARTESIAN_POINT('',(39.313742190968,-4.815226987597,-9.792));
#8627 = DIRECTION('',(-0.241573797681,-0.934964646733,0.259775306049));
#8628 = DIRECTION('',(0.,-0.267704043813,-0.963501190931));
#8629 = DEFINITIONAL_REPRESENTATION('',(#8630),#8634);
#8630 = CIRCLE('',#8631,0.23);
#8631 = AXIS2_PLACEMENT_2D('',#8632,#8633);
#8632 = CARTESIAN_POINT('',(0.,0.));
#8633 = DIRECTION('',(1.,0.));
#8634 = ( GEOMETRIC_REPRESENTATION_CONTEXT(2)
PARAMETRIC_REPRESENTATION_CONTEXT() REPRESENTATION_CONTEXT('2D SPACE',''
  ) );
#8635 = ORIENTED_EDGE('',*,*,#8586,.T.);
#8636 = ADVANCED_FACE('',(#8637),#8574,.T.);
#8637 = FACE_BOUND('',#8638,.T.);
#8638 = EDGE_LOOP('',(#8639));
#8639 = ORIENTED_EDGE('',*,*,#8552,.T.);
#8640 = ADVANCED_FACE('',(#8641),#8624,.F.);
#8641 = FACE_BOUND('',#8642,.T.);
#8642 = EDGE_LOOP('',(#8643));
#8643 = ORIENTED_EDGE('',*,*,#8609,.F.);
#8644 = ( GEOMETRIC_REPRESENTATION_CONTEXT(3)
GLOBAL_UNCERTAINTY_ASSIGNED_CONTEXT((#8648))
GLOBAL_UNIT_ASSIGNED_CONTEXT((#8645,#8646,#8647)) REPRESENTATION_CONTEXT
('Context #1','3D Context with UNIT and UNCERTAINTY') );
#8645 = ( LENGTH_UNIT() NAMED_UNIT(*) SI_UNIT(.MILLI.,.METRE.) );
#8646 = ( NAMED_UNIT(*) PLANE_ANGLE_UNIT() SI_UNIT($,.RADIAN.) );
#8647 = ( NAMED_UNIT(*) SI_UNIT($,.STERADIAN.) SOLID_ANGLE_UNIT() );
#8648 = UNCERTAINTY_MEASURE_WITH_UNIT(LENGTH_MEASURE(1.E-07),#8645,
  'distance_accuracy_value','confusion accuracy');
#8649 = CONTEXT_DEPENDENT_SHAPE_REPRESENTATION(#8650,#8652);
#8650 = ( REPRESENTATION_RELATIONSHIP('','',#8545,#10)
REPRESENTATION_RELATIONSHIP_WITH_TRANSFORMATION(#8651)
SHAPE_REPRESENTATION_RELATIONSHIP() );
#8651 = ITEM_DEFINED_TRANSFORMATION('','',#11,#187);
#8652 = PRODUCT_DEFINITION_SHAPE('Placement','Placement of an item',
  #8653);
#8653 = NEXT_ASSEMBLY_USAGE_OCCURRENCE('44','','',#5,#8540,$);
#8654 = PRODUCT_RELATED_PRODUCT_CATEGORY('part',$,(#8542));
#8655 = SHAPE_DEFINITION_REPRESENTATION(#8656,#8662);
#8656 = PRODUCT_DEFINITION_SHAPE('','',#8657);
#8657 = PRODUCT_DEFINITION('design','',#8658,#8661);
#8658 = PRODUCT_DEFINITION_FORMATION('','',#8659);
#8659 = PRODUCT('Open CASCADE STEP translator 7.9 1.45',
  'Open CASCADE STEP translator 7.9 1.45','',(#8660));
#8660 = PRODUCT_CONTEXT('',#2,'mechanical');
#8661 = PRODUCT_DEFINITION_CONTEXT('part definition',#2,'design');
#8662 = ADVANCED_BREP_SHAPE_REPRESENTATION('',(#11,#8663),#8761);
#8663 = MANIFOLD_SOLID_BREP('',#8664);
#8664 = CLOSED_SHELL('',(#8665,#8753,#8757));
#8665 = ADVANCED_FACE('',(#8666),#8679,.T.);
#8666 = FACE_BOUND('',#8667,.T.);
#8667 = EDGE_LOOP('',(#8668,#8702,#8725,#8752));
#8668 = ORIENTED_EDGE('',*,*,#8669,.F.);
#8669 = EDGE_CURVE('',#8670,#8670,#8672,.T.);
#8670 = VERTEX_POINT('',#8671);
#8671 = CARTESIAN_POINT('',(33.417676900936,-23.47784794009,
    -2.130415536687));
#8672 = SURFACE_CURVE('',#8673,(#8678,#8690),.PCURVE_S1.);
#8673 = CIRCLE('',#8674,0.23);
#8674 = AXIS2_PLACEMENT_3D('',#8675,#8676,#8677);
#8675 = CARTESIAN_POINT('',(33.417676900936,-23.32516966679,-1.9584));
#8676 = DIRECTION('',(-0.35681464778,-0.698663689779,0.620122855339));
#8677 = DIRECTION('',(2.775557561563E-17,-0.663818579569,-0.747893637772
    ));
#8678 = PCURVE('',#8679,#8684);
#8679 = CYLINDRICAL_SURFACE('',#8680,0.23);
#8680 = AXIS2_PLACEMENT_3D('',#8681,#8682,#8683);
#8681 = CARTESIAN_POINT('',(35.671378083519,-18.9122925787,-5.8752));
#8682 = DIRECTION('',(-0.35681464778,-0.698663689779,0.620122855339));
#8683 = DIRECTION('',(0.,-0.663818579569,-0.747893637772));
#8684 = DEFINITIONAL_REPRESENTATION('',(#8685),#8689);
#8685 = LINE('',#8686,#8687);
#8686 = CARTESIAN_POINT('',(0.,6.31616778236));
#8687 = VECTOR('',#8688,1.);
#8688 = DIRECTION('',(1.,0.));
#8689 = ( GEOMETRIC_REPRESENTATION_CONTEXT(2)
PARAMETRIC_REPRESENTATION_CONTEXT() REPRESENTATION_CONTEXT('2D SPACE',''
  ) );
#8690 = PCURVE('',#8691,#8696);
#8691 = PLANE('',#8692);
#8692 = AXIS2_PLACEMENT_3D('',#8693,#8694,#8695);
#8693 = CARTESIAN_POINT('',(33.417676900936,-23.32516966679,-1.9584));
#8694 = DIRECTION('',(-0.35681464778,-0.698663689779,0.620122855339));
#8695 = DIRECTION('',(0.,-0.663818579569,-0.747893637772));
#8696 = DEFINITIONAL_REPRESENTATION('',(#8697),#8701);
#8697 = CIRCLE('',#8698,0.23);
#8698 = AXIS2_PLACEMENT_2D('',#8699,#8700);
#8699 = CARTESIAN_POINT('',(0.,0.));
#8700 = DIRECTION('',(1.,0.));
#8701 = ( GEOMETRIC_REPRESENTATION_CONTEXT(2)
PARAMETRIC_REPRESENTATION_CONTEXT() REPRESENTATION_CONTEXT('2D SPACE',''
  ) );
#8702 = ORIENTED_EDGE('',*,*,#8703,.F.);
#8703 = EDGE_CURVE('',#8704,#8670,#8706,.T.);
#8704 = VERTEX_POINT('',#8705);
#8705 = CARTESIAN_POINT('',(35.671378083519,-19.064970852,
    -6.047215536687));
#8706 = SEAM_CURVE('',#8707,(#8711,#8718),.PCURVE_S1.);
#8707 = LINE('',#8708,#8709);
#8708 = CARTESIAN_POINT('',(35.671378083519,-19.064970852,
    -6.047215536687));
#8709 = VECTOR('',#8710,1.);
#8710 = DIRECTION('',(-0.35681464778,-0.698663689779,0.620122855339));
#8711 = PCURVE('',#8679,#8712);
#8712 = DEFINITIONAL_REPRESENTATION('',(#8713),#8717);
#8713 = LINE('',#8714,#8715);
#8714 = CARTESIAN_POINT('',(6.28318530718,-0.));
#8715 = VECTOR('',#8716,1.);
#8716 = DIRECTION('',(0.,1.));
#8717 = ( GEOMETRIC_REPRESENTATION_CONTEXT(2)
PARAMETRIC_REPRESENTATION_CONTEXT() REPRESENTATION_CONTEXT('2D SPACE',''
  ) );
#8718 = PCURVE('',#8679,#8719);
#8719 = DEFINITIONAL_REPRESENTATION('',(#8720),#8724);
#8720 = LINE('',#8721,#8722);
#8721 = CARTESIAN_POINT('',(0.,-0.));
#8722 = VECTOR('',#8723,1.);
#8723 = DIRECTION('',(0.,1.));
#8724 = ( GEOMETRIC_REPRESENTATION_CONTEXT(2)
PARAMETRIC_REPRESENTATION_CONTEXT() REPRESENTATION_CONTEXT('2D SPACE',''
  ) );
#8725 = ORIENTED_EDGE('',*,*,#8726,.T.);
#8726 = EDGE_CURVE('',#8704,#8704,#8727,.T.);
#8727 = SURFACE_CURVE('',#8728,(#8733,#8740),.PCURVE_S1.);
#8728 = CIRCLE('',#8729,0.23);
#8729 = AXIS2_PLACEMENT_3D('',#8730,#8731,#8732);
#8730 = CARTESIAN_POINT('',(35.671378083519,-18.9122925787,-5.8752));
#8731 = DIRECTION('',(-0.35681464778,-0.698663689779,0.620122855339));
#8732 = DIRECTION('',(2.775557561563E-17,-0.663818579569,-0.747893637772
    ));
#8733 = PCURVE('',#8679,#8734);
#8734 = DEFINITIONAL_REPRESENTATION('',(#8735),#8739);
#8735 = LINE('',#8736,#8737);
#8736 = CARTESIAN_POINT('',(0.,0.));
#8737 = VECTOR('',#8738,1.);
#8738 = DIRECTION('',(1.,0.));
#8739 = ( GEOMETRIC_REPRESENTATION_CONTEXT(2)
PARAMETRIC_REPRESENTATION_CONTEXT() REPRESENTATION_CONTEXT('2D SPACE',''
  ) );
#8740 = PCURVE('',#8741,#8746);
#8741 = PLANE('',#8742);
#8742 = AXIS2_PLACEMENT_3D('',#8743,#8744,#8745);
#8743 = CARTESIAN_POINT('',(35.671378083519,-18.9122925787,-5.8752));
#8744 = DIRECTION('',(-0.35681464778,-0.698663689779,0.620122855339));
#8745 = DIRECTION('',(0.,-0.663818579569,-0.747893637772));
#8746 = DEFINITIONAL_REPRESENTATION('',(#8747),#8751);
#8747 = CIRCLE('',#8748,0.23);
#8748 = AXIS2_PLACEMENT_2D('',#8749,#8750);
#8749 = CARTESIAN_POINT('',(0.,0.));
#8750 = DIRECTION('',(1.,0.));
#8751 = ( GEOMETRIC_REPRESENTATION_CONTEXT(2)
PARAMETRIC_REPRESENTATION_CONTEXT() REPRESENTATION_CONTEXT('2D SPACE',''
  ) );
#8752 = ORIENTED_EDGE('',*,*,#8703,.T.);
#8753 = ADVANCED_FACE('',(#8754),#8691,.T.);
#8754 = FACE_BOUND('',#8755,.T.);
#8755 = EDGE_LOOP('',(#8756));
#8756 = ORIENTED_EDGE('',*,*,#8669,.T.);
#8757 = ADVANCED_FACE('',(#8758),#8741,.F.);
#8758 = FACE_BOUND('',#8759,.T.);
#8759 = EDGE_LOOP('',(#8760));
#8760 = ORIENTED_EDGE('',*,*,#8726,.F.);
#8761 = ( GEOMETRIC_REPRESENTATION_CONTEXT(3)
GLOBAL_UNCERTAINTY_ASSIGNED_CONTEXT((#8765))
GLOBAL_UNIT_ASSIGNED_CONTEXT((#8762,#8763,#8764)) REPRESENTATION_CONTEXT
('Context #1','3D Context with UNIT and UNCERTAINTY') );
#8762 = ( LENGTH_UNIT() NAMED_UNIT(*) SI_UNIT(.MILLI.,.METRE.) );
#8763 = ( NAMED_UNIT(*) PLANE_ANGLE_UNIT() SI_UNIT($,.RADIAN.) );
#8764 = ( NAMED_UNIT(*) SI_UNIT($,.STERADIAN.) SOLID_ANGLE_UNIT() );
#8765 = UNCERTAINTY_MEASURE_WITH_UNIT(LENGTH_MEASURE(1.E-07),#8762,
  'distance_accuracy_value','confusion accuracy');
#8766 = CONTEXT_DEPENDENT_SHAPE_REPRESENTATION(#8767,#8769);
#8767 = ( REPRESENTATION_RELATIONSHIP('','',#8662,#10)
REPRESENTATION_RELATIONSHIP_WITH_TRANSFORMATION(#8768)
SHAPE_REPRESENTATION_RELATIONSHIP() );
#8768 = ITEM_DEFINED_TRANSFORMATION('','',#11,#191);
#8769 = PRODUCT_DEFINITION_SHAPE('Placement','Placement of an item',
  #8770);
#8770 = NEXT_ASSEMBLY_USAGE_OCCURRENCE('45','','',#5,#8657,$);
#8771 = PRODUCT_RELATED_PRODUCT_CATEGORY('part',$,(#8659));
#8772 = SHAPE_DEFINITION_REPRESENTATION(#8773,#8779);
#8773 = PRODUCT_DEFINITION_SHAPE('','',#8774);
#8774 = PRODUCT_DEFINITION('design','',#8775,#8778);
#8775 = PRODUCT_DEFINITION_FORMATION('','',#8776);
#8776 = PRODUCT('Open CASCADE STEP translator 7.9 1.46',
  'Open CASCADE STEP translator 7.9 1.46','',(#8777));
#8777 = PRODUCT_CONTEXT('',#2,'mechanical');
#8778 = PRODUCT_DEFINITION_CONTEXT('part definition',#2,'design');
#8779 = ADVANCED_BREP_SHAPE_REPRESENTATION('',(#11,#8780),#8878);
#8780 = MANIFOLD_SOLID_BREP('',#8781);
#8781 = CLOSED_SHELL('',(#8782,#8870,#8874));
#8782 = ADVANCED_FACE('',(#8783),#8796,.T.);
#8783 = FACE_BOUND('',#8784,.T.);
#8784 = EDGE_LOOP('',(#8785,#8819,#8842,#8869));
#8785 = ORIENTED_EDGE('',*,*,#8786,.F.);
#8786 = EDGE_CURVE('',#8787,#8787,#8789,.T.);
#8787 = VERTEX_POINT('',#8788);
#8788 = CARTESIAN_POINT('',(36.005521750943,-19.24560223878,
    2.127267539346));
#8789 = SURFACE_CURVE('',#8790,(#8795,#8807),.PCURVE_S1.);
#8790 = CIRCLE('',#8791,0.23);
#8791 = AXIS2_PLACEMENT_3D('',#8792,#8793,#8794);
#8792 = CARTESIAN_POINT('',(36.005521750943,-19.0894492556,1.9584));
#8793 = DIRECTION('',(0.409278625272,0.669897125757,0.619458511765));
#8794 = DIRECTION('',(-2.775557561563E-17,-0.678926013814,0.73420669281)
  );
#8795 = PCURVE('',#8796,#8801);
#8796 = CYLINDRICAL_SURFACE('',#8797,0.23);
#8797 = AXIS2_PLACEMENT_3D('',#8798,#8799,#8800);
#8798 = CARTESIAN_POINT('',(33.417676900936,-23.32516966679,-1.9584));
#8799 = DIRECTION('',(0.409278625272,0.669897125757,0.619458511765));
#8800 = DIRECTION('',(-2.775557561563E-17,-0.678926013814,0.73420669281)
  );
#8801 = DEFINITIONAL_REPRESENTATION('',(#8802),#8806);
#8802 = LINE('',#8803,#8804);
#8803 = CARTESIAN_POINT('',(0.,6.322941610473));
#8804 = VECTOR('',#8805,1.);
#8805 = DIRECTION('',(1.,0.));
#8806 = ( GEOMETRIC_REPRESENTATION_CONTEXT(2)
PARAMETRIC_REPRESENTATION_CONTEXT() REPRESENTATION_CONTEXT('2D SPACE',''
  ) );
#8807 = PCURVE('',#8808,#8813);
#8808 = PLANE('',#8809);
#8809 = AXIS2_PLACEMENT_3D('',#8810,#8811,#8812);
#8810 = CARTESIAN_POINT('',(36.005521750943,-19.0894492556,1.9584));
#8811 = DIRECTION('',(0.409278625272,0.669897125757,0.619458511765));
#8812 = DIRECTION('',(-2.775557561563E-17,-0.678926013814,0.73420669281)
  );
#8813 = DEFINITIONAL_REPRESENTATION('',(#8814),#8818);
#8814 = CIRCLE('',#8815,0.23);
#8815 = AXIS2_PLACEMENT_2D('',#8816,#8817);
#8816 = CARTESIAN_POINT('',(0.,0.));
#8817 = DIRECTION('',(1.,0.));
#8818 = ( GEOMETRIC_REPRESENTATION_CONTEXT(2)
PARAMETRIC_REPRESENTATION_CONTEXT() REPRESENTATION_CONTEXT('2D SPACE',''
  ) );
#8819 = ORIENTED_EDGE('',*,*,#8820,.F.);
#8820 = EDGE_CURVE('',#8821,#8787,#8823,.T.);
#8821 = VERTEX_POINT('',#8822);
#8822 = CARTESIAN_POINT('',(33.417676900936,-23.48132264997,
    -1.789532460654));
#8823 = SEAM_CURVE('',#8824,(#8828,#8835),.PCURVE_S1.);
#8824 = LINE('',#8825,#8826);
#8825 = CARTESIAN_POINT('',(33.417676900936,-23.48132264997,
    -1.789532460654));
#8826 = VECTOR('',#8827,1.);
#8827 = DIRECTION('',(0.409278625272,0.669897125757,0.619458511765));
#8828 = PCURVE('',#8796,#8829);
#8829 = DEFINITIONAL_REPRESENTATION('',(#8830),#8834);
#8830 = LINE('',#8831,#8832);
#8831 = CARTESIAN_POINT('',(6.28318530718,-0.));
#8832 = VECTOR('',#8833,1.);
#8833 = DIRECTION('',(0.,1.));
#8834 = ( GEOMETRIC_REPRESENTATION_CONTEXT(2)
PARAMETRIC_REPRESENTATION_CONTEXT() REPRESENTATION_CONTEXT('2D SPACE',''
  ) );
#8835 = PCURVE('',#8796,#8836);
#8836 = DEFINITIONAL_REPRESENTATION('',(#8837),#8841);
#8837 = LINE('',#8838,#8839);
#8838 = CARTESIAN_POINT('',(0.,-0.));
#8839 = VECTOR('',#8840,1.);
#8840 = DIRECTION('',(0.,1.));
#8841 = ( GEOMETRIC_REPRESENTATION_CONTEXT(2)
PARAMETRIC_REPRESENTATION_CONTEXT() REPRESENTATION_CONTEXT('2D SPACE',''
  ) );
#8842 = ORIENTED_EDGE('',*,*,#8843,.T.);
#8843 = EDGE_CURVE('',#8821,#8821,#8844,.T.);
#8844 = SURFACE_CURVE('',#8845,(#8850,#8857),.PCURVE_S1.);
#8845 = CIRCLE('',#8846,0.23);
#8846 = AXIS2_PLACEMENT_3D('',#8847,#8848,#8849);
#8847 = CARTESIAN_POINT('',(33.417676900936,-23.32516966679,-1.9584));
#8848 = DIRECTION('',(0.409278625272,0.669897125757,0.619458511765));
#8849 = DIRECTION('',(-2.775557561563E-17,-0.678926013814,0.73420669281)
  );
#8850 = PCURVE('',#8796,#8851);
#8851 = DEFINITIONAL_REPRESENTATION('',(#8852),#8856);
#8852 = LINE('',#8853,#8854);
#8853 = CARTESIAN_POINT('',(0.,0.));
#8854 = VECTOR('',#8855,1.);
#8855 = DIRECTION('',(1.,0.));
#8856 = ( GEOMETRIC_REPRESENTATION_CONTEXT(2)
PARAMETRIC_REPRESENTATION_CONTEXT() REPRESENTATION_CONTEXT('2D SPACE',''
  ) );
#8857 = PCURVE('',#8858,#8863);
#8858 = PLANE('',#8859);
#8859 = AXIS2_PLACEMENT_3D('',#8860,#8861,#8862);
#8860 = CARTESIAN_POINT('',(33.417676900936,-23.32516966679,-1.9584));
#8861 = DIRECTION('',(0.409278625272,0.669897125757,0.619458511765));
#8862 = DIRECTION('',(-2.775557561563E-17,-0.678926013814,0.73420669281)
  );
#8863 = DEFINITIONAL_REPRESENTATION('',(#8864),#8868);
#8864 = CIRCLE('',#8865,0.23);
#8865 = AXIS2_PLACEMENT_2D('',#8866,#8867);
#8866 = CARTESIAN_POINT('',(0.,0.));
#8867 = DIRECTION('',(1.,0.));
#8868 = ( GEOMETRIC_REPRESENTATION_CONTEXT(2)
PARAMETRIC_REPRESENTATION_CONTEXT() REPRESENTATION_CONTEXT('2D SPACE',''
  ) );
#8869 = ORIENTED_EDGE('',*,*,#8820,.T.);
#8870 = ADVANCED_FACE('',(#8871),#8808,.T.);
#8871 = FACE_BOUND('',#8872,.T.);
#8872 = EDGE_LOOP('',(#8873));
#8873 = ORIENTED_EDGE('',*,*,#8786,.T.);
#8874 = ADVANCED_FACE('',(#8875),#8858,.F.);
#8875 = FACE_BOUND('',#8876,.T.);
#8876 = EDGE_LOOP('',(#8877));
#8877 = ORIENTED_EDGE('',*,*,#8843,.F.);
#8878 = ( GEOMETRIC_REPRESENTATION_CONTEXT(3)
GLOBAL_UNCERTAINTY_ASSIGNED_CONTEXT((#8882))
GLOBAL_UNIT_ASSIGNED_CONTEXT((#8879,#8880,#8881)) REPRESENTATION_CONTEXT
('Context #1','3D Context with UNIT and UNCERTAINTY') );
#8879 = ( LENGTH_UNIT() NAMED_UNIT(*) SI_UNIT(.MILLI.,.METRE.) );
#8880 = ( NAMED_UNIT(*) PLANE_ANGLE_UNIT() SI_UNIT($,.RADIAN.) );
#8881 = ( NAMED_UNIT(*) SI_UNIT($,.STERADIAN.) SOLID_ANGLE_UNIT() );
#8882 = UNCERTAINTY_MEASURE_WITH_UNIT(LENGTH_MEASURE(1.E-07),#8879,
  'distance_accuracy_value','confusion accuracy');
#8883 = CONTEXT_DEPENDENT_SHAPE_REPRESENTATION(#8884,#8886);
#8884 = ( REPRESENTATION_RELATIONSHIP('','',#8779,#10)
REPRESENTATION_RELATIONSHIP_WITH_TRANSFORMATION(#8885)
SHAPE_REPRESENTATION_RELATIONSHIP() );
#8885 = ITEM_DEFINED_TRANSFORMATION('','',#11,#195);
#8886 = PRODUCT_DEFINITION_SHAPE('Placement','Placement of an item',
  #8887);
#8887 = NEXT_ASSEMBLY_USAGE_OCCURRENCE('46','','',#5,#8774,$);
#8888 = PRODUCT_RELATED_PRODUCT_CATEGORY('part',$,(#8776));
#8889 = SHAPE_DEFINITION_REPRESENTATION(#8890,#8896);
#8890 = PRODUCT_DEFINITION_SHAPE('','',#8891);
#8891 = PRODUCT_DEFINITION('design','',#8892,#8895);
#8892 = PRODUCT_DEFINITION_FORMATION('','',#8893);
#8893 = PRODUCT('Open CASCADE STEP translator 7.9 1.47',
  'Open CASCADE STEP translator 7.9 1.47','',(#8894));
#8894 = PRODUCT_CONTEXT('',#2,'mechanical');
#8895 = PRODUCT_DEFINITION_CONTEXT('part definition',#2,'design');
#8896 = ADVANCED_BREP_SHAPE_REPRESENTATION('',(#11,#8897),#8995);
#8897 = MANIFOLD_SOLID_BREP('',#8898);
#8898 = CLOSED_SHELL('',(#8899,#8987,#8991));
#8899 = ADVANCED_FACE('',(#8900),#8913,.T.);
#8900 = FACE_BOUND('',#8901,.T.);
#8901 = EDGE_LOOP('',(#8902,#8936,#8959,#8986));
#8902 = ORIENTED_EDGE('',*,*,#8903,.F.);
#8903 = EDGE_CURVE('',#8904,#8904,#8906,.T.);
#8904 = VERTEX_POINT('',#8905);
#8905 = CARTESIAN_POINT('',(40.296362953065,-4.971948746674,5.8752));
#8906 = SURFACE_CURVE('',#8907,(#8912,#8924),.PCURVE_S1.);
#8907 = CIRCLE('',#8908,0.23);
#8908 = AXIS2_PLACEMENT_3D('',#8909,#8910,#8911);
#8909 = CARTESIAN_POINT('',(40.075286995308,-4.908502541888,5.8752));
#8910 = DIRECTION('',(0.266617148525,0.929017608923,0.256596138755));
#8911 = DIRECTION('',(0.961199816337,-0.275853064283,2.775557561563E-17)
  );
#8912 = PCURVE('',#8913,#8918);
#8913 = CYLINDRICAL_SURFACE('',#8914,0.23);
#8914 = AXIS2_PLACEMENT_3D('',#8915,#8916,#8917);
#8915 = CARTESIAN_POINT('',(36.005521750943,-19.0894492556,1.9584));
#8916 = DIRECTION('',(0.266617148525,0.929017608923,0.256596138755));
#8917 = DIRECTION('',(0.961199816337,-0.275853064283,1.387778780781E-17)
  );
#8918 = DEFINITIONAL_REPRESENTATION('',(#8919),#8923);
#8919 = LINE('',#8920,#8921);
#8920 = CARTESIAN_POINT('',(0.,15.264454169132));
#8921 = VECTOR('',#8922,1.);
#8922 = DIRECTION('',(1.,0.));
#8923 = ( GEOMETRIC_REPRESENTATION_CONTEXT(2)
PARAMETRIC_REPRESENTATION_CONTEXT() REPRESENTATION_CONTEXT('2D SPACE',''
  ) );
#8924 = PCURVE('',#8925,#8930);
#8925 = PLANE('',#8926);
#8926 = AXIS2_PLACEMENT_3D('',#8927,#8928,#8929);
#8927 = CARTESIAN_POINT('',(40.075286995308,-4.908502541888,5.8752));
#8928 = DIRECTION('',(0.266617148525,0.929017608923,0.256596138755));
#8929 = DIRECTION('',(0.961199816337,-0.275853064283,1.387778780781E-17)
  );
#8930 = DEFINITIONAL_REPRESENTATION('',(#8931),#8935);
#8931 = CIRCLE('',#8932,0.23);
#8932 = AXIS2_PLACEMENT_2D('',#8933,#8934);
#8933 = CARTESIAN_POINT('',(0.,0.));
#8934 = DIRECTION('',(1.,0.));
#8935 = ( GEOMETRIC_REPRESENTATION_CONTEXT(2)
PARAMETRIC_REPRESENTATION_CONTEXT() REPRESENTATION_CONTEXT('2D SPACE',''
  ) );
#8936 = ORIENTED_EDGE('',*,*,#8937,.F.);
#8937 = EDGE_CURVE('',#8938,#8904,#8940,.T.);
#8938 = VERTEX_POINT('',#8939);
#8939 = CARTESIAN_POINT('',(36.226597708701,-19.15289546039,1.9584));
#8940 = SEAM_CURVE('',#8941,(#8945,#8952),.PCURVE_S1.);
#8941 = LINE('',#8942,#8943);
#8942 = CARTESIAN_POINT('',(36.226597708701,-19.15289546039,1.9584));
#8943 = VECTOR('',#8944,1.);
#8944 = DIRECTION('',(0.266617148525,0.929017608923,0.256596138755));
#8945 = PCURVE('',#8913,#8946);
#8946 = DEFINITIONAL_REPRESENTATION('',(#8947),#8951);
#8947 = LINE('',#8948,#8949);
#8948 = CARTESIAN_POINT('',(6.28318530718,-0.));
#8949 = VECTOR('',#8950,1.);
#8950 = DIRECTION('',(0.,1.));
#8951 = ( GEOMETRIC_REPRESENTATION_CONTEXT(2)
PARAMETRIC_REPRESENTATION_CONTEXT() REPRESENTATION_CONTEXT('2D SPACE',''
  ) );
#8952 = PCURVE('',#8913,#8953);
#8953 = DEFINITIONAL_REPRESENTATION('',(#8954),#8958);
#8954 = LINE('',#8955,#8956);
#8955 = CARTESIAN_POINT('',(0.,-0.));
#8956 = VECTOR('',#8957,1.);
#8957 = DIRECTION('',(0.,1.));
#8958 = ( GEOMETRIC_REPRESENTATION_CONTEXT(2)
PARAMETRIC_REPRESENTATION_CONTEXT() REPRESENTATION_CONTEXT('2D SPACE',''
  ) );
#8959 = ORIENTED_EDGE('',*,*,#8960,.T.);
#8960 = EDGE_CURVE('',#8938,#8938,#8961,.T.);
#8961 = SURFACE_CURVE('',#8962,(#8967,#8974),.PCURVE_S1.);
#8962 = CIRCLE('',#8963,0.23);
#8963 = AXIS2_PLACEMENT_3D('',#8964,#8965,#8966);
#8964 = CARTESIAN_POINT('',(36.005521750943,-19.0894492556,1.9584));
#8965 = DIRECTION('',(0.266617148525,0.929017608923,0.256596138755));
#8966 = DIRECTION('',(0.961199816337,-0.275853064283,2.775557561563E-17)
  );
#8967 = PCURVE('',#8913,#8968);
#8968 = DEFINITIONAL_REPRESENTATION('',(#8969),#8973);
#8969 = LINE('',#8970,#8971);
#8970 = CARTESIAN_POINT('',(0.,0.));
#8971 = VECTOR('',#8972,1.);
#8972 = DIRECTION('',(1.,0.));
#8973 = ( GEOMETRIC_REPRESENTATION_CONTEXT(2)
PARAMETRIC_REPRESENTATION_CONTEXT() REPRESENTATION_CONTEXT('2D SPACE',''
  ) );
#8974 = PCURVE('',#8975,#8980);
#8975 = PLANE('',#8976);
#8976 = AXIS2_PLACEMENT_3D('',#8977,#8978,#8979);
#8977 = CARTESIAN_POINT('',(36.005521750943,-19.0894492556,1.9584));
#8978 = DIRECTION('',(0.266617148525,0.929017608923,0.256596138755));
#8979 = DIRECTION('',(0.961199816337,-0.275853064283,1.387778780781E-17)
  );
#8980 = DEFINITIONAL_REPRESENTATION('',(#8981),#8985);
#8981 = CIRCLE('',#8982,0.23);
#8982 = AXIS2_PLACEMENT_2D('',#8983,#8984);
#8983 = CARTESIAN_POINT('',(0.,0.));
#8984 = DIRECTION('',(1.,0.));
#8985 = ( GEOMETRIC_REPRESENTATION_CONTEXT(2)
PARAMETRIC_REPRESENTATION_CONTEXT() REPRESENTATION_CONTEXT('2D SPACE',''
  ) );
#8986 = ORIENTED_EDGE('',*,*,#8937,.T.);
#8987 = ADVANCED_FACE('',(#8988),#8925,.T.);
#8988 = FACE_BOUND('',#8989,.T.);
#8989 = EDGE_LOOP('',(#8990));
#8990 = ORIENTED_EDGE('',*,*,#8903,.T.);
#8991 = ADVANCED_FACE('',(#8992),#8975,.F.);
#8992 = FACE_BOUND('',#8993,.T.);
#8993 = EDGE_LOOP('',(#8994));
#8994 = ORIENTED_EDGE('',*,*,#8960,.F.);
#8995 = ( GEOMETRIC_REPRESENTATION_CONTEXT(3)
GLOBAL_UNCERTAINTY_ASSIGNED_CONTEXT((#8999))
GLOBAL_UNIT_ASSIGNED_CONTEXT((#8996,#8997,#8998)) REPRESENTATION_CONTEXT
('Context #1','3D Context with UNIT and UNCERTAINTY') );
#8996 = ( LENGTH_UNIT() NAMED_UNIT(*) SI_UNIT(.MILLI.,.METRE.) );
#8997 = ( NAMED_UNIT(*) PLANE_ANGLE_UNIT() SI_UNIT($,.RADIAN.) );
#8998 = ( NAMED_UNIT(*) SI_UNIT($,.STERADIAN.) SOLID_ANGLE_UNIT() );
#8999 = UNCERTAINTY_MEASURE_WITH_UNIT(LENGTH_MEASURE(1.E-07),#8996,
  'distance_accuracy_value','confusion accuracy');
#9000 = CONTEXT_DEPENDENT_SHAPE_REPRESENTATION(#9001,#9003);
#9001 = ( REPRESENTATION_RELATIONSHIP('','',#8896,#10)
REPRESENTATION_RELATIONSHIP_WITH_TRANSFORMATION(#9002)
SHAPE_REPRESENTATION_RELATIONSHIP() );
#9002 = ITEM_DEFINED_TRANSFORMATION('','',#11,#199);
#9003 = PRODUCT_DEFINITION_SHAPE('Placement','Placement of an item',
  #9004);
#9004 = NEXT_ASSEMBLY_USAGE_OCCURRENCE('47','','',#5,#8891,$);
#9005 = PRODUCT_RELATED_PRODUCT_CATEGORY('part',$,(#8893));
#9006 = SHAPE_DEFINITION_REPRESENTATION(#9007,#9013);
#9007 = PRODUCT_DEFINITION_SHAPE('','',#9008);
#9008 = PRODUCT_DEFINITION('design','',#9009,#9012);
#9009 = PRODUCT_DEFINITION_FORMATION('','',#9010);
#9010 = PRODUCT('Open CASCADE STEP translator 7.9 1.48',
  'Open CASCADE STEP translator 7.9 1.48','',(#9011));
#9011 = PRODUCT_CONTEXT('',#2,'mechanical');
#9012 = PRODUCT_DEFINITION_CONTEXT('part definition',#2,'design');
#9013 = ADVANCED_BREP_SHAPE_REPRESENTATION('',(#11,#9014),#9112);
#9014 = MANIFOLD_SOLID_BREP('',#9015);
#9015 = CLOSED_SHELL('',(#9016,#9104,#9108));
#9016 = ADVANCED_FACE('',(#9017),#9030,.T.);
#9017 = FACE_BOUND('',#9018,.T.);
#9018 = EDGE_LOOP('',(#9019,#9053,#9076,#9103));
#9019 = ORIENTED_EDGE('',*,*,#9020,.F.);
#9020 = EDGE_CURVE('',#9021,#9021,#9023,.T.);
#9021 = VERTEX_POINT('',#9022);
#9022 = CARTESIAN_POINT('',(35.218307486243,18.601594248834,9.792));
#9023 = SURFACE_CURVE('',#9024,(#9029,#9041),.PCURVE_S1.);
#9024 = CIRCLE('',#9025,0.23);
#9025 = AXIS2_PLACEMENT_3D('',#9026,#9027,#9028);
#9026 = CARTESIAN_POINT('',(34.993520114684,18.552905055091,9.792));
#9027 = DIRECTION('',(-0.208929341759,0.964581131156,0.161033448607));
#9028 = DIRECTION('',(0.977336398085,0.211692146709,1.387778780781E-17)
  );
#9029 = PCURVE('',#9030,#9035);
#9030 = CYLINDRICAL_SURFACE('',#9031,0.23);
#9031 = AXIS2_PLACEMENT_3D('',#9032,#9033,#9034);
#9032 = CARTESIAN_POINT('',(40.075286995308,-4.908502541888,5.8752));
#9033 = DIRECTION('',(-0.208929341759,0.964581131156,0.161033448607));
#9034 = DIRECTION('',(0.977336398085,0.211692146709,6.938893903907E-18)
  );
#9035 = DEFINITIONAL_REPRESENTATION('',(#9036),#9040);
#9036 = LINE('',#9037,#9038);
#9037 = CARTESIAN_POINT('',(0.,24.322897099248));
#9038 = VECTOR('',#9039,1.);
#9039 = DIRECTION('',(1.,0.));
#9040 = ( GEOMETRIC_REPRESENTATION_CONTEXT(2)
PARAMETRIC_REPRESENTATION_CONTEXT() REPRESENTATION_CONTEXT('2D SPACE',''
  ) );
#9041 = PCURVE('',#9042,#9047);
#9042 = PLANE('',#9043);
#9043 = AXIS2_PLACEMENT_3D('',#9044,#9045,#9046);
#9044 = CARTESIAN_POINT('',(34.993520114684,18.552905055091,9.792));
#9045 = DIRECTION('',(-0.208929341759,0.964581131156,0.161033448607));
#9046 = DIRECTION('',(0.977336398085,0.211692146709,6.938893903907E-18)
  );
#9047 = DEFINITIONAL_REPRESENTATION('',(#9048),#9052);
#9048 = CIRCLE('',#9049,0.23);
#9049 = AXIS2_PLACEMENT_2D('',#9050,#9051);
#9050 = CARTESIAN_POINT('',(0.,0.));
#9051 = DIRECTION('',(1.,0.));
#9052 = ( GEOMETRIC_REPRESENTATION_CONTEXT(2)
PARAMETRIC_REPRESENTATION_CONTEXT() REPRESENTATION_CONTEXT('2D SPACE',''
  ) );
#9053 = ORIENTED_EDGE('',*,*,#9054,.F.);
#9054 = EDGE_CURVE('',#9055,#9021,#9057,.T.);
#9055 = VERTEX_POINT('',#9056);
#9056 = CARTESIAN_POINT('',(40.300074366867,-4.859813348145,5.8752));
#9057 = SEAM_CURVE('',#9058,(#9062,#9069),.PCURVE_S1.);
#9058 = LINE('',#9059,#9060);
#9059 = CARTESIAN_POINT('',(40.300074366867,-4.859813348145,5.8752));
#9060 = VECTOR('',#9061,1.);
#9061 = DIRECTION('',(-0.208929341759,0.964581131156,0.161033448607));
#9062 = PCURVE('',#9030,#9063);
#9063 = DEFINITIONAL_REPRESENTATION('',(#9064),#9068);
#9064 = LINE('',#9065,#9066);
#9065 = CARTESIAN_POINT('',(6.28318530718,-0.));
#9066 = VECTOR('',#9067,1.);
#9067 = DIRECTION('',(0.,1.));
#9068 = ( GEOMETRIC_REPRESENTATION_CONTEXT(2)
PARAMETRIC_REPRESENTATION_CONTEXT() REPRESENTATION_CONTEXT('2D SPACE',''
  ) );
#9069 = PCURVE('',#9030,#9070);
#9070 = DEFINITIONAL_REPRESENTATION('',(#9071),#9075);
#9071 = LINE('',#9072,#9073);
#9072 = CARTESIAN_POINT('',(0.,-0.));
#9073 = VECTOR('',#9074,1.);
#9074 = DIRECTION('',(0.,1.));
#9075 = ( GEOMETRIC_REPRESENTATION_CONTEXT(2)
PARAMETRIC_REPRESENTATION_CONTEXT() REPRESENTATION_CONTEXT('2D SPACE',''
  ) );
#9076 = ORIENTED_EDGE('',*,*,#9077,.T.);
#9077 = EDGE_CURVE('',#9055,#9055,#9078,.T.);
#9078 = SURFACE_CURVE('',#9079,(#9084,#9091),.PCURVE_S1.);
#9079 = CIRCLE('',#9080,0.23);
#9080 = AXIS2_PLACEMENT_3D('',#9081,#9082,#9083);
#9081 = CARTESIAN_POINT('',(40.075286995308,-4.908502541888,5.8752));
#9082 = DIRECTION('',(-0.208929341759,0.964581131156,0.161033448607));
#9083 = DIRECTION('',(0.977336398085,0.211692146709,1.387778780781E-17)
  );
#9084 = PCURVE('',#9030,#9085);
#9085 = DEFINITIONAL_REPRESENTATION('',(#9086),#9090);
#9086 = LINE('',#9087,#9088);
#9087 = CARTESIAN_POINT('',(0.,0.));
#9088 = VECTOR('',#9089,1.);
#9089 = DIRECTION('',(1.,0.));
#9090 = ( GEOMETRIC_REPRESENTATION_CONTEXT(2)
PARAMETRIC_REPRESENTATION_CONTEXT() REPRESENTATION_CONTEXT('2D SPACE',''
  ) );
#9091 = PCURVE('',#9092,#9097);
#9092 = PLANE('',#9093);
#9093 = AXIS2_PLACEMENT_3D('',#9094,#9095,#9096);
#9094 = CARTESIAN_POINT('',(40.075286995308,-4.908502541888,5.8752));
#9095 = DIRECTION('',(-0.208929341759,0.964581131156,0.161033448607));
#9096 = DIRECTION('',(0.977336398085,0.211692146709,6.938893903907E-18)
  );
#9097 = DEFINITIONAL_REPRESENTATION('',(#9098),#9102);
#9098 = CIRCLE('',#9099,0.23);
#9099 = AXIS2_PLACEMENT_2D('',#9100,#9101);
#9100 = CARTESIAN_POINT('',(0.,0.));
#9101 = DIRECTION('',(1.,0.));
#9102 = ( GEOMETRIC_REPRESENTATION_CONTEXT(2)
PARAMETRIC_REPRESENTATION_CONTEXT() REPRESENTATION_CONTEXT('2D SPACE',''
  ) );
#9103 = ORIENTED_EDGE('',*,*,#9054,.T.);
#9104 = ADVANCED_FACE('',(#9105),#9042,.T.);
#9105 = FACE_BOUND('',#9106,.T.);
#9106 = EDGE_LOOP('',(#9107));
#9107 = ORIENTED_EDGE('',*,*,#9020,.T.);
#9108 = ADVANCED_FACE('',(#9109),#9092,.F.);
#9109 = FACE_BOUND('',#9110,.T.);
#9110 = EDGE_LOOP('',(#9111));
#9111 = ORIENTED_EDGE('',*,*,#9077,.F.);
#9112 = ( GEOMETRIC_REPRESENTATION_CONTEXT(3)
GLOBAL_UNCERTAINTY_ASSIGNED_CONTEXT((#9116))
GLOBAL_UNIT_ASSIGNED_CONTEXT((#9113,#9114,#9115)) REPRESENTATION_CONTEXT
('Context #1','3D Context with UNIT and UNCERTAINTY') );
#9113 = ( LENGTH_UNIT() NAMED_UNIT(*) SI_UNIT(.MILLI.,.METRE.) );
#9114 = ( NAMED_UNIT(*) PLANE_ANGLE_UNIT() SI_UNIT($,.RADIAN.) );
#9115 = ( NAMED_UNIT(*) SI_UNIT($,.STERADIAN.) SOLID_ANGLE_UNIT() );
#9116 = UNCERTAINTY_MEASURE_WITH_UNIT(LENGTH_MEASURE(1.E-07),#9113,
  'distance_accuracy_value','confusion accuracy');
#9117 = CONTEXT_DEPENDENT_SHAPE_REPRESENTATION(#9118,#9120);
#9118 = ( REPRESENTATION_RELATIONSHIP('','',#9013,#10)
REPRESENTATION_RELATIONSHIP_WITH_TRANSFORMATION(#9119)
SHAPE_REPRESENTATION_RELATIONSHIP() );
#9119 = ITEM_DEFINED_TRANSFORMATION('','',#11,#203);
#9120 = PRODUCT_DEFINITION_SHAPE('Placement','Placement of an item',
  #9121);
#9121 = NEXT_ASSEMBLY_USAGE_OCCURRENCE('48','','',#5,#9008,$);
#9122 = PRODUCT_RELATED_PRODUCT_CATEGORY('part',$,(#9010));
#9123 = SHAPE_DEFINITION_REPRESENTATION(#9124,#9130);
#9124 = PRODUCT_DEFINITION_SHAPE('','',#9125);
#9125 = PRODUCT_DEFINITION('design','',#9126,#9129);
#9126 = PRODUCT_DEFINITION_FORMATION('','',#9127);
#9127 = PRODUCT('Open CASCADE STEP translator 7.9 1.49',
  'Open CASCADE STEP translator 7.9 1.49','',(#9128));
#9128 = PRODUCT_CONTEXT('',#2,'mechanical');
#9129 = PRODUCT_DEFINITION_CONTEXT('part definition',#2,'design');
#9130 = ADVANCED_BREP_SHAPE_REPRESENTATION('',(#11,#9131),#9229);
#9131 = MANIFOLD_SOLID_BREP('',#9132);
#9132 = CLOSED_SHELL('',(#9133,#9221,#9225));
#9133 = ADVANCED_FACE('',(#9134),#9147,.T.);
#9134 = FACE_BOUND('',#9135,.T.);
#9135 = EDGE_LOOP('',(#9136,#9170,#9193,#9220));
#9136 = ORIENTED_EDGE('',*,*,#9137,.F.);
#9137 = EDGE_CURVE('',#9138,#9138,#9140,.T.);
#9138 = VERTEX_POINT('',#9139);
#9139 = CARTESIAN_POINT('',(28.375848384043,-25.62932190421,13.7088));
#9140 = SURFACE_CURVE('',#9141,(#9146,#9158),.PCURVE_S1.);
#9141 = CIRCLE('',#9142,0.23);
#9142 = AXIS2_PLACEMENT_3D('',#9143,#9144,#9145);
#9143 = CARTESIAN_POINT('',(28.603483423261,-25.66222006404,13.7088));
#9144 = DIRECTION('',(-0.142488886545,-0.985935488466,8.733916529286E-02
    ));
#9145 = DIRECTION('',(-0.989717561821,0.143035477501,1.734723475977E-18)
  );
#9146 = PCURVE('',#9147,#9152);
#9147 = CYLINDRICAL_SURFACE('',#9148,0.23);
#9148 = AXIS2_PLACEMENT_3D('',#9149,#9150,#9151);
#9149 = CARTESIAN_POINT('',(34.993520114684,18.552905055091,9.792));
#9150 = DIRECTION('',(-0.142488886545,-0.985935488466,8.733916529286E-02
    ));
#9151 = DIRECTION('',(-0.989717561821,0.143035477501,0.));
#9152 = DEFINITIONAL_REPRESENTATION('',(#9153),#9157);
#9153 = LINE('',#9154,#9155);
#9154 = CARTESIAN_POINT('',(0.,44.845860237687));
#9155 = VECTOR('',#9156,1.);
#9156 = DIRECTION('',(1.,0.));
#9157 = ( GEOMETRIC_REPRESENTATION_CONTEXT(2)
PARAMETRIC_REPRESENTATION_CONTEXT() REPRESENTATION_CONTEXT('2D SPACE',''
  ) );
#9158 = PCURVE('',#9159,#9164);
#9159 = PLANE('',#9160);
#9160 = AXIS2_PLACEMENT_3D('',#9161,#9162,#9163);
#9161 = CARTESIAN_POINT('',(28.603483423261,-25.66222006404,13.7088));
#9162 = DIRECTION('',(-0.142488886545,-0.985935488466,8.733916529286E-02
    ));
#9163 = DIRECTION('',(-0.989717561821,0.143035477501,0.));
#9164 = DEFINITIONAL_REPRESENTATION('',(#9165),#9169);
#9165 = CIRCLE('',#9166,0.23);
#9166 = AXIS2_PLACEMENT_2D('',#9167,#9168);
#9167 = CARTESIAN_POINT('',(0.,0.));
#9168 = DIRECTION('',(1.,0.));
#9169 = ( GEOMETRIC_REPRESENTATION_CONTEXT(2)
PARAMETRIC_REPRESENTATION_CONTEXT() REPRESENTATION_CONTEXT('2D SPACE',''
  ) );
#9170 = ORIENTED_EDGE('',*,*,#9171,.F.);
#9171 = EDGE_CURVE('',#9172,#9138,#9174,.T.);
#9172 = VERTEX_POINT('',#9173);
#9173 = CARTESIAN_POINT('',(34.765885075465,18.585803214916,9.792));
#9174 = SEAM_CURVE('',#9175,(#9179,#9186),.PCURVE_S1.);
#9175 = LINE('',#9176,#9177);
#9176 = CARTESIAN_POINT('',(34.765885075465,18.585803214916,9.792));
#9177 = VECTOR('',#9178,1.);
#9178 = DIRECTION('',(-0.142488886545,-0.985935488466,8.733916529286E-02
    ));
#9179 = PCURVE('',#9147,#9180);
#9180 = DEFINITIONAL_REPRESENTATION('',(#9181),#9185);
#9181 = LINE('',#9182,#9183);
#9182 = CARTESIAN_POINT('',(6.28318530718,-0.));
#9183 = VECTOR('',#9184,1.);
#9184 = DIRECTION('',(0.,1.));
#9185 = ( GEOMETRIC_REPRESENTATION_CONTEXT(2)
PARAMETRIC_REPRESENTATION_CONTEXT() REPRESENTATION_CONTEXT('2D SPACE',''
  ) );
#9186 = PCURVE('',#9147,#9187);
#9187 = DEFINITIONAL_REPRESENTATION('',(#9188),#9192);
#9188 = LINE('',#9189,#9190);
#9189 = CARTESIAN_POINT('',(0.,-0.));
#9190 = VECTOR('',#9191,1.);
#9191 = DIRECTION('',(0.,1.));
#9192 = ( GEOMETRIC_REPRESENTATION_CONTEXT(2)
PARAMETRIC_REPRESENTATION_CONTEXT() REPRESENTATION_CONTEXT('2D SPACE',''
  ) );
#9193 = ORIENTED_EDGE('',*,*,#9194,.T.);
#9194 = EDGE_CURVE('',#9172,#9172,#9195,.T.);
#9195 = SURFACE_CURVE('',#9196,(#9201,#9208),.PCURVE_S1.);
#9196 = CIRCLE('',#9197,0.23);
#9197 = AXIS2_PLACEMENT_3D('',#9198,#9199,#9200);
#9198 = CARTESIAN_POINT('',(34.993520114684,18.552905055091,9.792));
#9199 = DIRECTION('',(-0.142488886545,-0.985935488466,8.733916529286E-02
    ));
#9200 = DIRECTION('',(-0.989717561821,0.143035477501,1.734723475977E-18)
  );
#9201 = PCURVE('',#9147,#9202);
#9202 = DEFINITIONAL_REPRESENTATION('',(#9203),#9207);
#9203 = LINE('',#9204,#9205);
#9204 = CARTESIAN_POINT('',(0.,0.));
#9205 = VECTOR('',#9206,1.);
#9206 = DIRECTION('',(1.,0.));
#9207 = ( GEOMETRIC_REPRESENTATION_CONTEXT(2)
PARAMETRIC_REPRESENTATION_CONTEXT() REPRESENTATION_CONTEXT('2D SPACE',''
  ) );
#9208 = PCURVE('',#9209,#9214);
#9209 = PLANE('',#9210);
#9210 = AXIS2_PLACEMENT_3D('',#9211,#9212,#9213);
#9211 = CARTESIAN_POINT('',(34.993520114684,18.552905055091,9.792));
#9212 = DIRECTION('',(-0.142488886545,-0.985935488466,8.733916529286E-02
    ));
#9213 = DIRECTION('',(-0.989717561821,0.143035477501,0.));
#9214 = DEFINITIONAL_REPRESENTATION('',(#9215),#9219);
#9215 = CIRCLE('',#9216,0.23);
#9216 = AXIS2_PLACEMENT_2D('',#9217,#9218);
#9217 = CARTESIAN_POINT('',(0.,0.));
#9218 = DIRECTION('',(1.,0.));
#9219 = ( GEOMETRIC_REPRESENTATION_CONTEXT(2)
PARAMETRIC_REPRESENTATION_CONTEXT() REPRESENTATION_CONTEXT('2D SPACE',''
  ) );
#9220 = ORIENTED_EDGE('',*,*,#9171,.T.);
#9221 = ADVANCED_FACE('',(#9222),#9159,.T.);
#9222 = FACE_BOUND('',#9223,.T.);
#9223 = EDGE_LOOP('',(#9224));
#9224 = ORIENTED_EDGE('',*,*,#9137,.T.);
#9225 = ADVANCED_FACE('',(#9226),#9209,.F.);
#9226 = FACE_BOUND('',#9227,.T.);
#9227 = EDGE_LOOP('',(#9228));
#9228 = ORIENTED_EDGE('',*,*,#9194,.F.);
#9229 = ( GEOMETRIC_REPRESENTATION_CONTEXT(3)
GLOBAL_UNCERTAINTY_ASSIGNED_CONTEXT((#9233))
GLOBAL_UNIT_ASSIGNED_CONTEXT((#9230,#9231,#9232)) REPRESENTATION_CONTEXT
('Context #1','3D Context with UNIT and UNCERTAINTY') );
#9230 = ( LENGTH_UNIT() NAMED_UNIT(*) SI_UNIT(.MILLI.,.METRE.) );
#9231 = ( NAMED_UNIT(*) PLANE_ANGLE_UNIT() SI_UNIT($,.RADIAN.) );
#9232 = ( NAMED_UNIT(*) SI_UNIT($,.STERADIAN.) SOLID_ANGLE_UNIT() );
#9233 = UNCERTAINTY_MEASURE_WITH_UNIT(LENGTH_MEASURE(1.E-07),#9230,
  'distance_accuracy_value','confusion accuracy');
#9234 = CONTEXT_DEPENDENT_SHAPE_REPRESENTATION(#9235,#9237);
#9235 = ( REPRESENTATION_RELATIONSHIP('','',#9130,#10)
REPRESENTATION_RELATIONSHIP_WITH_TRANSFORMATION(#9236)
SHAPE_REPRESENTATION_RELATIONSHIP() );
#9236 = ITEM_DEFINED_TRANSFORMATION('','',#11,#207);
#9237 = PRODUCT_DEFINITION_SHAPE('Placement','Placement of an item',
  #9238);
#9238 = NEXT_ASSEMBLY_USAGE_OCCURRENCE('49','','',#5,#9125,$);
#9239 = PRODUCT_RELATED_PRODUCT_CATEGORY('part',$,(#9127));
#9240 = SHAPE_DEFINITION_REPRESENTATION(#9241,#9247);
#9241 = PRODUCT_DEFINITION_SHAPE('','',#9242);
#9242 = PRODUCT_DEFINITION('design','',#9243,#9246);
#9243 = PRODUCT_DEFINITION_FORMATION('','',#9244);
#9244 = PRODUCT('Open CASCADE STEP translator 7.9 1.50',
  'Open CASCADE STEP translator 7.9 1.50','',(#9245));
#9245 = PRODUCT_CONTEXT('',#2,'mechanical');
#9246 = PRODUCT_DEFINITION_CONTEXT('part definition',#2,'design');
#9247 = ADVANCED_BREP_SHAPE_REPRESENTATION('',(#11,#9248),#9346);
#9248 = MANIFOLD_SOLID_BREP('',#9249);
#9249 = CLOSED_SHELL('',(#9250,#9338,#9342));
#9250 = ADVANCED_FACE('',(#9251),#9264,.T.);
#9251 = FACE_BOUND('',#9252,.T.);
#9252 = EDGE_LOOP('',(#9253,#9287,#9310,#9337));
#9253 = ORIENTED_EDGE('',*,*,#9254,.F.);
#9254 = EDGE_CURVE('',#9255,#9255,#9257,.T.);
#9255 = VERTEX_POINT('',#9256);
#9256 = CARTESIAN_POINT('',(34.591724454298,13.122181676243,17.6256));
#9257 = SURFACE_CURVE('',#9258,(#9263,#9275),.PCURVE_S1.);
#9258 = CIRCLE('',#9259,0.23);
#9259 = AXIS2_PLACEMENT_3D('',#9260,#9261,#9262);
#9260 = CARTESIAN_POINT('',(34.364216070794,13.155944606139,17.6256));
#9261 = DIRECTION('',(0.146069602079,0.984276517198,9.931469700632E-02)
  );
#9262 = DIRECTION('',(0.989166884802,-0.146795347373,3.469446951954E-18)
  );
#9263 = PCURVE('',#9264,#9269);
#9264 = CYLINDRICAL_SURFACE('',#9265,0.23);
#9265 = AXIS2_PLACEMENT_3D('',#9266,#9267,#9268);
#9266 = CARTESIAN_POINT('',(28.603483423261,-25.66222006404,13.7088));
#9267 = DIRECTION('',(0.146069602079,0.984276517198,9.931469700632E-02)
  );
#9268 = DIRECTION('',(0.989166884802,-0.146795347373,1.734723475977E-18)
  );
#9269 = DEFINITIONAL_REPRESENTATION('',(#9270),#9274);
#9270 = LINE('',#9271,#9272);
#9271 = CARTESIAN_POINT('',(0.,39.438271656317));
#9272 = VECTOR('',#9273,1.);
#9273 = DIRECTION('',(1.,0.));
#9274 = ( GEOMETRIC_REPRESENTATION_CONTEXT(2)
PARAMETRIC_REPRESENTATION_CONTEXT() REPRESENTATION_CONTEXT('2D SPACE',''
  ) );
#9275 = PCURVE('',#9276,#9281);
#9276 = PLANE('',#9277);
#9277 = AXIS2_PLACEMENT_3D('',#9278,#9279,#9280);
#9278 = CARTESIAN_POINT('',(34.364216070794,13.155944606139,17.6256));
#9279 = DIRECTION('',(0.146069602079,0.984276517198,9.931469700632E-02)
  );
#9280 = DIRECTION('',(0.989166884802,-0.146795347373,1.734723475977E-18)
  );
#9281 = DEFINITIONAL_REPRESENTATION('',(#9282),#9286);
#9282 = CIRCLE('',#9283,0.23);
#9283 = AXIS2_PLACEMENT_2D('',#9284,#9285);
#9284 = CARTESIAN_POINT('',(0.,0.));
#9285 = DIRECTION('',(1.,0.));
#9286 = ( GEOMETRIC_REPRESENTATION_CONTEXT(2)
PARAMETRIC_REPRESENTATION_CONTEXT() REPRESENTATION_CONTEXT('2D SPACE',''
  ) );
#9287 = ORIENTED_EDGE('',*,*,#9288,.F.);
#9288 = EDGE_CURVE('',#9289,#9255,#9291,.T.);
#9289 = VERTEX_POINT('',#9290);
#9290 = CARTESIAN_POINT('',(28.830991806766,-25.69598299393,13.7088));
#9291 = SEAM_CURVE('',#9292,(#9296,#9303),.PCURVE_S1.);
#9292 = LINE('',#9293,#9294);
#9293 = CARTESIAN_POINT('',(28.830991806766,-25.69598299393,13.7088));
#9294 = VECTOR('',#9295,1.);
#9295 = DIRECTION('',(0.146069602079,0.984276517198,9.931469700632E-02)
  );
#9296 = PCURVE('',#9264,#9297);
#9297 = DEFINITIONAL_REPRESENTATION('',(#9298),#9302);
#9298 = LINE('',#9299,#9300);
#9299 = CARTESIAN_POINT('',(6.28318530718,-0.));
#9300 = VECTOR('',#9301,1.);
#9301 = DIRECTION('',(0.,1.));
#9302 = ( GEOMETRIC_REPRESENTATION_CONTEXT(2)
PARAMETRIC_REPRESENTATION_CONTEXT() REPRESENTATION_CONTEXT('2D SPACE',''
  ) );
#9303 = PCURVE('',#9264,#9304);
#9304 = DEFINITIONAL_REPRESENTATION('',(#9305),#9309);
#9305 = LINE('',#9306,#9307);
#9306 = CARTESIAN_POINT('',(0.,-0.));
#9307 = VECTOR('',#9308,1.);
#9308 = DIRECTION('',(0.,1.));
#9309 = ( GEOMETRIC_REPRESENTATION_CONTEXT(2)
PARAMETRIC_REPRESENTATION_CONTEXT() REPRESENTATION_CONTEXT('2D SPACE',''
  ) );
#9310 = ORIENTED_EDGE('',*,*,#9311,.T.);
#9311 = EDGE_CURVE('',#9289,#9289,#9312,.T.);
#9312 = SURFACE_CURVE('',#9313,(#9318,#9325),.PCURVE_S1.);
#9313 = CIRCLE('',#9314,0.23);
#9314 = AXIS2_PLACEMENT_3D('',#9315,#9316,#9317);
#9315 = CARTESIAN_POINT('',(28.603483423261,-25.66222006404,13.7088));
#9316 = DIRECTION('',(0.146069602079,0.984276517198,9.931469700632E-02)
  );
#9317 = DIRECTION('',(0.989166884802,-0.146795347373,3.469446951954E-18)
  );
#9318 = PCURVE('',#9264,#9319);
#9319 = DEFINITIONAL_REPRESENTATION('',(#9320),#9324);
#9320 = LINE('',#9321,#9322);
#9321 = CARTESIAN_POINT('',(0.,0.));
#9322 = VECTOR('',#9323,1.);
#9323 = DIRECTION('',(1.,0.));
#9324 = ( GEOMETRIC_REPRESENTATION_CONTEXT(2)
PARAMETRIC_REPRESENTATION_CONTEXT() REPRESENTATION_CONTEXT('2D SPACE',''
  ) );
#9325 = PCURVE('',#9326,#9331);
#9326 = PLANE('',#9327);
#9327 = AXIS2_PLACEMENT_3D('',#9328,#9329,#9330);
#9328 = CARTESIAN_POINT('',(28.603483423261,-25.66222006404,13.7088));
#9329 = DIRECTION('',(0.146069602079,0.984276517198,9.931469700632E-02)
  );
#9330 = DIRECTION('',(0.989166884802,-0.146795347373,1.734723475977E-18)
  );
#9331 = DEFINITIONAL_REPRESENTATION('',(#9332),#9336);
#9332 = CIRCLE('',#9333,0.23);
#9333 = AXIS2_PLACEMENT_2D('',#9334,#9335);
#9334 = CARTESIAN_POINT('',(0.,0.));
#9335 = DIRECTION('',(1.,0.));
#9336 = ( GEOMETRIC_REPRESENTATION_CONTEXT(2)
PARAMETRIC_REPRESENTATION_CONTEXT() REPRESENTATION_CONTEXT('2D SPACE',''
  ) );
#9337 = ORIENTED_EDGE('',*,*,#9288,.T.);
#9338 = ADVANCED_FACE('',(#9339),#9276,.T.);
#9339 = FACE_BOUND('',#9340,.T.);
#9340 = EDGE_LOOP('',(#9341));
#9341 = ORIENTED_EDGE('',*,*,#9254,.T.);
#9342 = ADVANCED_FACE('',(#9343),#9326,.F.);
#9343 = FACE_BOUND('',#9344,.T.);
#9344 = EDGE_LOOP('',(#9345));
#9345 = ORIENTED_EDGE('',*,*,#9311,.F.);
#9346 = ( GEOMETRIC_REPRESENTATION_CONTEXT(3)
GLOBAL_UNCERTAINTY_ASSIGNED_CONTEXT((#9350))
GLOBAL_UNIT_ASSIGNED_CONTEXT((#9347,#9348,#9349)) REPRESENTATION_CONTEXT
('Context #1','3D Context with UNIT and UNCERTAINTY') );
#9347 = ( LENGTH_UNIT() NAMED_UNIT(*) SI_UNIT(.MILLI.,.METRE.) );
#9348 = ( NAMED_UNIT(*) PLANE_ANGLE_UNIT() SI_UNIT($,.RADIAN.) );
#9349 = ( NAMED_UNIT(*) SI_UNIT($,.STERADIAN.) SOLID_ANGLE_UNIT() );
#9350 = UNCERTAINTY_MEASURE_WITH_UNIT(LENGTH_MEASURE(1.E-07),#9347,
  'distance_accuracy_value','confusion accuracy');
#9351 = CONTEXT_DEPENDENT_SHAPE_REPRESENTATION(#9352,#9354);
#9352 = ( REPRESENTATION_RELATIONSHIP('','',#9247,#10)
REPRESENTATION_RELATIONSHIP_WITH_TRANSFORMATION(#9353)
SHAPE_REPRESENTATION_RELATIONSHIP() );
#9353 = ITEM_DEFINED_TRANSFORMATION('','',#11,#211);
#9354 = PRODUCT_DEFINITION_SHAPE('Placement','Placement of an item',
  #9355);
#9355 = NEXT_ASSEMBLY_USAGE_OCCURRENCE('50','','',#5,#9242,$);
#9356 = PRODUCT_RELATED_PRODUCT_CATEGORY('part',$,(#9244));
#9357 = SHAPE_DEFINITION_REPRESENTATION(#9358,#9364);
#9358 = PRODUCT_DEFINITION_SHAPE('','',#9359);
#9359 = PRODUCT_DEFINITION('design','',#9360,#9363);
#9360 = PRODUCT_DEFINITION_FORMATION('','',#9361);
#9361 = PRODUCT('Open CASCADE STEP translator 7.9 1.51',
  'Open CASCADE STEP translator 7.9 1.51','',(#9362));
#9362 = PRODUCT_CONTEXT('',#2,'mechanical');
#9363 = PRODUCT_DEFINITION_CONTEXT('part definition',#2,'design');
#9364 = ADVANCED_BREP_SHAPE_REPRESENTATION('',(#11,#9365),#9463);
#9365 = MANIFOLD_SOLID_BREP('',#9366);
#9366 = CLOSED_SHELL('',(#9367,#9455,#9459));
#9367 = ADVANCED_FACE('',(#9368),#9381,.T.);
#9368 = FACE_BOUND('',#9369,.T.);
#9369 = EDGE_LOOP('',(#9370,#9404,#9427,#9454));
#9370 = ORIENTED_EDGE('',*,*,#9371,.F.);
#9371 = EDGE_CURVE('',#9372,#9372,#9374,.T.);
#9372 = VERTEX_POINT('',#9373);
#9373 = CARTESIAN_POINT('',(32.3588769595,-12.42308310488,
    21.315057053173));
#9374 = SURFACE_CURVE('',#9375,(#9380,#9392),.PCURVE_S1.);
#9375 = CIRCLE('',#9376,0.23);
#9376 = AXIS2_PLACEMENT_3D('',#9377,#9378,#9379);
#9377 = CARTESIAN_POINT('',(32.3588769595,-12.38822360792,21.5424));
#9378 = DIRECTION('',(-7.73652783481E-02,-0.985485034886,0.151108767852)
  );
#9379 = DIRECTION('',(0.,-0.151563030248,-0.988447594899));
#9380 = PCURVE('',#9381,#9386);
#9381 = CYLINDRICAL_SURFACE('',#9382,0.23);
#9382 = AXIS2_PLACEMENT_3D('',#9383,#9384,#9385);
#9383 = CARTESIAN_POINT('',(34.364216070794,13.155944606139,17.6256));
#9384 = DIRECTION('',(-7.73652783481E-02,-0.985485034886,0.151108767852)
  );
#9385 = DIRECTION('',(0.,-0.151563030248,-0.988447594899));
#9386 = DEFINITIONAL_REPRESENTATION('',(#9387),#9391);
#9387 = LINE('',#9388,#9389);
#9388 = CARTESIAN_POINT('',(0.,25.920401944023));
#9389 = VECTOR('',#9390,1.);
#9390 = DIRECTION('',(1.,0.));
#9391 = ( GEOMETRIC_REPRESENTATION_CONTEXT(2)
PARAMETRIC_REPRESENTATION_CONTEXT() REPRESENTATION_CONTEXT('2D SPACE',''
  ) );
#9392 = PCURVE('',#9393,#9398);
#9393 = PLANE('',#9394);
#9394 = AXIS2_PLACEMENT_3D('',#9395,#9396,#9397);
#9395 = CARTESIAN_POINT('',(32.3588769595,-12.38822360792,21.5424));
#9396 = DIRECTION('',(-7.73652783481E-02,-0.985485034886,0.151108767852)
  );
#9397 = DIRECTION('',(0.,-0.151563030248,-0.988447594899));
#9398 = DEFINITIONAL_REPRESENTATION('',(#9399),#9403);
#9399 = CIRCLE('',#9400,0.23);
#9400 = AXIS2_PLACEMENT_2D('',#9401,#9402);
#9401 = CARTESIAN_POINT('',(0.,0.));
#9402 = DIRECTION('',(1.,0.));
#9403 = ( GEOMETRIC_REPRESENTATION_CONTEXT(2)
PARAMETRIC_REPRESENTATION_CONTEXT() REPRESENTATION_CONTEXT('2D SPACE',''
  ) );
#9404 = ORIENTED_EDGE('',*,*,#9405,.F.);
#9405 = EDGE_CURVE('',#9406,#9372,#9408,.T.);
#9406 = VERTEX_POINT('',#9407);
#9407 = CARTESIAN_POINT('',(34.364216070794,13.121085109182,
    17.398257053173));
#9408 = SEAM_CURVE('',#9409,(#9413,#9420),.PCURVE_S1.);
#9409 = LINE('',#9410,#9411);
#9410 = CARTESIAN_POINT('',(34.364216070794,13.121085109182,
    17.398257053173));
#9411 = VECTOR('',#9412,1.);
#9412 = DIRECTION('',(-7.73652783481E-02,-0.985485034886,0.151108767852)
  );
#9413 = PCURVE('',#9381,#9414);
#9414 = DEFINITIONAL_REPRESENTATION('',(#9415),#9419);
#9415 = LINE('',#9416,#9417);
#9416 = CARTESIAN_POINT('',(6.28318530718,-0.));
#9417 = VECTOR('',#9418,1.);
#9418 = DIRECTION('',(0.,1.));
#9419 = ( GEOMETRIC_REPRESENTATION_CONTEXT(2)
PARAMETRIC_REPRESENTATION_CONTEXT() REPRESENTATION_CONTEXT('2D SPACE',''
  ) );
#9420 = PCURVE('',#9381,#9421);
#9421 = DEFINITIONAL_REPRESENTATION('',(#9422),#9426);
#9422 = LINE('',#9423,#9424);
#9423 = CARTESIAN_POINT('',(0.,-0.));
#9424 = VECTOR('',#9425,1.);
#9425 = DIRECTION('',(0.,1.));
#9426 = ( GEOMETRIC_REPRESENTATION_CONTEXT(2)
PARAMETRIC_REPRESENTATION_CONTEXT() REPRESENTATION_CONTEXT('2D SPACE',''
  ) );
#9427 = ORIENTED_EDGE('',*,*,#9428,.T.);
#9428 = EDGE_CURVE('',#9406,#9406,#9429,.T.);
#9429 = SURFACE_CURVE('',#9430,(#9435,#9442),.PCURVE_S1.);
#9430 = CIRCLE('',#9431,0.23);
#9431 = AXIS2_PLACEMENT_3D('',#9432,#9433,#9434);
#9432 = CARTESIAN_POINT('',(34.364216070794,13.155944606139,17.6256));
#9433 = DIRECTION('',(-7.73652783481E-02,-0.985485034886,0.151108767852)
  );
#9434 = DIRECTION('',(0.,-0.151563030248,-0.988447594899));
#9435 = PCURVE('',#9381,#9436);
#9436 = DEFINITIONAL_REPRESENTATION('',(#9437),#9441);
#9437 = LINE('',#9438,#9439);
#9438 = CARTESIAN_POINT('',(0.,0.));
#9439 = VECTOR('',#9440,1.);
#9440 = DIRECTION('',(1.,0.));
#9441 = ( GEOMETRIC_REPRESENTATION_CONTEXT(2)
PARAMETRIC_REPRESENTATION_CONTEXT() REPRESENTATION_CONTEXT('2D SPACE',''
  ) );
#9442 = PCURVE('',#9443,#9448);
#9443 = PLANE('',#9444);
#9444 = AXIS2_PLACEMENT_3D('',#9445,#9446,#9447);
#9445 = CARTESIAN_POINT('',(34.364216070794,13.155944606139,17.6256));
#9446 = DIRECTION('',(-7.73652783481E-02,-0.985485034886,0.151108767852)
  );
#9447 = DIRECTION('',(0.,-0.151563030248,-0.988447594899));
#9448 = DEFINITIONAL_REPRESENTATION('',(#9449),#9453);
#9449 = CIRCLE('',#9450,0.23);
#9450 = AXIS2_PLACEMENT_2D('',#9451,#9452);
#9451 = CARTESIAN_POINT('',(0.,0.));
#9452 = DIRECTION('',(1.,0.));
#9453 = ( GEOMETRIC_REPRESENTATION_CONTEXT(2)
PARAMETRIC_REPRESENTATION_CONTEXT() REPRESENTATION_CONTEXT('2D SPACE',''
  ) );
#9454 = ORIENTED_EDGE('',*,*,#9405,.T.);
#9455 = ADVANCED_FACE('',(#9456),#9393,.T.);
#9456 = FACE_BOUND('',#9457,.T.);
#9457 = EDGE_LOOP('',(#9458));
#9458 = ORIENTED_EDGE('',*,*,#9371,.T.);
#9459 = ADVANCED_FACE('',(#9460),#9443,.F.);
#9460 = FACE_BOUND('',#9461,.T.);
#9461 = EDGE_LOOP('',(#9462));
#9462 = ORIENTED_EDGE('',*,*,#9428,.F.);
#9463 = ( GEOMETRIC_REPRESENTATION_CONTEXT(3)
GLOBAL_UNCERTAINTY_ASSIGNED_CONTEXT((#9467))
GLOBAL_UNIT_ASSIGNED_CONTEXT((#9464,#9465,#9466)) REPRESENTATION_CONTEXT
('Context #1','3D Context with UNIT and UNCERTAINTY') );
#9464 = ( LENGTH_UNIT() NAMED_UNIT(*) SI_UNIT(.MILLI.,.METRE.) );
#9465 = ( NAMED_UNIT(*) PLANE_ANGLE_UNIT() SI_UNIT($,.RADIAN.) );
#9466 = ( NAMED_UNIT(*) SI_UNIT($,.STERADIAN.) SOLID_ANGLE_UNIT() );
#9467 = UNCERTAINTY_MEASURE_WITH_UNIT(LENGTH_MEASURE(1.E-07),#9464,
  'distance_accuracy_value','confusion accuracy');
#9468 = CONTEXT_DEPENDENT_SHAPE_REPRESENTATION(#9469,#9471);
#9469 = ( REPRESENTATION_RELATIONSHIP('','',#9364,#10)
REPRESENTATION_RELATIONSHIP_WITH_TRANSFORMATION(#9470)
SHAPE_REPRESENTATION_RELATIONSHIP() );
#9470 = ITEM_DEFINED_TRANSFORMATION('','',#11,#215);
#9471 = PRODUCT_DEFINITION_SHAPE('Placement','Placement of an item',
  #9472);
#9472 = NEXT_ASSEMBLY_USAGE_OCCURRENCE('51','','',#5,#9359,$);
#9473 = PRODUCT_RELATED_PRODUCT_CATEGORY('part',$,(#9361));
#9474 = SHAPE_DEFINITION_REPRESENTATION(#9475,#9481);
#9475 = PRODUCT_DEFINITION_SHAPE('','',#9476);
#9476 = PRODUCT_DEFINITION('design','',#9477,#9480);
#9477 = PRODUCT_DEFINITION_FORMATION('','',#9478);
#9478 = PRODUCT('Open CASCADE STEP translator 7.9 1.52',
  'Open CASCADE STEP translator 7.9 1.52','',(#9479));
#9479 = PRODUCT_CONTEXT('',#2,'mechanical');
#9480 = PRODUCT_DEFINITION_CONTEXT('part definition',#2,'design');
#9481 = ADVANCED_BREP_SHAPE_REPRESENTATION('',(#11,#9482),#9580);
#9482 = MANIFOLD_SOLID_BREP('',#9483);
#9483 = CLOSED_SHELL('',(#9484,#9572,#9576));
#9484 = ADVANCED_FACE('',(#9485),#9498,.T.);
#9485 = FACE_BOUND('',#9486,.T.);
#9486 = EDGE_LOOP('',(#9487,#9521,#9544,#9571));
#9487 = ORIENTED_EDGE('',*,*,#9488,.F.);
#9488 = EDGE_CURVE('',#9489,#9489,#9491,.T.);
#9489 = VERTEX_POINT('',#9490);
#9490 = CARTESIAN_POINT('',(20.802398781278,-23.8570977926,25.4592));
#9491 = SURFACE_CURVE('',#9492,(#9497,#9509),.PCURVE_S1.);
#9492 = CIRCLE('',#9493,0.23);
#9493 = AXIS2_PLACEMENT_3D('',#9494,#9495,#9496);
#9494 = CARTESIAN_POINT('',(20.966703405523,-24.01804495925,25.4592));
#9495 = DIRECTION('',(-0.680356312515,-0.694548966649,0.233916696602));
#9496 = DIRECTION('',(-0.714367931498,0.699770289772,-1.387778780781E-17
    ));
#9497 = PCURVE('',#9498,#9503);
#9498 = CYLINDRICAL_SURFACE('',#9499,0.23);
#9499 = AXIS2_PLACEMENT_3D('',#9500,#9501,#9502);
#9500 = CARTESIAN_POINT('',(32.3588769595,-12.38822360792,21.5424));
#9501 = DIRECTION('',(-0.680356312515,-0.694548966649,0.233916696602));
#9502 = DIRECTION('',(-0.714367931498,0.699770289772,0.));
#9503 = DEFINITIONAL_REPRESENTATION('',(#9504),#9508);
#9504 = LINE('',#9505,#9506);
#9505 = CARTESIAN_POINT('',(0.,16.744422509833));
#9506 = VECTOR('',#9507,1.);
#9507 = DIRECTION('',(1.,0.));
#9508 = ( GEOMETRIC_REPRESENTATION_CONTEXT(2)
PARAMETRIC_REPRESENTATION_CONTEXT() REPRESENTATION_CONTEXT('2D SPACE',''
  ) );
#9509 = PCURVE('',#9510,#9515);
#9510 = PLANE('',#9511);
#9511 = AXIS2_PLACEMENT_3D('',#9512,#9513,#9514);
#9512 = CARTESIAN_POINT('',(20.966703405523,-24.01804495925,25.4592));
#9513 = DIRECTION('',(-0.680356312515,-0.694548966649,0.233916696602));
#9514 = DIRECTION('',(-0.714367931498,0.699770289772,0.));
#9515 = DEFINITIONAL_REPRESENTATION('',(#9516),#9520);
#9516 = CIRCLE('',#9517,0.23);
#9517 = AXIS2_PLACEMENT_2D('',#9518,#9519);
#9518 = CARTESIAN_POINT('',(0.,0.));
#9519 = DIRECTION('',(1.,0.));
#9520 = ( GEOMETRIC_REPRESENTATION_CONTEXT(2)
PARAMETRIC_REPRESENTATION_CONTEXT() REPRESENTATION_CONTEXT('2D SPACE',''
  ) );
#9521 = ORIENTED_EDGE('',*,*,#9522,.F.);
#9522 = EDGE_CURVE('',#9523,#9489,#9525,.T.);
#9523 = VERTEX_POINT('',#9524);
#9524 = CARTESIAN_POINT('',(32.194572335255,-12.22727644127,21.5424));
#9525 = SEAM_CURVE('',#9526,(#9530,#9537),.PCURVE_S1.);
#9526 = LINE('',#9527,#9528);
#9527 = CARTESIAN_POINT('',(32.194572335255,-12.22727644127,21.5424));
#9528 = VECTOR('',#9529,1.);
#9529 = DIRECTION('',(-0.680356312515,-0.694548966649,0.233916696602));
#9530 = PCURVE('',#9498,#9531);
#9531 = DEFINITIONAL_REPRESENTATION('',(#9532),#9536);
#9532 = LINE('',#9533,#9534);
#9533 = CARTESIAN_POINT('',(6.28318530718,-0.));
#9534 = VECTOR('',#9535,1.);
#9535 = DIRECTION('',(0.,1.));
#9536 = ( GEOMETRIC_REPRESENTATION_CONTEXT(2)
PARAMETRIC_REPRESENTATION_CONTEXT() REPRESENTATION_CONTEXT('2D SPACE',''
  ) );
#9537 = PCURVE('',#9498,#9538);
#9538 = DEFINITIONAL_REPRESENTATION('',(#9539),#9543);
#9539 = LINE('',#9540,#9541);
#9540 = CARTESIAN_POINT('',(0.,-0.));
#9541 = VECTOR('',#9542,1.);
#9542 = DIRECTION('',(0.,1.));
#9543 = ( GEOMETRIC_REPRESENTATION_CONTEXT(2)
PARAMETRIC_REPRESENTATION_CONTEXT() REPRESENTATION_CONTEXT('2D SPACE',''
  ) );
#9544 = ORIENTED_EDGE('',*,*,#9545,.T.);
#9545 = EDGE_CURVE('',#9523,#9523,#9546,.T.);
#9546 = SURFACE_CURVE('',#9547,(#9552,#9559),.PCURVE_S1.);
#9547 = CIRCLE('',#9548,0.23);
#9548 = AXIS2_PLACEMENT_3D('',#9549,#9550,#9551);
#9549 = CARTESIAN_POINT('',(32.3588769595,-12.38822360792,21.5424));
#9550 = DIRECTION('',(-0.680356312515,-0.694548966649,0.233916696602));
#9551 = DIRECTION('',(-0.714367931498,0.699770289772,-1.387778780781E-17
    ));
#9552 = PCURVE('',#9498,#9553);
#9553 = DEFINITIONAL_REPRESENTATION('',(#9554),#9558);
#9554 = LINE('',#9555,#9556);
#9555 = CARTESIAN_POINT('',(0.,0.));
#9556 = VECTOR('',#9557,1.);
#9557 = DIRECTION('',(1.,0.));
#9558 = ( GEOMETRIC_REPRESENTATION_CONTEXT(2)
PARAMETRIC_REPRESENTATION_CONTEXT() REPRESENTATION_CONTEXT('2D SPACE',''
  ) );
#9559 = PCURVE('',#9560,#9565);
#9560 = PLANE('',#9561);
#9561 = AXIS2_PLACEMENT_3D('',#9562,#9563,#9564);
#9562 = CARTESIAN_POINT('',(32.3588769595,-12.38822360792,21.5424));
#9563 = DIRECTION('',(-0.680356312515,-0.694548966649,0.233916696602));
#9564 = DIRECTION('',(-0.714367931498,0.699770289772,0.));
#9565 = DEFINITIONAL_REPRESENTATION('',(#9566),#9570);
#9566 = CIRCLE('',#9567,0.23);
#9567 = AXIS2_PLACEMENT_2D('',#9568,#9569);
#9568 = CARTESIAN_POINT('',(0.,0.));
#9569 = DIRECTION('',(1.,0.));
#9570 = ( GEOMETRIC_REPRESENTATION_CONTEXT(2)
PARAMETRIC_REPRESENTATION_CONTEXT() REPRESENTATION_CONTEXT('2D SPACE',''
  ) );
#9571 = ORIENTED_EDGE('',*,*,#9522,.T.);
#9572 = ADVANCED_FACE('',(#9573),#9510,.T.);
#9573 = FACE_BOUND('',#9574,.T.);
#9574 = EDGE_LOOP('',(#9575));
#9575 = ORIENTED_EDGE('',*,*,#9488,.T.);
#9576 = ADVANCED_FACE('',(#9577),#9560,.F.);
#9577 = FACE_BOUND('',#9578,.T.);
#9578 = EDGE_LOOP('',(#9579));
#9579 = ORIENTED_EDGE('',*,*,#9545,.F.);
#9580 = ( GEOMETRIC_REPRESENTATION_CONTEXT(3)
GLOBAL_UNCERTAINTY_ASSIGNED_CONTEXT((#9584))
GLOBAL_UNIT_ASSIGNED_CONTEXT((#9581,#9582,#9583)) REPRESENTATION_CONTEXT
('Context #1','3D Context with UNIT and UNCERTAINTY') );
#9581 = ( LENGTH_UNIT() NAMED_UNIT(*) SI_UNIT(.MILLI.,.METRE.) );
#9582 = ( NAMED_UNIT(*) PLANE_ANGLE_UNIT() SI_UNIT($,.RADIAN.) );
#9583 = ( NAMED_UNIT(*) SI_UNIT($,.STERADIAN.) SOLID_ANGLE_UNIT() );
#9584 = UNCERTAINTY_MEASURE_WITH_UNIT(LENGTH_MEASURE(1.E-07),#9581,
  'distance_accuracy_value','confusion accuracy');
#9585 = CONTEXT_DEPENDENT_SHAPE_REPRESENTATION(#9586,#9588);
#9586 = ( REPRESENTATION_RELATIONSHIP('','',#9481,#10)
REPRESENTATION_RELATIONSHIP_WITH_TRANSFORMATION(#9587)
SHAPE_REPRESENTATION_RELATIONSHIP() );
#9587 = ITEM_DEFINED_TRANSFORMATION('','',#11,#219);
#9588 = PRODUCT_DEFINITION_SHAPE('Placement','Placement of an item',
  #9589);
#9589 = NEXT_ASSEMBLY_USAGE_OCCURRENCE('52','','',#5,#9476,$);
#9590 = PRODUCT_RELATED_PRODUCT_CATEGORY('part',$,(#9478));
#9591 = SHAPE_DEFINITION_REPRESENTATION(#9592,#9598);
#9592 = PRODUCT_DEFINITION_SHAPE('','',#9593);
#9593 = PRODUCT_DEFINITION('design','',#9594,#9597);
#9594 = PRODUCT_DEFINITION_FORMATION('','',#9595);
#9595 = PRODUCT('Open CASCADE STEP translator 7.9 1.53',
  'Open CASCADE STEP translator 7.9 1.53','',(#9596));
#9596 = PRODUCT_CONTEXT('',#2,'mechanical');
#9597 = PRODUCT_DEFINITION_CONTEXT('part definition',#2,'design');
#9598 = ADVANCED_BREP_SHAPE_REPRESENTATION('',(#11,#9599),#9697);
#9599 = MANIFOLD_SOLID_BREP('',#9600);
#9600 = CLOSED_SHELL('',(#9601,#9689,#9693));
#9601 = ADVANCED_FACE('',(#9602),#9615,.T.);
#9602 = FACE_BOUND('',#9603,.T.);
#9603 = EDGE_LOOP('',(#9604,#9638,#9661,#9688));
#9604 = ORIENTED_EDGE('',*,*,#9605,.F.);
#9605 = EDGE_CURVE('',#9606,#9606,#9608,.T.);
#9606 = VERTEX_POINT('',#9607);
#9607 = CARTESIAN_POINT('',(16.117686303379,23.460139703207,29.376));
#9608 = SURFACE_CURVE('',#9609,(#9614,#9626),.PCURVE_S1.);
#9609 = CIRCLE('',#9610,0.23);
#9610 = AXIS2_PLACEMENT_3D('',#9611,#9612,#9613);
#9611 = CARTESIAN_POINT('',(15.88899182329,23.435668602355,29.376));
#9612 = DIRECTION('',(-0.106039568472,0.990991951194,8.179585923021E-02)
  );
#9613 = DIRECTION('',(0.994323826473,0.106396090658,0.));
#9614 = PCURVE('',#9615,#9620);
#9615 = CYLINDRICAL_SURFACE('',#9616,0.23);
#9616 = AXIS2_PLACEMENT_3D('',#9617,#9618,#9619);
#9617 = CARTESIAN_POINT('',(20.966703405523,-24.01804495925,25.4592));
#9618 = DIRECTION('',(-0.106039568472,0.990991951194,8.179585923021E-02)
  );
#9619 = DIRECTION('',(0.994323826473,0.106396090658,0.));
#9620 = DEFINITIONAL_REPRESENTATION('',(#9621),#9625);
#9621 = LINE('',#9622,#9623);
#9622 = CARTESIAN_POINT('',(0.,47.885064560255));
#9623 = VECTOR('',#9624,1.);
#9624 = DIRECTION('',(1.,0.));
#9625 = ( GEOMETRIC_REPRESENTATION_CONTEXT(2)
PARAMETRIC_REPRESENTATION_CONTEXT() REPRESENTATION_CONTEXT('2D SPACE',''
  ) );
#9626 = PCURVE('',#9627,#9632);
#9627 = PLANE('',#9628);
#9628 = AXIS2_PLACEMENT_3D('',#9629,#9630,#9631);
#9629 = CARTESIAN_POINT('',(15.88899182329,23.435668602355,29.376));
#9630 = DIRECTION('',(-0.106039568472,0.990991951194,8.179585923021E-02)
  );
#9631 = DIRECTION('',(0.994323826473,0.106396090658,0.));
#9632 = DEFINITIONAL_REPRESENTATION('',(#9633),#9637);
#9633 = CIRCLE('',#9634,0.23);
#9634 = AXIS2_PLACEMENT_2D('',#9635,#9636);
#9635 = CARTESIAN_POINT('',(0.,0.));
#9636 = DIRECTION('',(1.,0.));
#9637 = ( GEOMETRIC_REPRESENTATION_CONTEXT(2)
PARAMETRIC_REPRESENTATION_CONTEXT() REPRESENTATION_CONTEXT('2D SPACE',''
  ) );
#9638 = ORIENTED_EDGE('',*,*,#9639,.F.);
#9639 = EDGE_CURVE('',#9640,#9606,#9642,.T.);
#9640 = VERTEX_POINT('',#9641);
#9641 = CARTESIAN_POINT('',(21.195397885612,-23.9935738584,25.4592));
#9642 = SEAM_CURVE('',#9643,(#9647,#9654),.PCURVE_S1.);
#9643 = LINE('',#9644,#9645);
#9644 = CARTESIAN_POINT('',(21.195397885612,-23.9935738584,25.4592));
#9645 = VECTOR('',#9646,1.);
#9646 = DIRECTION('',(-0.106039568472,0.990991951194,8.179585923021E-02)
  );
#9647 = PCURVE('',#9615,#9648);
#9648 = DEFINITIONAL_REPRESENTATION('',(#9649),#9653);
#9649 = LINE('',#9650,#9651);
#9650 = CARTESIAN_POINT('',(6.28318530718,-0.));
#9651 = VECTOR('',#9652,1.);
#9652 = DIRECTION('',(0.,1.));
#9653 = ( GEOMETRIC_REPRESENTATION_CONTEXT(2)
PARAMETRIC_REPRESENTATION_CONTEXT() REPRESENTATION_CONTEXT('2D SPACE',''
  ) );
#9654 = PCURVE('',#9615,#9655);
#9655 = DEFINITIONAL_REPRESENTATION('',(#9656),#9660);
#9656 = LINE('',#9657,#9658);
#9657 = CARTESIAN_POINT('',(0.,-0.));
#9658 = VECTOR('',#9659,1.);
#9659 = DIRECTION('',(0.,1.));
#9660 = ( GEOMETRIC_REPRESENTATION_CONTEXT(2)
PARAMETRIC_REPRESENTATION_CONTEXT() REPRESENTATION_CONTEXT('2D SPACE',''
  ) );
#9661 = ORIENTED_EDGE('',*,*,#9662,.T.);
#9662 = EDGE_CURVE('',#9640,#9640,#9663,.T.);
#9663 = SURFACE_CURVE('',#9664,(#9669,#9676),.PCURVE_S1.);
#9664 = CIRCLE('',#9665,0.23);
#9665 = AXIS2_PLACEMENT_3D('',#9666,#9667,#9668);
#9666 = CARTESIAN_POINT('',(20.966703405523,-24.01804495925,25.4592));
#9667 = DIRECTION('',(-0.106039568472,0.990991951194,8.179585923021E-02)
  );
#9668 = DIRECTION('',(0.994323826473,0.106396090658,0.));
#9669 = PCURVE('',#9615,#9670);
#9670 = DEFINITIONAL_REPRESENTATION('',(#9671),#9675);
#9671 = LINE('',#9672,#9673);
#9672 = CARTESIAN_POINT('',(0.,0.));
#9673 = VECTOR('',#9674,1.);
#9674 = DIRECTION('',(1.,0.));
#9675 = ( GEOMETRIC_REPRESENTATION_CONTEXT(2)
PARAMETRIC_REPRESENTATION_CONTEXT() REPRESENTATION_CONTEXT('2D SPACE',''
  ) );
#9676 = PCURVE('',#9677,#9682);
#9677 = PLANE('',#9678);
#9678 = AXIS2_PLACEMENT_3D('',#9679,#9680,#9681);
#9679 = CARTESIAN_POINT('',(20.966703405523,-24.01804495925,25.4592));
#9680 = DIRECTION('',(-0.106039568472,0.990991951194,8.179585923021E-02)
  );
#9681 = DIRECTION('',(0.994323826473,0.106396090658,0.));
#9682 = DEFINITIONAL_REPRESENTATION('',(#9683),#9687);
#9683 = CIRCLE('',#9684,0.23);
#9684 = AXIS2_PLACEMENT_2D('',#9685,#9686);
#9685 = CARTESIAN_POINT('',(0.,0.));
#9686 = DIRECTION('',(1.,0.));
#9687 = ( GEOMETRIC_REPRESENTATION_CONTEXT(2)
PARAMETRIC_REPRESENTATION_CONTEXT() REPRESENTATION_CONTEXT('2D SPACE',''
  ) );
#9688 = ORIENTED_EDGE('',*,*,#9639,.T.);
#9689 = ADVANCED_FACE('',(#9690),#9627,.T.);
#9690 = FACE_BOUND('',#9691,.T.);
#9691 = EDGE_LOOP('',(#9692));
#9692 = ORIENTED_EDGE('',*,*,#9605,.T.);
#9693 = ADVANCED_FACE('',(#9694),#9677,.F.);
#9694 = FACE_BOUND('',#9695,.T.);
#9695 = EDGE_LOOP('',(#9696));
#9696 = ORIENTED_EDGE('',*,*,#9662,.F.);
#9697 = ( GEOMETRIC_REPRESENTATION_CONTEXT(3)
GLOBAL_UNCERTAINTY_ASSIGNED_CONTEXT((#9701))
GLOBAL_UNIT_ASSIGNED_CONTEXT((#9698,#9699,#9700)) REPRESENTATION_CONTEXT
('Context #1','3D Context with UNIT and UNCERTAINTY') );
#9698 = ( LENGTH_UNIT() NAMED_UNIT(*) SI_UNIT(.MILLI.,.METRE.) );
#9699 = ( NAMED_UNIT(*) PLANE_ANGLE_UNIT() SI_UNIT($,.RADIAN.) );
#9700 = ( NAMED_UNIT(*) SI_UNIT($,.STERADIAN.) SOLID_ANGLE_UNIT() );
#9701 = UNCERTAINTY_MEASURE_WITH_UNIT(LENGTH_MEASURE(1.E-07),#9698,
  'distance_accuracy_value','confusion accuracy');
#9702 = CONTEXT_DEPENDENT_SHAPE_REPRESENTATION(#9703,#9705);
#9703 = ( REPRESENTATION_RELATIONSHIP('','',#9598,#10)
REPRESENTATION_RELATIONSHIP_WITH_TRANSFORMATION(#9704)
SHAPE_REPRESENTATION_RELATIONSHIP() );
#9704 = ITEM_DEFINED_TRANSFORMATION('','',#11,#223);
#9705 = PRODUCT_DEFINITION_SHAPE('Placement','Placement of an item',
  #9706);
#9706 = NEXT_ASSEMBLY_USAGE_OCCURRENCE('53','','',#5,#9593,$);
#9707 = PRODUCT_RELATED_PRODUCT_CATEGORY('part',$,(#9595));
#9708 = SHAPE_DEFINITION_REPRESENTATION(#9709,#9715);
#9709 = PRODUCT_DEFINITION_SHAPE('','',#9710);
#9710 = PRODUCT_DEFINITION('design','',#9711,#9714);
#9711 = PRODUCT_DEFINITION_FORMATION('','',#9712);
#9712 = PRODUCT('Open CASCADE STEP translator 7.9 1.54',
  'Open CASCADE STEP translator 7.9 1.54','',(#9713));
#9713 = PRODUCT_CONTEXT('',#2,'mechanical');
#9714 = PRODUCT_DEFINITION_CONTEXT('part definition',#2,'design');
#9715 = ADVANCED_BREP_SHAPE_REPRESENTATION('',(#11,#9716),#9814);
#9716 = MANIFOLD_SOLID_BREP('',#9717);
#9717 = CLOSED_SHELL('',(#9718,#9806,#9810));
#9718 = ADVANCED_FACE('',(#9719),#9732,.T.);
#9719 = FACE_BOUND('',#9720,.T.);
#9720 = EDGE_LOOP('',(#9721,#9755,#9778,#9805));
#9721 = ORIENTED_EDGE('',*,*,#9722,.F.);
#9722 = EDGE_CURVE('',#9723,#9723,#9725,.T.);
#9723 = VERTEX_POINT('',#9724);
#9724 = CARTESIAN_POINT('',(36.302826891761,-19.0894492556,
    1.793446511878));
#9725 = SURFACE_CURVE('',#9726,(#9731,#9743),.PCURVE_S1.);
#9726 = CIRCLE('',#9727,0.34);
#9727 = AXIS2_PLACEMENT_3D('',#9728,#9729,#9730);
#9728 = CARTESIAN_POINT('',(36.005521750943,-19.0894492556,1.9584));
#9729 = DIRECTION('',(0.484211616283,6.240782577006E-02,0.872722392253)
  );
#9730 = DIRECTION('',(0.874426884757,3.469446951954E-18,-0.485157318006)
  );
#9731 = PCURVE('',#9732,#9737);
#9732 = CYLINDRICAL_SURFACE('',#9733,0.34);
#9733 = AXIS2_PLACEMENT_3D('',#9734,#9735,#9736);
#9734 = CARTESIAN_POINT('',(18.620290658069,-21.33015236253,-29.376));
#9735 = DIRECTION('',(0.484211616283,6.240782577006E-02,0.872722392253)
  );
#9736 = DIRECTION('',(0.874426884757,3.469446951954E-18,-0.485157318006)
  );
#9737 = DEFINITIONAL_REPRESENTATION('',(#9738),#9742);
#9738 = LINE('',#9739,#9740);
#9739 = CARTESIAN_POINT('',(0.,35.904200783837));
#9740 = VECTOR('',#9741,1.);
#9741 = DIRECTION('',(1.,0.));
#9742 = ( GEOMETRIC_REPRESENTATION_CONTEXT(2)
PARAMETRIC_REPRESENTATION_CONTEXT() REPRESENTATION_CONTEXT('2D SPACE',''
  ) );
#9743 = PCURVE('',#9744,#9749);
#9744 = PLANE('',#9745);
#9745 = AXIS2_PLACEMENT_3D('',#9746,#9747,#9748);
#9746 = CARTESIAN_POINT('',(36.005521750943,-19.0894492556,1.9584));
#9747 = DIRECTION('',(0.484211616283,6.240782577006E-02,0.872722392253)
  );
#9748 = DIRECTION('',(0.874426884757,3.469446951954E-18,-0.485157318006)
  );
#9749 = DEFINITIONAL_REPRESENTATION('',(#9750),#9754);
#9750 = CIRCLE('',#9751,0.34);
#9751 = AXIS2_PLACEMENT_2D('',#9752,#9753);
#9752 = CARTESIAN_POINT('',(0.,0.));
#9753 = DIRECTION('',(1.,0.));
#9754 = ( GEOMETRIC_REPRESENTATION_CONTEXT(2)
PARAMETRIC_REPRESENTATION_CONTEXT() REPRESENTATION_CONTEXT('2D SPACE',''
  ) );
#9755 = ORIENTED_EDGE('',*,*,#9756,.F.);
#9756 = EDGE_CURVE('',#9757,#9723,#9759,.T.);
#9757 = VERTEX_POINT('',#9758);
#9758 = CARTESIAN_POINT('',(18.917595798886,-21.33015236253,
    -29.54095348812));
#9759 = SEAM_CURVE('',#9760,(#9764,#9771),.PCURVE_S1.);
#9760 = LINE('',#9761,#9762);
#9761 = CARTESIAN_POINT('',(18.917595798886,-21.33015236253,
    -29.54095348812));
#9762 = VECTOR('',#9763,1.);
#9763 = DIRECTION('',(0.484211616283,6.240782577006E-02,0.872722392253)
  );
#9764 = PCURVE('',#9732,#9765);
#9765 = DEFINITIONAL_REPRESENTATION('',(#9766),#9770);
#9766 = LINE('',#9767,#9768);
#9767 = CARTESIAN_POINT('',(6.28318530718,-0.));
#9768 = VECTOR('',#9769,1.);
#9769 = DIRECTION('',(0.,1.));
#9770 = ( GEOMETRIC_REPRESENTATION_CONTEXT(2)
PARAMETRIC_REPRESENTATION_CONTEXT() REPRESENTATION_CONTEXT('2D SPACE',''
  ) );
#9771 = PCURVE('',#9732,#9772);
#9772 = DEFINITIONAL_REPRESENTATION('',(#9773),#9777);
#9773 = LINE('',#9774,#9775);
#9774 = CARTESIAN_POINT('',(0.,-0.));
#9775 = VECTOR('',#9776,1.);
#9776 = DIRECTION('',(0.,1.));
#9777 = ( GEOMETRIC_REPRESENTATION_CONTEXT(2)
PARAMETRIC_REPRESENTATION_CONTEXT() REPRESENTATION_CONTEXT('2D SPACE',''
  ) );
#9778 = ORIENTED_EDGE('',*,*,#9779,.T.);
#9779 = EDGE_CURVE('',#9757,#9757,#9780,.T.);
#9780 = SURFACE_CURVE('',#9781,(#9786,#9793),.PCURVE_S1.);
#9781 = CIRCLE('',#9782,0.34);
#9782 = AXIS2_PLACEMENT_3D('',#9783,#9784,#9785);
#9783 = CARTESIAN_POINT('',(18.620290658069,-21.33015236253,-29.376));
#9784 = DIRECTION('',(0.484211616283,6.240782577006E-02,0.872722392253)
  );
#9785 = DIRECTION('',(0.874426884757,3.469446951954E-18,-0.485157318006)
  );
#9786 = PCURVE('',#9732,#9787);
#9787 = DEFINITIONAL_REPRESENTATION('',(#9788),#9792);
#9788 = LINE('',#9789,#9790);
#9789 = CARTESIAN_POINT('',(0.,0.));
#9790 = VECTOR('',#9791,1.);
#9791 = DIRECTION('',(1.,0.));
#9792 = ( GEOMETRIC_REPRESENTATION_CONTEXT(2)
PARAMETRIC_REPRESENTATION_CONTEXT() REPRESENTATION_CONTEXT('2D SPACE',''
  ) );
#9793 = PCURVE('',#9794,#9799);
#9794 = PLANE('',#9795);
#9795 = AXIS2_PLACEMENT_3D('',#9796,#9797,#9798);
#9796 = CARTESIAN_POINT('',(18.620290658069,-21.33015236253,-29.376));
#9797 = DIRECTION('',(0.484211616283,6.240782577006E-02,0.872722392253)
  );
#9798 = DIRECTION('',(0.874426884757,3.469446951954E-18,-0.485157318006)
  );
#9799 = DEFINITIONAL_REPRESENTATION('',(#9800),#9804);
#9800 = CIRCLE('',#9801,0.34);
#9801 = AXIS2_PLACEMENT_2D('',#9802,#9803);
#9802 = CARTESIAN_POINT('',(0.,0.));
#9803 = DIRECTION('',(1.,0.));
#9804 = ( GEOMETRIC_REPRESENTATION_CONTEXT(2)
PARAMETRIC_REPRESENTATION_CONTEXT() REPRESENTATION_CONTEXT('2D SPACE',''
  ) );
#9805 = ORIENTED_EDGE('',*,*,#9756,.T.);
#9806 = ADVANCED_FACE('',(#9807),#9744,.T.);
#9807 = FACE_BOUND('',#9808,.T.);
#9808 = EDGE_LOOP('',(#9809));
#9809 = ORIENTED_EDGE('',*,*,#9722,.T.);
#9810 = ADVANCED_FACE('',(#9811),#9794,.F.);
#9811 = FACE_BOUND('',#9812,.T.);
#9812 = EDGE_LOOP('',(#9813));
#9813 = ORIENTED_EDGE('',*,*,#9779,.F.);
#9814 = ( GEOMETRIC_REPRESENTATION_CONTEXT(3)
GLOBAL_UNCERTAINTY_ASSIGNED_CONTEXT((#9818))
GLOBAL_UNIT_ASSIGNED_CONTEXT((#9815,#9816,#9817)) REPRESENTATION_CONTEXT
('Context #1','3D Context with UNIT and UNCERTAINTY') );
#9815 = ( LENGTH_UNIT() NAMED_UNIT(*) SI_UNIT(.MILLI.,.METRE.) );
#9816 = ( NAMED_UNIT(*) PLANE_ANGLE_UNIT() SI_UNIT($,.RADIAN.) );
#9817 = ( NAMED_UNIT(*) SI_UNIT($,.STERADIAN.) SOLID_ANGLE_UNIT() );
#9818 = UNCERTAINTY_MEASURE_WITH_UNIT(LENGTH_MEASURE(1.E-07),#9815,
  'distance_accuracy_value','confusion accuracy');
#9819 = CONTEXT_DEPENDENT_SHAPE_REPRESENTATION(#9820,#9822);
#9820 = ( REPRESENTATION_RELATIONSHIP('','',#9715,#10)
REPRESENTATION_RELATIONSHIP_WITH_TRANSFORMATION(#9821)
SHAPE_REPRESENTATION_RELATIONSHIP() );
#9821 = ITEM_DEFINED_TRANSFORMATION('','',#11,#227);
#9822 = PRODUCT_DEFINITION_SHAPE('Placement','Placement of an item',
  #9823);
#9823 = NEXT_ASSEMBLY_USAGE_OCCURRENCE('54','','',#5,#9710,$);
#9824 = PRODUCT_RELATED_PRODUCT_CATEGORY('part',$,(#9712));
#9825 = SHAPE_DEFINITION_REPRESENTATION(#9826,#9832);
#9826 = PRODUCT_DEFINITION_SHAPE('','',#9827);
#9827 = PRODUCT_DEFINITION('design','',#9828,#9831);
#9828 = PRODUCT_DEFINITION_FORMATION('','',#9829);
#9829 = PRODUCT('Open CASCADE STEP translator 7.9 1.55',
  'Open CASCADE STEP translator 7.9 1.55','',(#9830));
#9830 = PRODUCT_CONTEXT('',#2,'mechanical');
#9831 = PRODUCT_DEFINITION_CONTEXT('part definition',#2,'design');
#9832 = ADVANCED_BREP_SHAPE_REPRESENTATION('',(#11,#9833),#9931);
#9833 = MANIFOLD_SOLID_BREP('',#9834);
#9834 = CLOSED_SHELL('',(#9835,#9923,#9927));
#9835 = ADVANCED_FACE('',(#9836),#9849,.T.);
#9836 = FACE_BOUND('',#9837,.T.);
#9837 = EDGE_LOOP('',(#9838,#9872,#9895,#9922));
#9838 = ORIENTED_EDGE('',*,*,#9839,.F.);
#9839 = EDGE_CURVE('',#9840,#9840,#9842,.T.);
#9840 = VERTEX_POINT('',#9841);
#9841 = CARTESIAN_POINT('',(28.603483423261,-25.89328692633,
    13.459384472919));
#9842 = SURFACE_CURVE('',#9843,(#9848,#9860),.PCURVE_S1.);
#9843 = CIRCLE('',#9844,0.34);
#9844 = AXIS2_PLACEMENT_3D('',#9845,#9846,#9847);
#9845 = CARTESIAN_POINT('',(28.603483423261,-25.66222006404,13.7088));
#9846 = DIRECTION('',(-7.221127760592E-02,-0.731659977712,0.677834204213
    ));
#9847 = DIRECTION('',(0.,-0.679608418516,-0.733575079649));
#9848 = PCURVE('',#9849,#9854);
#9849 = CYLINDRICAL_SURFACE('',#9850,0.34);
#9850 = AXIS2_PLACEMENT_3D('',#9851,#9852,#9853);
#9851 = CARTESIAN_POINT('',(32.3588769595,12.388223607925,-21.5424));
#9852 = DIRECTION('',(-7.221127760592E-02,-0.731659977712,0.677834204213
    ));
#9853 = DIRECTION('',(0.,-0.679608418516,-0.733575079649));
#9854 = DEFINITIONAL_REPRESENTATION('',(#9855),#9859);
#9855 = LINE('',#9856,#9857);
#9856 = CARTESIAN_POINT('',(0.,52.005637633678));
#9857 = VECTOR('',#9858,1.);
#9858 = DIRECTION('',(1.,0.));
#9859 = ( GEOMETRIC_REPRESENTATION_CONTEXT(2)
PARAMETRIC_REPRESENTATION_CONTEXT() REPRESENTATION_CONTEXT('2D SPACE',''
  ) );
#9860 = PCURVE('',#9861,#9866);
#9861 = PLANE('',#9862);
#9862 = AXIS2_PLACEMENT_3D('',#9863,#9864,#9865);
#9863 = CARTESIAN_POINT('',(28.603483423261,-25.66222006404,13.7088));
#9864 = DIRECTION('',(-7.221127760592E-02,-0.731659977712,0.677834204213
    ));
#9865 = DIRECTION('',(0.,-0.679608418516,-0.733575079649));
#9866 = DEFINITIONAL_REPRESENTATION('',(#9867),#9871);
#9867 = CIRCLE('',#9868,0.34);
#9868 = AXIS2_PLACEMENT_2D('',#9869,#9870);
#9869 = CARTESIAN_POINT('',(0.,0.));
#9870 = DIRECTION('',(1.,0.));
#9871 = ( GEOMETRIC_REPRESENTATION_CONTEXT(2)
PARAMETRIC_REPRESENTATION_CONTEXT() REPRESENTATION_CONTEXT('2D SPACE',''
  ) );
#9872 = ORIENTED_EDGE('',*,*,#9873,.F.);
#9873 = EDGE_CURVE('',#9874,#9840,#9876,.T.);
#9874 = VERTEX_POINT('',#9875);
#9875 = CARTESIAN_POINT('',(32.3588769595,12.15715674563,-21.79181552708
    ));
#9876 = SEAM_CURVE('',#9877,(#9881,#9888),.PCURVE_S1.);
#9877 = LINE('',#9878,#9879);
#9878 = CARTESIAN_POINT('',(32.3588769595,12.15715674563,-21.79181552708
    ));
#9879 = VECTOR('',#9880,1.);
#9880 = DIRECTION('',(-7.221127760592E-02,-0.731659977712,0.677834204213
    ));
#9881 = PCURVE('',#9849,#9882);
#9882 = DEFINITIONAL_REPRESENTATION('',(#9883),#9887);
#9883 = LINE('',#9884,#9885);
#9884 = CARTESIAN_POINT('',(6.28318530718,-0.));
#9885 = VECTOR('',#9886,1.);
#9886 = DIRECTION('',(0.,1.));
#9887 = ( GEOMETRIC_REPRESENTATION_CONTEXT(2)
PARAMETRIC_REPRESENTATION_CONTEXT() REPRESENTATION_CONTEXT('2D SPACE',''
  ) );
#9888 = PCURVE('',#9849,#9889);
#9889 = DEFINITIONAL_REPRESENTATION('',(#9890),#9894);
#9890 = LINE('',#9891,#9892);
#9891 = CARTESIAN_POINT('',(0.,-0.));
#9892 = VECTOR('',#9893,1.);
#9893 = DIRECTION('',(0.,1.));
#9894 = ( GEOMETRIC_REPRESENTATION_CONTEXT(2)
PARAMETRIC_REPRESENTATION_CONTEXT() REPRESENTATION_CONTEXT('2D SPACE',''
  ) );
#9895 = ORIENTED_EDGE('',*,*,#9896,.T.);
#9896 = EDGE_CURVE('',#9874,#9874,#9897,.T.);
#9897 = SURFACE_CURVE('',#9898,(#9903,#9910),.PCURVE_S1.);
#9898 = CIRCLE('',#9899,0.34);
#9899 = AXIS2_PLACEMENT_3D('',#9900,#9901,#9902);
#9900 = CARTESIAN_POINT('',(32.3588769595,12.388223607925,-21.5424));
#9901 = DIRECTION('',(-7.221127760592E-02,-0.731659977712,0.677834204213
    ));
#9902 = DIRECTION('',(0.,-0.679608418516,-0.733575079649));
#9903 = PCURVE('',#9849,#9904);
#9904 = DEFINITIONAL_REPRESENTATION('',(#9905),#9909);
#9905 = LINE('',#9906,#9907);
#9906 = CARTESIAN_POINT('',(0.,0.));
#9907 = VECTOR('',#9908,1.);
#9908 = DIRECTION('',(1.,0.));
#9909 = ( GEOMETRIC_REPRESENTATION_CONTEXT(2)
PARAMETRIC_REPRESENTATION_CONTEXT() REPRESENTATION_CONTEXT('2D SPACE',''
  ) );
#9910 = PCURVE('',#9911,#9916);
#9911 = PLANE('',#9912);
#9912 = AXIS2_PLACEMENT_3D('',#9913,#9914,#9915);
#9913 = CARTESIAN_POINT('',(32.3588769595,12.388223607925,-21.5424));
#9914 = DIRECTION('',(-7.221127760592E-02,-0.731659977712,0.677834204213
    ));
#9915 = DIRECTION('',(0.,-0.679608418516,-0.733575079649));
#9916 = DEFINITIONAL_REPRESENTATION('',(#9917),#9921);
#9917 = CIRCLE('',#9918,0.34);
#9918 = AXIS2_PLACEMENT_2D('',#9919,#9920);
#9919 = CARTESIAN_POINT('',(0.,0.));
#9920 = DIRECTION('',(1.,0.));
#9921 = ( GEOMETRIC_REPRESENTATION_CONTEXT(2)
PARAMETRIC_REPRESENTATION_CONTEXT() REPRESENTATION_CONTEXT('2D SPACE',''
  ) );
#9922 = ORIENTED_EDGE('',*,*,#9873,.T.);
#9923 = ADVANCED_FACE('',(#9924),#9861,.T.);
#9924 = FACE_BOUND('',#9925,.T.);
#9925 = EDGE_LOOP('',(#9926));
#9926 = ORIENTED_EDGE('',*,*,#9839,.T.);
#9927 = ADVANCED_FACE('',(#9928),#9911,.F.);
#9928 = FACE_BOUND('',#9929,.T.);
#9929 = EDGE_LOOP('',(#9930));
#9930 = ORIENTED_EDGE('',*,*,#9896,.F.);
#9931 = ( GEOMETRIC_REPRESENTATION_CONTEXT(3)
GLOBAL_UNCERTAINTY_ASSIGNED_CONTEXT((#9935))
GLOBAL_UNIT_ASSIGNED_CONTEXT((#9932,#9933,#9934)) REPRESENTATION_CONTEXT
('Context #1','3D Context with UNIT and UNCERTAINTY') );
#9932 = ( LENGTH_UNIT() NAMED_UNIT(*) SI_UNIT(.MILLI.,.METRE.) );
#9933 = ( NAMED_UNIT(*) PLANE_ANGLE_UNIT() SI_UNIT($,.RADIAN.) );
#9934 = ( NAMED_UNIT(*) SI_UNIT($,.STERADIAN.) SOLID_ANGLE_UNIT() );
#9935 = UNCERTAINTY_MEASURE_WITH_UNIT(LENGTH_MEASURE(1.E-07),#9932,
  'distance_accuracy_value','confusion accuracy');
#9936 = CONTEXT_DEPENDENT_SHAPE_REPRESENTATION(#9937,#9939);
#9937 = ( REPRESENTATION_RELATIONSHIP('','',#9832,#10)
REPRESENTATION_RELATIONSHIP_WITH_TRANSFORMATION(#9938)
SHAPE_REPRESENTATION_RELATIONSHIP() );
#9938 = ITEM_DEFINED_TRANSFORMATION('','',#11,#231);
#9939 = PRODUCT_DEFINITION_SHAPE('Placement','Placement of an item',
  #9940);
#9940 = NEXT_ASSEMBLY_USAGE_OCCURRENCE('55','','',#5,#9827,$);
#9941 = PRODUCT_RELATED_PRODUCT_CATEGORY('part',$,(#9829));
#9942 = SHAPE_DEFINITION_REPRESENTATION(#9943,#9949);
#9943 = PRODUCT_DEFINITION_SHAPE('','',#9944);
#9944 = PRODUCT_DEFINITION('design','',#9945,#9948);
#9945 = PRODUCT_DEFINITION_FORMATION('','',#9946);
#9946 = PRODUCT('Open CASCADE STEP translator 7.9 1.56',
  'Open CASCADE STEP translator 7.9 1.56','',(#9947));
#9947 = PRODUCT_CONTEXT('',#2,'mechanical');
#9948 = PRODUCT_DEFINITION_CONTEXT('part definition',#2,'design');
#9949 = ADVANCED_BREP_SHAPE_REPRESENTATION('',(#11,#9950),#10048);
#9950 = MANIFOLD_SOLID_BREP('',#9951);
#9951 = CLOSED_SHELL('',(#9952,#10040,#10044));
#9952 = ADVANCED_FACE('',(#9953),#9966,.T.);
#9953 = FACE_BOUND('',#9954,.T.);
#9954 = EDGE_LOOP('',(#9955,#9989,#10012,#10039));
#9955 = ORIENTED_EDGE('',*,*,#9956,.F.);
#9956 = EDGE_CURVE('',#9957,#9957,#9959,.T.);
#9957 = VERTEX_POINT('',#9958);
#9958 = CARTESIAN_POINT('',(20.966703405523,-24.24987750897,
    25.210496021561));
#9959 = SURFACE_CURVE('',#9960,(#9965,#9977),.PCURVE_S1.);
#9960 = CIRCLE('',#9961,0.34);
#9961 = AXIS2_PLACEMENT_3D('',#9962,#9963,#9964);
#9962 = CARTESIAN_POINT('',(20.966703405523,-24.01804495925,25.4592));
#9963 = DIRECTION('',(-0.220482200848,-0.713481240448,0.665080535453));
#9964 = DIRECTION('',(-1.387778780781E-17,-0.681860440348,
    -0.731482289525));
#9965 = PCURVE('',#9966,#9971);
#9966 = CYLINDRICAL_SURFACE('',#9967,0.34);
#9967 = AXIS2_PLACEMENT_3D('',#9968,#9969,#9970);
#9968 = CARTESIAN_POINT('',(33.951366739439,18.000374970653,-13.7088));
#9969 = DIRECTION('',(-0.220482200848,-0.713481240448,0.665080535453));
#9970 = DIRECTION('',(-1.387778780781E-17,-0.681860440348,
    -0.731482289525));
#9971 = DEFINITIONAL_REPRESENTATION('',(#9972),#9976);
#9972 = LINE('',#9973,#9974);
#9973 = CARTESIAN_POINT('',(0.,58.892115934999));
#9974 = VECTOR('',#9975,1.);
#9975 = DIRECTION('',(1.,0.));
#9976 = ( GEOMETRIC_REPRESENTATION_CONTEXT(2)
PARAMETRIC_REPRESENTATION_CONTEXT() REPRESENTATION_CONTEXT('2D SPACE',''
  ) );
#9977 = PCURVE('',#9978,#9983);
#9978 = PLANE('',#9979);
#9979 = AXIS2_PLACEMENT_3D('',#9980,#9981,#9982);
#9980 = CARTESIAN_POINT('',(20.966703405523,-24.01804495925,25.4592));
#9981 = DIRECTION('',(-0.220482200848,-0.713481240448,0.665080535453));
#9982 = DIRECTION('',(-1.387778780781E-17,-0.681860440348,
    -0.731482289525));
#9983 = DEFINITIONAL_REPRESENTATION('',(#9984),#9988);
#9984 = CIRCLE('',#9985,0.34);
#9985 = AXIS2_PLACEMENT_2D('',#9986,#9987);
#9986 = CARTESIAN_POINT('',(0.,0.));
#9987 = DIRECTION('',(1.,0.));
#9988 = ( GEOMETRIC_REPRESENTATION_CONTEXT(2)
PARAMETRIC_REPRESENTATION_CONTEXT() REPRESENTATION_CONTEXT('2D SPACE',''
  ) );
#9989 = ORIENTED_EDGE('',*,*,#9990,.F.);
#9990 = EDGE_CURVE('',#9991,#9957,#9993,.T.);
#9991 = VERTEX_POINT('',#9992);
#9992 = CARTESIAN_POINT('',(33.951366739439,17.768542420935,
    -13.95750397843));
#9993 = SEAM_CURVE('',#9994,(#9998,#10005),.PCURVE_S1.);
#9994 = LINE('',#9995,#9996);
#9995 = CARTESIAN_POINT('',(33.951366739439,17.768542420935,
    -13.95750397843));
#9996 = VECTOR('',#9997,1.);
#9997 = DIRECTION('',(-0.220482200848,-0.713481240448,0.665080535453));
#9998 = PCURVE('',#9966,#9999);
#9999 = DEFINITIONAL_REPRESENTATION('',(#10000),#10004);
#10000 = LINE('',#10001,#10002);
#10001 = CARTESIAN_POINT('',(6.28318530718,-0.));
#10002 = VECTOR('',#10003,1.);
#10003 = DIRECTION('',(0.,1.));
#10004 = ( GEOMETRIC_REPRESENTATION_CONTEXT(2)
PARAMETRIC_REPRESENTATION_CONTEXT() REPRESENTATION_CONTEXT('2D SPACE',''
  ) );
#10005 = PCURVE('',#9966,#10006);
#10006 = DEFINITIONAL_REPRESENTATION('',(#10007),#10011);
#10007 = LINE('',#10008,#10009);
#10008 = CARTESIAN_POINT('',(0.,-0.));
#10009 = VECTOR('',#10010,1.);
#10010 = DIRECTION('',(0.,1.));
#10011 = ( GEOMETRIC_REPRESENTATION_CONTEXT(2)
PARAMETRIC_REPRESENTATION_CONTEXT() REPRESENTATION_CONTEXT('2D SPACE',''
  ) );
#10012 = ORIENTED_EDGE('',*,*,#10013,.T.);
#10013 = EDGE_CURVE('',#9991,#9991,#10014,.T.);
#10014 = SURFACE_CURVE('',#10015,(#10020,#10027),.PCURVE_S1.);
#10015 = CIRCLE('',#10016,0.34);
#10016 = AXIS2_PLACEMENT_3D('',#10017,#10018,#10019);
#10017 = CARTESIAN_POINT('',(33.951366739439,18.000374970653,-13.7088));
#10018 = DIRECTION('',(-0.220482200848,-0.713481240448,0.665080535453));
#10019 = DIRECTION('',(-1.387778780781E-17,-0.681860440348,
    -0.731482289525));
#10020 = PCURVE('',#9966,#10021);
#10021 = DEFINITIONAL_REPRESENTATION('',(#10022),#10026);
#10022 = LINE('',#10023,#10024);
#10023 = CARTESIAN_POINT('',(0.,0.));
#10024 = VECTOR('',#10025,1.);
#10025 = DIRECTION('',(1.,0.));
#10026 = ( GEOMETRIC_REPRESENTATION_CONTEXT(2)
PARAMETRIC_REPRESENTATION_CONTEXT() REPRESENTATION_CONTEXT('2D SPACE',''
  ) );
#10027 = PCURVE('',#10028,#10033);
#10028 = PLANE('',#10029);
#10029 = AXIS2_PLACEMENT_3D('',#10030,#10031,#10032);
#10030 = CARTESIAN_POINT('',(33.951366739439,18.000374970653,-13.7088));
#10031 = DIRECTION('',(-0.220482200848,-0.713481240448,0.665080535453));
#10032 = DIRECTION('',(-1.387778780781E-17,-0.681860440348,
    -0.731482289525));
#10033 = DEFINITIONAL_REPRESENTATION('',(#10034),#10038);
#10034 = CIRCLE('',#10035,0.34);
#10035 = AXIS2_PLACEMENT_2D('',#10036,#10037);
#10036 = CARTESIAN_POINT('',(0.,0.));
#10037 = DIRECTION('',(1.,0.));
#10038 = ( GEOMETRIC_REPRESENTATION_CONTEXT(2)
PARAMETRIC_REPRESENTATION_CONTEXT() REPRESENTATION_CONTEXT('2D SPACE',''
  ) );
#10039 = ORIENTED_EDGE('',*,*,#9990,.T.);
#10040 = ADVANCED_FACE('',(#10041),#9978,.T.);
#10041 = FACE_BOUND('',#10042,.T.);
#10042 = EDGE_LOOP('',(#10043));
#10043 = ORIENTED_EDGE('',*,*,#9956,.T.);
#10044 = ADVANCED_FACE('',(#10045),#10028,.F.);
#10045 = FACE_BOUND('',#10046,.T.);
#10046 = EDGE_LOOP('',(#10047));
#10047 = ORIENTED_EDGE('',*,*,#10013,.F.);
#10048 = ( GEOMETRIC_REPRESENTATION_CONTEXT(3)
GLOBAL_UNCERTAINTY_ASSIGNED_CONTEXT((#10052))
GLOBAL_UNIT_ASSIGNED_CONTEXT((#10049,#10050,#10051))
REPRESENTATION_CONTEXT('Context #1',
  '3D Context with UNIT and UNCERTAINTY') );
#10049 = ( LENGTH_UNIT() NAMED_UNIT(*) SI_UNIT(.MILLI.,.METRE.) );
#10050 = ( NAMED_UNIT(*) PLANE_ANGLE_UNIT() SI_UNIT($,.RADIAN.) );
#10051 = ( NAMED_UNIT(*) SI_UNIT($,.STERADIAN.) SOLID_ANGLE_UNIT() );
#10052 = UNCERTAINTY_MEASURE_WITH_UNIT(LENGTH_MEASURE(1.E-07),#10049,
  'distance_accuracy_value','confusion accuracy');
#10053 = CONTEXT_DEPENDENT_SHAPE_REPRESENTATION(#10054,#10056);
#10054 = ( REPRESENTATION_RELATIONSHIP('','',#9949,#10)
REPRESENTATION_RELATIONSHIP_WITH_TRANSFORMATION(#10055)
SHAPE_REPRESENTATION_RELATIONSHIP() );
#10055 = ITEM_DEFINED_TRANSFORMATION('','',#11,#235);
#10056 = PRODUCT_DEFINITION_SHAPE('Placement','Placement of an item',
  #10057);
#10057 = NEXT_ASSEMBLY_USAGE_OCCURRENCE('56','','',#5,#9944,$);
#10058 = PRODUCT_RELATED_PRODUCT_CATEGORY('part',$,(#9946));
#10059 = SHAPE_DEFINITION_REPRESENTATION(#10060,#10066);
#10060 = PRODUCT_DEFINITION_SHAPE('','',#10061);
#10061 = PRODUCT_DEFINITION('design','',#10062,#10065);
#10062 = PRODUCT_DEFINITION_FORMATION('','',#10063);
#10063 = PRODUCT('Open CASCADE STEP translator 7.9 1.57',
  'Open CASCADE STEP translator 7.9 1.57','',(#10064));
#10064 = PRODUCT_CONTEXT('',#2,'mechanical');
#10065 = PRODUCT_DEFINITION_CONTEXT('part definition',#2,'design');
#10066 = ADVANCED_BREP_SHAPE_REPRESENTATION('',(#11,#10067),#10165);
#10067 = MANIFOLD_SOLID_BREP('',#10068);
#10068 = CLOSED_SHELL('',(#10069,#10157,#10161));
#10069 = ADVANCED_FACE('',(#10070),#10083,.T.);
#10070 = FACE_BOUND('',#10071,.T.);
#10071 = EDGE_LOOP('',(#10072,#10106,#10129,#10156));
#10072 = ORIENTED_EDGE('',*,*,#10073,.F.);
#10073 = EDGE_CURVE('',#10074,#10074,#10076,.T.);
#10074 = VERTEX_POINT('',#10075);
#10075 = CARTESIAN_POINT('',(15.88899182329,23.218147117364,
    29.637312846158));
#10076 = SURFACE_CURVE('',#10077,(#10082,#10094),.PCURVE_S1.);
#10077 = CIRCLE('',#10078,0.34);
#10078 = AXIS2_PLACEMENT_3D('',#10079,#10080,#10081);
#10079 = CARTESIAN_POINT('',(15.88899182329,23.435668602355,29.376));
#10080 = DIRECTION('',(-0.337909265339,0.723359066144,0.602137019145));
#10081 = DIRECTION('',(0.,-0.639769073505,0.768567194581));
#10082 = PCURVE('',#10083,#10088);
#10083 = CYLINDRICAL_SURFACE('',#10084,0.34);
#10084 = AXIS2_PLACEMENT_3D('',#10085,#10086,#10087);
#10085 = CARTESIAN_POINT('',(35.671378083519,-18.9122925787,-5.8752));
#10086 = DIRECTION('',(-0.337909265339,0.723359066144,0.602137019145));
#10087 = DIRECTION('',(0.,-0.639769073505,0.768567194581));
#10088 = DEFINITIONAL_REPRESENTATION('',(#10089),#10093);
#10089 = LINE('',#10090,#10091);
#10090 = CARTESIAN_POINT('',(0.,58.543485750182));
#10091 = VECTOR('',#10092,1.);
#10092 = DIRECTION('',(1.,0.));
#10093 = ( GEOMETRIC_REPRESENTATION_CONTEXT(2)
PARAMETRIC_REPRESENTATION_CONTEXT() REPRESENTATION_CONTEXT('2D SPACE',''
  ) );
#10094 = PCURVE('',#10095,#10100);
#10095 = PLANE('',#10096);
#10096 = AXIS2_PLACEMENT_3D('',#10097,#10098,#10099);
#10097 = CARTESIAN_POINT('',(15.88899182329,23.435668602355,29.376));
#10098 = DIRECTION('',(-0.337909265339,0.723359066144,0.602137019145));
#10099 = DIRECTION('',(0.,-0.639769073505,0.768567194581));
#10100 = DEFINITIONAL_REPRESENTATION('',(#10101),#10105);
#10101 = CIRCLE('',#10102,0.34);
#10102 = AXIS2_PLACEMENT_2D('',#10103,#10104);
#10103 = CARTESIAN_POINT('',(0.,0.));
#10104 = DIRECTION('',(1.,0.));
#10105 = ( GEOMETRIC_REPRESENTATION_CONTEXT(2)
PARAMETRIC_REPRESENTATION_CONTEXT() REPRESENTATION_CONTEXT('2D SPACE',''
  ) );
#10106 = ORIENTED_EDGE('',*,*,#10107,.F.);
#10107 = EDGE_CURVE('',#10108,#10074,#10110,.T.);
#10108 = VERTEX_POINT('',#10109);
#10109 = CARTESIAN_POINT('',(35.671378083519,-19.12981406369,
    -5.613887153842));
#10110 = SEAM_CURVE('',#10111,(#10115,#10122),.PCURVE_S1.);
#10111 = LINE('',#10112,#10113);
#10112 = CARTESIAN_POINT('',(35.671378083519,-19.12981406369,
    -5.613887153842));
#10113 = VECTOR('',#10114,1.);
#10114 = DIRECTION('',(-0.337909265339,0.723359066144,0.602137019145));
#10115 = PCURVE('',#10083,#10116);
#10116 = DEFINITIONAL_REPRESENTATION('',(#10117),#10121);
#10117 = LINE('',#10118,#10119);
#10118 = CARTESIAN_POINT('',(6.28318530718,-0.));
#10119 = VECTOR('',#10120,1.);
#10120 = DIRECTION('',(0.,1.));
#10121 = ( GEOMETRIC_REPRESENTATION_CONTEXT(2)
PARAMETRIC_REPRESENTATION_CONTEXT() REPRESENTATION_CONTEXT('2D SPACE',''
  ) );
#10122 = PCURVE('',#10083,#10123);
#10123 = DEFINITIONAL_REPRESENTATION('',(#10124),#10128);
#10124 = LINE('',#10125,#10126);
#10125 = CARTESIAN_POINT('',(0.,-0.));
#10126 = VECTOR('',#10127,1.);
#10127 = DIRECTION('',(0.,1.));
#10128 = ( GEOMETRIC_REPRESENTATION_CONTEXT(2)
PARAMETRIC_REPRESENTATION_CONTEXT() REPRESENTATION_CONTEXT('2D SPACE',''
  ) );
#10129 = ORIENTED_EDGE('',*,*,#10130,.T.);
#10130 = EDGE_CURVE('',#10108,#10108,#10131,.T.);
#10131 = SURFACE_CURVE('',#10132,(#10137,#10144),.PCURVE_S1.);
#10132 = CIRCLE('',#10133,0.34);
#10133 = AXIS2_PLACEMENT_3D('',#10134,#10135,#10136);
#10134 = CARTESIAN_POINT('',(35.671378083519,-18.9122925787,-5.8752));
#10135 = DIRECTION('',(-0.337909265339,0.723359066144,0.602137019145));
#10136 = DIRECTION('',(0.,-0.639769073505,0.768567194581));
#10137 = PCURVE('',#10083,#10138);
#10138 = DEFINITIONAL_REPRESENTATION('',(#10139),#10143);
#10139 = LINE('',#10140,#10141);
#10140 = CARTESIAN_POINT('',(0.,0.));
#10141 = VECTOR('',#10142,1.);
#10142 = DIRECTION('',(1.,0.));
#10143 = ( GEOMETRIC_REPRESENTATION_CONTEXT(2)
PARAMETRIC_REPRESENTATION_CONTEXT() REPRESENTATION_CONTEXT('2D SPACE',''
  ) );
#10144 = PCURVE('',#10145,#10150);
#10145 = PLANE('',#10146);
#10146 = AXIS2_PLACEMENT_3D('',#10147,#10148,#10149);
#10147 = CARTESIAN_POINT('',(35.671378083519,-18.9122925787,-5.8752));
#10148 = DIRECTION('',(-0.337909265339,0.723359066144,0.602137019145));
#10149 = DIRECTION('',(0.,-0.639769073505,0.768567194581));
#10150 = DEFINITIONAL_REPRESENTATION('',(#10151),#10155);
#10151 = CIRCLE('',#10152,0.34);
#10152 = AXIS2_PLACEMENT_2D('',#10153,#10154);
#10153 = CARTESIAN_POINT('',(0.,0.));
#10154 = DIRECTION('',(1.,0.));
#10155 = ( GEOMETRIC_REPRESENTATION_CONTEXT(2)
PARAMETRIC_REPRESENTATION_CONTEXT() REPRESENTATION_CONTEXT('2D SPACE',''
  ) );
#10156 = ORIENTED_EDGE('',*,*,#10107,.T.);
#10157 = ADVANCED_FACE('',(#10158),#10095,.T.);
#10158 = FACE_BOUND('',#10159,.T.);
#10159 = EDGE_LOOP('',(#10160));
#10160 = ORIENTED_EDGE('',*,*,#10073,.T.);
#10161 = ADVANCED_FACE('',(#10162),#10145,.F.);
#10162 = FACE_BOUND('',#10163,.T.);
#10163 = EDGE_LOOP('',(#10164));
#10164 = ORIENTED_EDGE('',*,*,#10130,.F.);
#10165 = ( GEOMETRIC_REPRESENTATION_CONTEXT(3)
GLOBAL_UNCERTAINTY_ASSIGNED_CONTEXT((#10169))
GLOBAL_UNIT_ASSIGNED_CONTEXT((#10166,#10167,#10168))
REPRESENTATION_CONTEXT('Context #1',
  '3D Context with UNIT and UNCERTAINTY') );
#10166 = ( LENGTH_UNIT() NAMED_UNIT(*) SI_UNIT(.MILLI.,.METRE.) );
#10167 = ( NAMED_UNIT(*) PLANE_ANGLE_UNIT() SI_UNIT($,.RADIAN.) );
#10168 = ( NAMED_UNIT(*) SI_UNIT($,.STERADIAN.) SOLID_ANGLE_UNIT() );
#10169 = UNCERTAINTY_MEASURE_WITH_UNIT(LENGTH_MEASURE(1.E-07),#10166,
  'distance_accuracy_value','confusion accuracy');
#10170 = CONTEXT_DEPENDENT_SHAPE_REPRESENTATION(#10171,#10173);
#10171 = ( REPRESENTATION_RELATIONSHIP('','',#10066,#10)
REPRESENTATION_RELATIONSHIP_WITH_TRANSFORMATION(#10172)
SHAPE_REPRESENTATION_RELATIONSHIP() );
#10172 = ITEM_DEFINED_TRANSFORMATION('','',#11,#239);
#10173 = PRODUCT_DEFINITION_SHAPE('Placement','Placement of an item',
  #10174);
#10174 = NEXT_ASSEMBLY_USAGE_OCCURRENCE('57','','',#5,#10061,$);
#10175 = PRODUCT_RELATED_PRODUCT_CATEGORY('part',$,(#10063));
ENDSEC;
END-ISO-10303-21;
